group	log2_clip	log2_rden	aag_like_per_kb
functional_target	5.336283387864432	1.382783300274217	14.948859166011015
functional_target	5.308885057411763	0.2502902207987055	9.91501416430595
functional_target	4.731319031025064	0.4240585443911443	15.060240963855422
functional_target	4.472487771462744	0.534429766702163	8.066487411390858
functional_target	4.3972162221916	0.3410369178350669	7.84313725490196
functional_target	4.371098536456032	0.246416068201196	7.838014369693012
functional_target	4.339018289115799	0.5133217107333651	7.716561566544971
functional_target	4.286304185156641	0.2276867210059609	8.617657404150545
functional_target	4.268488835925902	1.450376460353516	9.158198469451763
functional_target	4.205904298547879	1.4033556942312084	9.110233829334954
functional_target	4.1614634226941165	1.4506424500035673	9.773976786805132
functional_target	4.11150831521699	0.5051900819916716	12.82316442605998
functional_target	4.109654210196034	0.3378986569971729	10.297482837528603
functional_target	4.07848843633486	0.1516130795619404	17.906884202148827
functional_target	4.051086630149981	0.2215439806222379	11.273209549071618
functional_target	4.017708586240126	0.4099975902476514	10.66840844763771
functional_target	4.0	0.4545658634654811	6.98856416772554
functional_target	3.997292407636508	0.1427142351891459	8.732593816379515
functional_target	3.994686200103532	0.6733608575687018	6.986190089358246
functional_target	3.985500430304885	0.5449543449010577	8.253094910591471
functional_target	3.971096051876544	0.765726258998215	12.164579606440071
functional_target	3.9572955490457615	0.459431618637297	8.15042998331408
functional_target	3.935525686014167	0.18528738630902	9.099616858237548
functional_target	3.908026128953949	0.3115755016374635	8.759385055416518
functional_target	3.906890595608519	0.0940683243609084	10.331314570716067
functional_target	3.902389203373578	0.0210864081493215	10.065211227672243
functional_target	3.876516946565	0.4236943614092959	8.321557544355473
functional_target	3.874469117916141	0.1084549912394364	8.684324793747287
functional_target	3.8730428251248457	0.1856923173006286	8.45532559313478
functional_target	3.8602752363333854	0.1781108409949119	9.555246699096594
functional_target	3.858265242008777	0.0849054252296935	7.123287671232877
functional_target	3.852584176050602	0.1760756240400956	25.84070796460177
functional_target	3.8341113803	0.5619325642908815	12.144870960746042
functional_target	3.828763815116632	0.1022644336624983	9.560229445506693
functional_target	3.8271634031377846	0.4025465550956469	8.331229487503155
functional_target	3.813781191217037	0.2618071024497913	11.558219178082192
functional_target	3.7888140077121135	0.0051617051157787	7.976071784646061
functional_target	3.786239182801424	0.1574308829599796	16.745655608214847
functional_target	3.781908371086279	0.0433634417662727	10.115378536431168
functional_target	3.766177515382693	0.2441630440076672	10.42128603104213
functional_target	3.758991900496205	0.5892553265394199	10.018785222291797
functional_target	3.7495342676692616	0.0749620576812219	10.569456427955137
functional_target	3.7287450873612378	0.8080292361810693	8.028545941123996
functional_target	3.727920454563199	0.0835522367306346	12.07729468599034
functional_target	3.723219586797385	0.1149643633766902	12.338248570568764
functional_target	3.684498174272071	0.6666962349403197	13.117017604418365
functional_target	3.678071905112638	0.1244316858090556	6.885758998435055
functional_target	3.6767549766406464	0.3637600325569008	7.538712306438468
functional_target	3.675941167614312	0.2679156089507419	7.792485055508113
functional_target	3.669437068884693	0.3959585273072381	7.842482896712832
functional_target	3.663755747212429	0.0598429790166171	8.700834326579262
functional_target	3.662430186009765	0.1977679525960604	11.103065411537534
functional_target	3.658653191702805	0.0137686323652132	7.501172058134084
functional_target	3.656156393790941	0.1253134192493033	16.993065609997714
functional_target	3.648193262092465	0.0491679779011268	5.445140212360468
functional_target	3.642534031404298	0.0605595682247723	9.048821548821548
functional_target	3.6244908649077936	0.7916008507430519	7.132667617689016
functional_target	3.6104975928282936	0.5637754890610202	8.66377874041986
functional_target	3.606657571820475	0.359090993976564	8.982035928143713
functional_target	3.603341030036011	1.036227001096386	11.562407352505188
functional_target	3.587822154860397	0.3716514003455342	11.222853811397757
functional_target	3.586238206030992	0.1747511663922602	8.742331288343559
functional_target	3.578530501476624	0.4227276147126645	9.677865339416565
functional_target	3.5732806956735206	0.2083285137436588	6.7535731113554265
functional_target	3.5664769298759778	0.0737129914815191	10.683760683760685
functional_target	3.5654617814530285	0.422431445668352	12.269938650306749
functional_target	3.557717664530274	0.2807921473492122	9.082892416225748
functional_target	3.547777580387507	0.3975312826586696	7.797537619699042
functional_target	3.5290060947471407	0.7480850903762005	9.21409214092141
functional_target	3.518467088934249	0.233556357615498	6.247703050349137
functional_target	3.5116953687293173	0.0964715413387799	10.04823151125402
functional_target	3.5034388008763897	0.0903513192460772	11.65222587391694
functional_target	3.503112634186552	0.433690073068088	5.64596479574892
functional_target	3.5016841056893684	0.2239351409775199	10.569797108492285
functional_target	3.50154896019534	0.0038395795946987	7.328990228013029
functional_target	3.497455065092164	0.1633491259373982	11.27129750982962
functional_target	3.4808052694298643	0.6150375600043129	8.769762845849803
functional_target	3.4770471615542684	0.6892376242352011	10.740531373657436
functional_target	3.472304699951694	0.270250465935477	6.054131054131053
functional_target	3.471305718925589	1.7211524267913865	8.125819134993446
functional_target	3.4688439429746376	0.0553767570363733	8.04976216611782
functional_target	3.4686383827539244	0.2669122636460395	10.652463382157125
functional_target	3.466378799192769	0.0137969198918284	10.952380952380953
functional_target	3.465527269732537	0.1721238874424516	9.47867298578199
functional_target	3.4594316186372973	0.8340228725196842	8.016032064128256
functional_target	3.4461154173336093	0.2644266647877369	8.939455505891914
functional_target	3.437736547537978	0.3609953711611801	12.209648600357356
functional_target	3.4344708741937056	0.3430469425989264	7.594250067805804
functional_target	3.432096330138476	0.004265051138673	7.275372862859221
functional_target	3.4195388915137843	1.823215576966896	11.068211068211069
functional_target	3.4195388915137843	0.2177958993770176	11.12080244221544
functional_target	3.415037499278844	0.4813014726816493	11.370436864153202
functional_target	3.401250547548768	0.6606984057504843	15.508328546812177
functional_target	3.39231742277876	0.2293609349827927	6.944444444444444
functional_target	3.388049861016395	0.3191851872801107	7.521938988717092
functional_target	3.380540255002406	0.1846929545520029	10.813594232749743
functional_target	3.372292312063901	0.1528269222778938	10.37117903930131
functional_target	3.3681511116480083	0.4783610130615583	7.187780772686433
functional_target	3.360063223774133	0.6032154648599708	9.109023626530032
functional_target	3.355480654598389	1.3833286395515056	9.838998211091235
functional_target	3.35416459981958	0.1164332522085418	7.381082558775287
functional_target	3.347923303420307	0.0240902313497396	12.548440671710647
functional_target	3.3419195700748285	0.0335329217984282	10.894495412844035
functional_target	3.3407553653497866	0.2762218380661181	11.210762331838565
functional_target	3.334877708921571	0.2751308312450822	9.514944668528283
functional_target	3.3291235962915664	0.6284222498659817	12.565445026178011
functional_target	3.3278046612240315	0.7761937260995042	8.550185873605948
functional_target	3.3149795201501897	0.1885319149449868	9.68783638320775
functional_target	3.308752706139629	0.5020822286465612	13.716814159292037
functional_target	3.308122295362332	0.64419381543832	10.197144799456153
functional_target	3.301989247834032	0.7743041803851178	8.034934497816595
functional_target	3.2989138609714592	0.2341248390465832	8.655510675129833
functional_target	3.297882620920712	0.1377739961362175	8.654797230464885
functional_target	3.2963581882906445	0.3140038828320036	6.454388984509467
functional_target	3.2919155258209227	0.5442546051270636	7.072135785007072
functional_target	3.2885694979409315	0.7724527320407101	14.738489630885612
functional_target	3.286066596051465	0.52793361882139	6.3395163183845975
functional_target	3.283663283604583	0.0848145797200006	7.928517493078279
functional_target	3.278535499373982	0.7269324935149366	8.958195089581952
functional_target	3.2747941192962675	0.3883541201008709	9.58256760304542
functional_target	3.268488835925902	0.6087186239737643	6.185567010309278
functional_target	3.2673541956465053	0.1472034726635581	8.22143052891203
functional_target	3.263034405833794	0.2857544823338772	8.88642043876701
functional_target	3.261788939235357	0.2267708618470222	6.863417982155114
functional_target	3.25334100962995	0.3289041196743393	7.177033492822967
functional_target	3.252387161634285	0.6533494757014066	10.21679541490157
functional_target	3.25191837363962	0.1520030934450497	8.858720662678325
functional_target	3.249560691657566	0.3482874607614496	9.679649688868404
functional_target	3.2479275134435857	0.1077020113196928	8.66377874041986
functional_target	3.2374677417985462	0.5280506767472988	8.143322475570033
functional_target	3.231693640923062	0.2854268168537218	11.219974715549938
functional_target	3.230932601792196	0.4898681799066686	7.186858316221766
functional_target	3.227068908545921	0.4888154254183915	7.164790174002047
functional_target	3.226006207707953	0.3862145936985869	12.802275960170697
functional_target	3.220729372113804	0.4104840129920096	13.224535734383792
functional_target	3.219678036639412	0.5627567063397234	9.537434430138292
functional_target	3.217591435072627	0.2563091127084163	11.115160349854229
functional_target	3.2088140148359074	0.233374766333005	10.41264944080216
functional_target	3.1967132121566206	0.0744589922004448	12.86587327114828
functional_target	3.189711722541785	0.0462508422929926	9.024252679075015
functional_target	3.17645304443981	0.0906845687217618	10.046645138141372
functional_target	3.1753588874929406	0.0620182661365704	9.333333333333334
functional_target	3.171030091531496	0.3181561638874902	10.263427984946972
functional_target	3.169925001442312	0.8744691179161412	5.541445393673516
functional_target	3.169925001442312	0.2079118345957064	13.392857142857142
functional_target	3.1670075180600183	0.6751950986486477	10.944260626113516
functional_target	3.1661748172643804	0.0929901770378098	7.818608287724785
functional_target	3.1659286137320173	0.2121202006768701	8.290155440414507
functional_target	3.160464672193246	0.4953594712726355	9.210526315789473
functional_target	3.159780444036769	0.3923863791491744	6.049606775559589
functional_target	3.1545278964838093	0.2212277449101109	12.925598991172762
functional_target	3.1530207652045075	0.0799133784662867	8.596783139212423
functional_target	3.1522501091191213	0.4651958003368147	9.828009828009828
functional_target	3.146239471190623	0.0077069261183562	9.80761976612599
functional_target	3.145677455195635	0.0158605764705787	9.95732574679943
functional_target	3.14212654909874	0.3536474071466309	8.422350041084634
functional_target	3.1365543475493163	0.0849271912610402	8.688569101276133
functional_target	3.133904574685344	0.0198710108763028	5.687802822835475
functional_target	3.133694127394356	0.0799394550116922	5.283790693710585
functional_target	3.121463512485667	0.6668109439876182	7.523148148148148
functional_target	3.114350111861914	0.1093376065334664	8.763388510223955
functional_target	3.114171019919311	0.664659603321964	13.033175355450236
functional_target	3.1123210248662483	0.0885306155690777	9.026687598116167
functional_target	3.110053545464914	0.434968868812456	10.09736747205193
functional_target	3.10827845199611	0.282189791357299	7.341772151898734
functional_target	3.106940215749644	0.5411026139334764	8.428657435279952
functional_target	3.100401896957837	0.2135711401459412	10.1164344340523
functional_target	3.098032082960527	0.0771678605224599	14.03061224489796
functional_target	3.096861539252589	0.7503402719396024	6.798866855524079
functional_target	3.096261853058404	0.1541026401568564	6.968641114982578
functional_target	3.0895312215915687	0.5488087314379076	16.311166875784192
functional_target	3.088416059019334	0.1436626070116796	11.647254575707157
functional_target	3.083487103175499	0.1336339748398814	12.379023182534324
functional_target	3.078771880986295	0.0597582935083933	7.348242811501597
functional_target	3.076102979085792	0.4555909178262625	11.795543905635649
functional_target	3.074887211630992	0.1605410598268054	8.480736612551489
functional_target	3.0729450327951544	0.8611230926684036	5.240828550037435
functional_target	3.069485100321284	0.1253616609188196	11.129144447020634
functional_target	3.068577227158128	0.0398815071744455	9.393831974477136
functional_target	3.0661275727668107	0.3733895599764918	11.58996286710926
functional_target	3.0657677701510204	0.0966149685044546	6.414825374198148
functional_target	3.0630097975258006	0.7036069972197752	5.754475703324808
functional_target	3.047680976853796	0.2988635209176413	17.776228651097945
functional_target	3.037954351361205	0.1459002656373157	8.722741433021806
functional_target	3.0370893187352204	0.0551415541924611	5.05514705882353
functional_target	3.0369265689983576	0.1390625930090558	8.547008547008549
functional_target	3.035623909730721	0.0306967972229164	7.557864903164856
functional_target	3.031026895620625	0.3808635148523343	12.351778656126482
functional_target	3.0255350921071376	0.0639117638201928	8.088070096607504
functional_target	3.024946357130231	0.1132623106823947	10.127016821146585
functional_target	3.021695071099319	0.2204908009671657	9.444048467569491
functional_target	3.0170045162503945	0.1056950019176128	9.079821113972084
functional_target	3.0166787411466305	0.0285225141023107	7.544414699440253
functional_target	3.016551176263848	1.5563067842249771	10.364886303543098
functional_target	3.0144138332209818	0.2380798116679224	9.931245225362872
functional_target	3.013355660663067	0.085619150692262	9.48081264108352
functional_target	3.01097870773707	0.0737929097807019	13.53637901861252
functional_target	3.0093378645793365	0.657765528257579	11.663458271996376
functional_target	3.002630256044672	0.62470517324693	14.711575687185444
functional_target	3.0	1.2382783067482226	11.867088607594935
functional_target	3.0	1.0626119772996785	11.560693641618496
functional_target	3.0	0.5245266468591822	7.43653303701171
functional_target	2.9951958162702224	0.4516311965877627	11.387900355871889
functional_target	2.9912119827300154	0.9545409992048784	8.24130542277897
functional_target	2.984893107609792	0.9055757402666847	11.149228130360203
functional_target	2.9828188402375	0.2438063973845955	7.96340223652999
functional_target	2.9827220085681647	0.0551286652572134	12.443438914027148
functional_target	2.982441628615695	1.0470148195175892	8.786127167630058
functional_target	2.963995046544506	0.2984954004222395	9.529860228716643
functional_target	2.954057382654004	0.0859674915905962	8.562793821356616
functional_target	2.950312875899648	0.0406419844973457	12.646993565564678
functional_target	2.9385994553358565	1.584962500721156	9.7392397109645
functional_target	2.9385994553358565	0.3548663496962445	9.39745715865119
functional_target	2.9344865471596333	0.0187917840075284	9.989484752891691
functional_target	2.927908376877601	0.1190648822727441	8.874489364699253
functional_target	2.92768579518411	0.0478502815314305	14.573991031390134
functional_target	2.922543859920004	0.3884350650101875	7.315798641351681
functional_target	2.915864664739781	0.3685985555018156	7.883326763894364
functional_target	2.913195172462727	0.0127495848753314	10.705057216685123
functional_target	2.91058507916626	0.1131974467933271	6.508422664624809
functional_target	2.90587782263545	0.6302829132521262	9.898477157360404
functional_target	2.9009899941688344	0.1699250014423123	5.51301684532925
functional_target	2.899473124046036	0.8724499502794889	6.426440211154464
functional_target	2.893084796083488	0.014744534847115	9.252405625462622
functional_target	2.886395128460982	0.4044829968011104	9.25524222704266
functional_target	2.8796905118554976	0.1771477559107356	5.793369810106212
functional_target	2.877317480225172	0.1597966031649206	12.669962917181705
functional_target	2.877317480225172	0.1099176920780352	11.838989739542226
functional_target	2.8707169830550336	0.4456258191122668	8.604126639378498
functional_target	2.8692963083554064	0.2567516313422472	9.43084050297816
functional_target	2.86488521563354	0.3581256428076381	8.620689655172413
functional_target	2.862496476250065	0.222392421336448	14.438063986874488
functional_target	2.858261396877865	0.1074450136819653	11.368909512761022
functional_target	2.8533095554036745	0.4828723067363079	8.251775091153329
functional_target	2.8529252376200267	0.2266571704082421	6.369426751592357
functional_target	2.8451116085855648	0.3726945216403687	7.937257866389492
functional_target	2.8422087541935426	0.0128018363384543	7.911936704506364
functional_target	2.8413428229963373	0.1977787710898569	9.773806199385646
functional_target	2.8337062490045564	0.4739311883324125	6.02990834539315
functional_target	2.83094174237522	0.4187063592955812	13.47068145800317
functional_target	2.825502268767864	0.3062925066486782	16.63133865970977
functional_target	2.809945039523312	0.2272981965042387	5.544207761890867
functional_target	2.807354922057604	0.5670405927238937	9.33786078098472
functional_target	2.807354922057604	0.5178483048626192	12.658227848101266
functional_target	2.807354922057604	0.200258262052271	12.006861063464836
functional_target	2.804965694284014	0.1636510070190636	8.434370057986294
functional_target	2.801940071308774	0.2546260882870667	4.7038071439071
functional_target	2.8014331280443665	0.2528711544142921	11.868940153794718
functional_target	2.801316005576264	0.3381866797511526	9.261608728749048
functional_target	2.79726610443402	0.3673118915117768	10.458567980691877
functional_target	2.795834568746145	0.0714450683637743	8.970466464256143
functional_target	2.7930706960513567	0.5338026443098111	6.865592817533668
functional_target	2.790431619021136	0.2651267847950337	13.121372697451426
functional_target	2.7884958948062883	1.777607578663552	7.171811661989398
functional_target	2.7884958948062883	1.2233642604037729	14.228886168910648
functional_target	2.787455364619899	0.1835749497559516	9.437751004016064
functional_target	2.779231321143216	0.6401040549136172	11.599210266535044
functional_target	2.7759052834325515	0.1344709264370734	17.184401850627893
functional_target	2.771992979166126	0.1570304660116076	6.714876033057852
functional_target	2.7701773731880635	0.2085464487483468	12.338648443432042
functional_target	2.765534746362977	0.1351234682036129	10.525056811386197
functional_target	2.761422548687941	0.0728614775104493	6.966213862765587
functional_target	2.7593334071946605	0.7692053444389606	8.888481627416843
functional_target	2.758991900496205	0.3385109790829665	0.0
functional_target	2.758027209694036	0.5410679967886708	11.240908089045623
functional_target	2.758027209694036	0.3247971047989396	12.382367508667656
functional_target	2.7575043993817774	0.3557629400344844	13.462347496844762
functional_target	2.757429696725922	0.6100211983215791	9.272267490868222
functional_target	2.753981571181808	0.0370620942215448	9.16774101131643
functional_target	2.750139660795444	0.0020272177341503	6.768189509306261
functional_target	2.74730457378031	0.0828826364139369	8.065871282137456
functional_target	2.744742944757925	1.2128112076731428	10.14957264957265
functional_target	2.741466986401147	0.1003868515980034	7.000350017500875
functional_target	2.73973734341626	0.5166180728424467	6.139882541377469
functional_target	2.738041830725545	0.2238779492256106	8.955223880597016
functional_target	2.7347096202258383	0.0197833795996816	6.202924235711121
functional_target	2.7325354417464376	0.1890021563048057	9.201840368073617
functional_target	2.731624745712573	0.0524846479336035	9.305417082087072
functional_target	2.731319031025064	0.2492286063087631	9.015506671474938
functional_target	2.7293091203307074	0.1809474263931263	12.041284403669726
functional_target	2.7237371021971515	0.2353391910589076	13.727764887857695
functional_target	2.7188182474559466	0.2604091946678887	8.355964069354501
functional_target	2.7188182474559466	0.0935528377226793	7.655231074567621
functional_target	2.716874176226737	0.5530473206443939	10.201107548819586
functional_target	2.7157928512810154	0.0465692903018479	7.431874483897605
functional_target	2.713695814843359	0.0896113078289161	16.480446927374302
functional_target	2.708951217996609	1.5703157247567547	12.239020878329733
functional_target	2.70346868217812	0.0472720537040888	5.84144645340751
functional_target	2.702940779225536	0.0674821977735696	10.431654676258994
functional_target	2.693629186024199	0.2734188879815991	6.878480183426138
functional_target	2.6898048665786543	0.380142708832658	10.270455323519345
functional_target	2.689196554295609	0.2127787109297799	8.77652606759235
functional_target	2.68805599368526	2.461707932709501	8.386508659981768
functional_target	2.685891409571937	0.3821238285771635	6.490264603095357
functional_target	2.6830968190954585	0.0607317609578506	7.132132132132132
functional_target	2.678071905112638	1.0	12.94378698224852
functional_target	2.678071905112638	0.1471536937836543	6.730137885751806
functional_target	2.676110388779352	0.1842328381261956	6.018657839301835
functional_target	2.6756401683503728	0.0981021110550431	8.62663906142167
functional_target	2.672425341971496	0.5518947990354929	8.424080542428602
functional_target	2.662965012722429	0.4983759453019569	10.861694424330196
functional_target	2.6578940231750074	0.1198080685771754	12.21001221001221
functional_target	2.657112286476992	0.1331844546272941	10.901304263188631
functional_target	2.6565157617461903	0.5012127946687228	9.653508015859334
functional_target	2.6549500196583096	0.4769336764939355	8.209338122113904
functional_target	2.647698256069119	0.3005921440605883	11.554621848739496
functional_target	2.6472467789754988	0.1099801127903305	7.164790174002047
functional_target	2.6412699416231105	0.1034503175721707	9.234507897934384
functional_target	2.63974789547248	0.1401148434171024	5.8248387767838565
functional_target	2.638112207239921	0.0879351549804225	10.06336190831159
functional_target	2.634206019741005	1.7531238220308063	8.290564547966838
functional_target	2.627703101227096	0.105987087502827	6.976744186046512
functional_target	2.6244908649077936	0.2330396655359565	6.0521415270018615
functional_target	2.6237261179824447	0.063852626067694	8.956796628029505
functional_target	2.622895524664828	0.0334309192866058	7.327419976860779
functional_target	2.6214883767462704	0.1789701410453196	7.259528130671506
functional_target	2.6198962908305434	0.0876146479575758	10.2607952116289
functional_target	2.6190899612511376	0.476646756465211	9.305210918114144
functional_target	2.6189098326444937	0.1232417114863081	9.4407094836218
functional_target	2.611551809200296	0.2473037087794567	8.686210640608035
functional_target	2.6107255967862377	0.5858996199752095	4.113533525298231
functional_target	2.606657571820475	0.3373071682124199	11.081706913661924
functional_target	2.6054266032808715	0.4090137116510738	5.597964376590331
functional_target	2.604862058158861	0.1708803998968893	13.058001822046766
functional_target	2.599037685932879	0.6837855563070314	8.94308943089431
functional_target	2.5968505789194967	0.0775870006694275	7.503862282056941
functional_target	2.593840652067609	0.2693869857669383	13.225127742711152
functional_target	2.5920172582551064	0.1346495266947818	7.396753647010479
functional_target	2.5905958348638443	0.3228993773262108	11.356622639180348
functional_target	2.5873892381156964	0.2056363017352733	8.754208754208754
functional_target	2.5872333890239503	0.3490860639433647	9.48415452232246
functional_target	2.584962500721156	0.2421854360489814	9.81485612313183
functional_target	2.582768287308244	0.0948964319073254	10.845986984815616
functional_target	2.5806235649968188	0.1750597788435263	7.695789950203713
functional_target	2.5786209738473294	0.4642451076772565	9.394572025052192
functional_target	2.577873075934837	0.6086480309728454	9.820270520659626
functional_target	2.577657700097923	0.3087672622547656	6.4034151547492
functional_target	2.573850545600932	0.2881309104848074	5.38160469667319
functional_target	2.5734668618833267	1.4790290559720911	10.025062656641603
functional_target	2.5724715565379594	0.4753487810520636	9.824352485858888
functional_target	2.572251448971602	0.1437354774614493	9.046052631578949
functional_target	2.5707486415014555	0.6374299206152916	9.003939223410242
functional_target	2.5707486415014555	0.2118745494224487	7.774538386783284
functional_target	2.569815956967291	0.1007558921851871	8.635578583765112
functional_target	2.56743257616358	0.2318015618411024	11.50817686250757
functional_target	2.5667435366939526	0.350935378901305	6.519558676028084
functional_target	2.5663468225538093	0.2067982637057744	9.432527004411988
functional_target	2.565439942456337	0.8817273942939937	10.982768415072904
functional_target	2.5653336939722235	0.3369127198050715	9.863785814936591
functional_target	2.5649373900062966	0.1925551203404406	8.658008658008658
functional_target	2.563497991532559	0.2600003457441605	10.918432883750802
functional_target	2.5611943347882065	0.6761964981401622	9.821428571428571
functional_target	2.5594274086140185	0.7537646091100324	10.597302504816955
functional_target	2.5527299934974343	0.0028870296290519	6.605850896508336
functional_target	2.548436624696042	0.4106678996510794	8.522727272727272
functional_target	2.546743178490666	0.3274876202292628	10.993843447669306
functional_target	2.543031820255238	0.1853223862360022	7.096575131132366
functional_target	2.5430165323674268	0.1523529851760291	11.889035667107
functional_target	2.5405683813627027	0.2801079191927352	9.850651414045124
functional_target	2.540154705362481	0.145119193741379	8.719778042013475
functional_target	2.540050078845582	0.3668925399868966	19.63584434130668
functional_target	2.533218925627158	0.0542695204975203	10.641835716661124
functional_target	2.531080812464681	0.1435797962845853	10.404624277456648
functional_target	2.5299483987166744	0.2119602212395246	8.787878787878787
functional_target	2.52420846964206	0.0746212872414948	8.09299587992937
functional_target	2.523561956057013	0.4962495086378825	10.443199184921038
functional_target	2.521236903110769	0.516790998079577	5.77240241891149
functional_target	2.51937415909358	0.439438842768979	10.24590163934426
functional_target	2.516575525740906	0.3439544012173612	9.821115398105928
functional_target	2.5130695822393703	0.4987125179204665	8.56870834655665
functional_target	2.5124500009367883	0.2334901302197785	8.563273073263558
functional_target	2.512030978267305	0.0734265121136007	8.630393996247655
functional_target	2.50787852025575	0.1466809670093699	10.058966354491847
functional_target	2.5032511576374064	0.0723338979365046	9.389671361502348
functional_target	2.5014956782038413	0.2994061207149976	8.537886872998934
functional_target	2.499232626695272	0.2556548754681961	14.973958333333334
functional_target	2.4988058569714418	0.1031559892296113	8.550889141127506
functional_target	2.496425826119499	0.1633980943531615	7.352941176470588
functional_target	2.4916257033051847	0.0028293694906745	11.00975149418056
functional_target	2.487966174245515	0.1406280040526307	9.053870529651425
functional_target	2.486499861835468	0.2827976606552238	11.669203450025368
functional_target	2.483628329067944	0.328667298630498	10.857763300760045
functional_target	2.4788974412257616	0.0980397479443402	4.395604395604396
functional_target	2.476214837469131	0.0997153702617265	8.088235294117649
functional_target	2.473317144892248	0.2559946102134744	9.754610577655846
functional_target	2.471053197840743	0.0626113537127806	12.244897959183673
functional_target	2.4695200399183217	0.454443645610589	13.145756457564575
functional_target	2.468520592499051	0.2405407854832768	12.181616832779625
functional_target	2.466318004222537	0.2799095315133629	10.425020048115478
functional_target	2.4652062562639325	0.0514833412491497	8.902077151335313
functional_target	2.464962724610526	0.6609113539544546	4.625905068382945
functional_target	2.464774939711607	0.1019629465847754	11.9442601194426
functional_target	2.4620009782494305	0.4550435721992129	8.084437457893555
functional_target	2.456305517650578	0.3677991356380027	11.93274272283493
functional_target	2.452126818014064	0.190141717440036	18.808777429467085
functional_target	2.448758117122845	0.2501575365976036	10.869565217391305
functional_target	2.445524420810223	0.065335579114044	8.65693791738808
functional_target	2.442397632794308	0.3056771677302079	9.339080459770116
functional_target	2.441837558622559	0.6988304652794352	10.738831615120274
functional_target	2.441688796502311	0.0287802750994618	9.313154831199068
functional_target	2.441649229526164	0.2706315199129714	4.484304932735426
functional_target	2.441598325549979	0.4533878690451955	12.080536912751676
functional_target	2.439357178474257	0.0697526045952129	8.91583452211127
functional_target	2.4329594072761065	0.3890422907458993	9.760858955588091
functional_target	2.432533582290462	0.2364837805313756	8.956796628029505
functional_target	2.430773545670004	0.0727718632791396	8.772748483434437
functional_target	2.4226373151370044	0.4369248130774396	9.162636803257827
functional_target	2.4216662377447475	0.3500980602670682	8.103130755064457
functional_target	2.420491929370952	0.9029616490502854	5.668398677373642
functional_target	2.420331798948357	0.6374299206152918	18.24500434404865
functional_target	2.418952549282227	0.4136055437857121	8.763388510223955
functional_target	2.4141409141770342	0.0647767543831141	9.02583255524432
functional_target	2.4123830458328657	0.1265258932357911	9.172259507829978
functional_target	2.41119543298445	0.24669407955856	7.096069868995634
functional_target	2.410110818198917	0.0733914638324952	9.056078021595262
functional_target	2.407906402465659	0.1787001296145039	8.21762538962879
functional_target	2.402098443571345	0.0478274192818678	5.756857433118863
functional_target	2.4008794362821844	0.4843179899117276	13.019218846869189
functional_target	2.400340988072142	0.145872621155589	9.272816007808688
high_clip_target	8.038918989292302	-0.7851178293700074	37.7867746288799
high_clip_target	6.484605732406859	-1.2782642442621954	11.151495126383612
high_clip_target	5.824875021100622	-0.7879782060391111	7.659073055773763
high_clip_target	5.461457443075937	-0.2320260842679759	9.154550350026923
high_clip_target	5.15094189807474	-1.6346421032436729	20.535714285714285
high_clip_target	4.820733951858804	-0.0142802984672607	10.439970171513796
high_clip_target	4.762658867846978	-1.147557188413858	12.04365826119684
high_clip_target	4.714842783268066	-1.3463839835935316	26.923076923076923
high_clip_target	4.639039173476949	-0.4771892519999956	11.15760111576011
high_clip_target	4.363404730863522	-0.0554951125917035	7.187643370545954
high_clip_target	4.305184831052786	-1.13554365766925	9.294320137693632
high_clip_target	4.186998514801254	-0.0905233672703082	10.741791649777058
high_clip_target	4.1620842482251295	-0.2504263873384074	13.714285714285714
high_clip_target	4.15634084616654	-0.0212472177635517	13.314646110721794
high_clip_target	4.140837422561797	-0.1771661274342487	25.646743978590543
high_clip_target	4.100264123473429	-0.3407559235232495	8.43720038350911
high_clip_target	4.093354406521796	-0.1178482675481353	7.483629560336763
high_clip_target	4.0740005814437765	-0.5943611987234058	4.68384074941452
high_clip_target	4.059418210070395	-0.135208596372665	10.59642749016046
high_clip_target	4.059200612794943	-0.141116235865796	7.2
high_clip_target	4.047778500637383	-0.2337727118640828	8.860759493670887
high_clip_target	3.94251450533924	-0.2717773293868586	12.040816326530612
high_clip_target	3.933708321290817	-1.048324447343381	34.93834409864944
high_clip_target	3.908225806292338	-1.2993422193653712	10.375494071146246
high_clip_target	3.8906847039630006	-0.9042229274660868	10.395680554436296
high_clip_target	3.886317055646	-0.5910430392115498	9.4478889873044
high_clip_target	3.877744249949002	-0.222392421336448	23.400936037441497
high_clip_target	3.874469117916141	-0.0486586860856204	9.09090909090909
high_clip_target	3.856742492401272	-0.6914844988477804	8.422664624808576
high_clip_target	3.826548487290915	-0.4214637684382767	7.917308115240818
high_clip_target	3.8253350983979706	-0.3701003878980369	8.698803914461761
high_clip_target	3.823122237915921	-0.7858751946471527	10.56665118439387
high_clip_target	3.82155323826058	-0.922883256278824	10.483190745872998
high_clip_target	3.800726908680498	-0.580042192638785	13.226998638397198
high_clip_target	3.786205667446336	-0.1951258984859327	12.615643397813288
high_clip_target	3.773974181074813	-0.3445872885948911	14.686248331108144
high_clip_target	3.771985296981641	-0.1461550572714673	6.852444038373687
high_clip_target	3.765534746362977	-0.8194277543581792	10.279840091376355
high_clip_target	3.7637656535099215	-0.1994967620842369	10.082644628099173
high_clip_target	3.7568312960533263	-0.1341749657811552	9.19348098620978
high_clip_target	3.740924667409877	-0.9252835205623712	19.08957415565345
high_clip_target	3.7355977216441936	-0.1673656372015612	10.395571756446603
high_clip_target	3.7089512179966095	-1.4459693588307347	8.9736399326977
high_clip_target	3.7089512179966095	-0.8048290473985762	6.313744536182613
high_clip_target	3.69776954332576	-0.234951041880265	10.062290368950649
high_clip_target	3.695535367670074	-0.7348180413430243	32.31939163498099
high_clip_target	3.689616072193176	-0.226411316437066	8.904719501335707
high_clip_target	3.6823196241361154	-0.4590141147144316	12.342292923752057
high_clip_target	3.672425341971496	-0.3941115302098227	9.221311475409836
high_clip_target	3.665706910996384	-0.3058175372920773	11.37357830271216
high_clip_target	3.646564750389597	-0.3283527441777698	21.46690518783542
high_clip_target	3.6446153032049664	-0.5194079462583228	13.882461823229988
high_clip_target	3.637659923810819	-1.3043752012146934	6.824712643678161
high_clip_target	3.635588573791124	-1.3074285251922473	7.97735460627895
high_clip_target	3.6322682154995127	-0.91380098143829	12.224938875305623
high_clip_target	3.6244908649077936	-0.8842630948751259	8.770220229974663
high_clip_target	3.6169728956237774	-0.9572239437021574	18.437225636523262
high_clip_target	3.613504081369811	-0.0145145931705127	11.96070055531824
high_clip_target	3.610053481683986	-0.0351038009559159	4.188481675392671
high_clip_target	3.607056271571773	-0.0970986881050813	8.19851333624836
high_clip_target	3.592698149500761	-0.1526319606956532	8.903586873569067
high_clip_target	3.587723640398213	-0.0640353316883394	8.078231292517007
high_clip_target	3.587518205624913	-0.6422586470525631	13.359336908824964
high_clip_target	3.584962500721156	-0.8858579932638831	5.472455308281648
high_clip_target	3.565510138054984	-0.4212375693673977	5.903802743531863
high_clip_target	3.5550919711390185	-0.071030250585945	9.982083439979524
high_clip_target	3.55019708256048	-0.5202896539727117	11.299435028248588
high_clip_target	3.546894459887637	-0.0904972164730967	13.40140395660498
high_clip_target	3.537965021183987	-0.3345825672936341	7.618710134656272
high_clip_target	3.533163600140951	-0.0694363200129328	6.744708892162183
high_clip_target	3.520750597504054	-1.083508262004913	8.111239860950173
high_clip_target	3.515357033235289	-0.4459904276077558	11.806699615595829
high_clip_target	3.513623719000894	-0.1691038571266829	14.605120807789396
high_clip_target	3.5120619536737085	-0.2034154240754591	9.401709401709402
high_clip_target	3.5070404580866046	-0.4932168472887784	26.08695652173913
high_clip_target	3.506959988719883	-0.5344534867644732	5.51226002661091
high_clip_target	3.5025003405291835	-0.1228567477855334	7.614213197969543
high_clip_target	3.500620732900748	-0.8800901719694003	9.836612204068024
high_clip_target	3.4964761857025755	-0.5006637439749303	15.024473292189828
high_clip_target	3.49297363622359	-0.1323807615890342	13.070220399794977
high_clip_target	3.4872024520600933	-0.718071049586379	13.946711074104911
high_clip_target	3.486571369111183	-0.9879877660420104	7.406655844155844
high_clip_target	3.47554271181206	-1.022969010163179	10.824977210574293
high_clip_target	3.472708047062971	-0.1760160264724227	13.71139510117146
high_clip_target	3.470927257475126	-0.3506183963335949	8.474576271186441
high_clip_target	3.470629825242161	-0.327867549844593	24.617996604414262
high_clip_target	3.451376349017373	-0.2149799311280092	10.286081645773065
high_clip_target	3.449561374613236	-0.3874516676069442	10.171999260218236
high_clip_target	3.4448301385094138	-0.6269908424995279	18.50094876660341
high_clip_target	3.44311444140742	-0.0014228678042979	7.80331373597007
high_clip_target	3.4366397537640547	-2.318822184019541	7.988529291274069
high_clip_target	3.431122748796489	-0.4529729333710696	15.95298068849706
high_clip_target	3.4225041433776364	-0.7441508564652194	9.620935154897056
high_clip_target	3.4198009588136142	-0.1551041626214464	10.432190760059614
high_clip_target	3.40647548577542	-0.3555980288646319	9.834599910594546
high_clip_target	3.395287701313679	-0.0950129237585726	8.834665544804375
high_clip_target	3.391226538007776	-0.1331079315416702	15.052964133060769
high_clip_target	3.3877301532831083	-0.4579896444633908	16.46090534979424
high_clip_target	3.387429687869128	-0.0236051674546451	8.052028491793125
high_clip_target	3.37851162325373	-0.194107516020882	8.522727272727272
high_clip_target	3.3782990088489697	-0.4697504919656748	9.911894273127754
high_clip_target	3.3724397999648104	-0.2354457792514482	14.084507042253522
high_clip_target	3.369084039865591	-0.2515957631238386	9.717514124293784
high_clip_target	3.3665255395989657	-0.0858234131867943	8.384146341463415
high_clip_target	3.365429733523949	-0.0617923012143465	13.108142172926645
high_clip_target	3.348671050586	-1.032089232851267	14.648182055976982
high_clip_target	3.344529523824495	-0.1545380579637578	6.783369803063457
high_clip_target	3.3303896736355583	-0.6058252604503757	6.285714285714286
high_clip_target	3.3258220109918533	-1.182333305210714	9.681093394077449
high_clip_target	3.325442579063599	-0.5762360562056206	9.749303621169917
high_clip_target	3.305707742429032	-0.1816216063168931	16.003241162767143
high_clip_target	3.304334034872624	-0.5655582752903557	5.405405405405405
high_clip_target	3.3033257521026766	-0.0827800364882543	11.128165771297006
high_clip_target	3.298065142785287	-0.7879203119905482	16.317016317016318
high_clip_target	3.2965156757143483	-0.2628275826607798	9.884428223844282
high_clip_target	3.295251925790497	-0.6659552910130319	4.975124378109452
high_clip_target	3.2941831044044583	-0.6882009963886232	7.609384908053266
high_clip_target	3.286127373459516	-0.9752029451348514	8.437123342707915
high_clip_target	3.284031487128834	-0.4980575064536389	11.791680314444807
high_clip_target	3.283792966000591	-0.06990128055009	8.13871196036801
high_clip_target	3.277984747299765	-0.0350292180189494	8.496344595929658
high_clip_target	3.277148935306694	-0.6045779827057579	16.934306569343065
high_clip_target	3.27500704749987	-0.1518966960822017	9.116561753852832
high_clip_target	3.274609556096091	-0.7481682500716016	18.40030041306797
high_clip_target	3.266786540694901	-0.4916283599726676	8.647964564437883
high_clip_target	3.265803651385138	-0.055660427203892	15.420805018295871
high_clip_target	3.260412452290182	-0.1608901985005165	12.57071024512885
high_clip_target	3.259896441900426	-0.284512653405686	16.67428049337597
high_clip_target	3.2553001870728293	-0.0180339228302614	9.950248756218905
high_clip_target	3.2541380053453977	-2.145262947208044	18.82196634189548
high_clip_target	3.249873157758555	-0.0529280822374405	10.118460019743337
high_clip_target	3.2398270146724686	-0.0004088215140351	11.54639175257732
high_clip_target	3.2375696584021263	-0.0749894259197951	10.552975939214855
high_clip_target	3.23503663058867	-0.2761491339715005	14.354066985645934
high_clip_target	3.234601043089887	-0.2138409992578157	10.206591244466306
high_clip_target	3.2308197809686243	-0.1335062992658242	7.976159172583048
high_clip_target	3.229509045999106	-0.2576624211057316	7.5811419095001185
high_clip_target	3.228727522051926	-0.6864794007118372	11.273957158962796
high_clip_target	3.225985346233988	-0.4005307924149011	23.32555814728424
high_clip_target	3.2232036077738377	-0.044688432797302	8.025682182985554
high_clip_target	3.222392421336448	-0.7755670371399522	19.031141868512112
high_clip_target	3.220446777021478	-0.8491188447553655	8.156606851549755
high_clip_target	3.2145940507760407	-0.2921342838832825	13.099679014487725
high_clip_target	3.2141248053528475	-0.5095612767476947	8.345503859795535
high_clip_target	3.213284220908576	-0.3257567236806533	12.82051282051282
high_clip_target	3.2121149421406208	-0.705445464900374	18.779342723004696
high_clip_target	3.210359865841551	-0.3666794291622335	26.11275964391692
high_clip_target	3.203091865377512	-0.6244275329857014	8.311170212765957
high_clip_target	3.2017105411261326	-0.3923837261985201	9.387445476958089
high_clip_target	3.1990949203576178	-0.163261455567891	10.182042579450789
high_clip_target	3.1987798641144973	-0.3401326902649529	4.329004329004329
high_clip_target	3.198226110205696	-0.1231655046233784	10.672623479771657
high_clip_target	3.1971464701773367	-0.983511877211431	10.522055847834883
high_clip_target	3.192587717743557	-0.572044113448379	7.352941176470588
high_clip_target	3.190864339134676	-0.3585869449854242	17.44591765526867
high_clip_target	3.190736406613452	-0.267992442286172	8.321775312066574
high_clip_target	3.187385971508535	-0.1912938372246218	13.509456619633744
high_clip_target	3.1868416223160065	-0.1153134213367356	17.28957894284117
high_clip_target	3.184992449531254	-0.4652606974394948	9.983361064891849
high_clip_target	3.1794249731830395	-0.6455809474266558	11.651616661811826
high_clip_target	3.1753486733973344	-0.0501695962299349	9.826468743466444
high_clip_target	3.1730342591994347	-0.9516449883158784	44.79822288041466
high_clip_target	3.172946353417549	-0.4548122914518841	10.983524712930604
high_clip_target	3.1656929801005367	-0.1310765794854743	11.361448103215867
high_clip_target	3.162103377291292	-0.763698135126218	9.149722735674676
high_clip_target	3.160831852819788	-0.1164148240884418	7.8304928604329795
high_clip_target	3.157575350628524	-0.067179735640018	9.752438109527382
high_clip_target	3.155918143448433	-1.0	7.899854156538648
high_clip_target	3.155497930807033	-0.1049981085688027	7.356547327121138
high_clip_target	3.155396750222343	-0.4827315168041822	9.1644204851752
high_clip_target	3.1539060161475287	-0.299397807052622	12.506253126563282
high_clip_target	3.1533896337160128	-0.4197012929328234	9.931947765311753
high_clip_target	3.152395076884736	-0.9749712055084776	12.917115177610334
high_clip_target	3.15200309344505	-0.2985955910567386	9.356556787102347
high_clip_target	3.1470905025254745	-0.1843309297403922	7.518796992481203
high_clip_target	3.141192572049129	-0.7739288667700042	12.17077113245222
high_clip_target	3.1408717127930097	-0.713669664724067	9.527255185721176
high_clip_target	3.139516430884943	-0.0030221648930414	12.734584450402144
high_clip_target	3.1391863116867	-0.5790584336100625	13.595532896334062
high_clip_target	3.1292830169449664	-0.4836413132778672	8.96012115093387
high_clip_target	3.1292830169449664	-0.2335722204665154	9.499683343888538
high_clip_target	3.1285333702453824	-0.0965899731264433	10.158472165786264
high_clip_target	3.120702485866139	-0.2434792697570981	10.887316276537833
high_clip_target	3.1192989283723445	-0.2472463806820556	7.645934421408616
high_clip_target	3.1184699567966603	-0.0347356105715191	10.261598496892612
high_clip_target	3.115477217419936	-0.4191764843150455	12.12121212121212
high_clip_target	3.1129979333574767	-1.2684075779326456	13.169146570891057
high_clip_target	3.1124747292584125	-1.0714453448039054	19.166480944952085
high_clip_target	3.111822046878744	-0.2200484808681488	4.398578920656403
high_clip_target	3.106571664198044	-0.7966474060956784	10.942760942760945
high_clip_target	3.1055344141723578	-0.3664745338406244	14.273719563392108
high_clip_target	3.1028108055837755	-1.019860422360843	6.195786864931847
high_clip_target	3.095868545982112	-0.0671732150536533	10.93210586881473
high_clip_target	3.0947306300744906	-0.0066535020862963	7.508090614886731
high_clip_target	3.094636874138075	-1.724877198896274	14.563106796116504
high_clip_target	3.0902599777565576	-0.2266017956656436	10.755148741418765
high_clip_target	3.086070950123668	-0.3919251992484495	9.505397132270016
high_clip_target	3.0856560845447083	-0.8870821145283382	8.485639686684074
high_clip_target	3.084533510211668	-0.2176443999047113	8.757297748123435
high_clip_target	3.080919995383568	-0.8207012825040425	9.312022237665046
high_clip_target	3.079727192470734	-1.5849625007211563	12.12300413956239
high_clip_target	3.079575839654724	-0.396949484714873	8.827238335435057
high_clip_target	3.0779092272680675	-0.3005717457714873	11.015911872705018
high_clip_target	3.077560983293653	-0.0860024289794953	9.156311314584697
high_clip_target	3.076815597050831	-0.7042614290935006	8.07799442896936
high_clip_target	3.072756342435314	-1.046410464956958	8.05234021137393
high_clip_target	3.070818637533277	-1.0148299853834544	15.533980582524272
high_clip_target	3.070389327891398	-0.8899336589569159	14.134275618374556
high_clip_target	3.061514389212704	-0.850392216819437	6.085964244960061
high_clip_target	3.0613091548370983	-0.282791122501182	11.057255377158436
high_clip_target	3.0595010117486616	-0.1645615735235162	11.107254425546683
high_clip_target	3.058664671664265	-0.1184473690954668	7.312252964426878
high_clip_target	3.057923483878545	-0.9763039075566436	6.025492468134416
high_clip_target	3.0571439071036086	-0.1599294521044833	9.475539885412076
high_clip_target	3.0512805049436933	-0.2482153759757701	10.859728506787327
high_clip_target	3.051158040273964	-0.0272711036913627	9.70873786407767
high_clip_target	3.0474060098905587	-0.01673070644919	7.510729613733906
high_clip_target	3.045867008757329	-0.3052862515143288	10.430247718383312
high_clip_target	3.0456426655557127	-0.9192882007407406	7.056269223810386
high_clip_target	3.044508261139508	-0.8178473229399893	11.54249737670514
high_clip_target	3.040180798359832	-0.4386605174812253	12.745812090313184
high_clip_target	3.039379533006757	-0.782039547379643	10.57934508816121
high_clip_target	3.0344883763852906	-0.3558028120205037	9.065991988193128
high_clip_target	3.03342300153745	-0.8448033357082423	10.528725108720533
high_clip_target	3.029264594505195	-0.4188498078606703	11.548432712703276
high_clip_target	3.029107141457259	-1.2151870653510983	13.629075360769642
high_clip_target	3.0242235969270297	-0.0112138295714824	8.156606851549755
high_clip_target	3.019899557437705	-1.4571614450124704	17.216345156606515
high_clip_target	3.019193565233311	-0.3832704534601917	16.706443914081145
high_clip_target	3.018859027251316	-0.3984111806914348	6.054490413723511
high_clip_target	3.0141145294729004	-0.4542190063121605	10.562571756601608
high_clip_target	3.0132968226134578	-1.2954558835261714	7.987220447284344
high_clip_target	3.012824040357584	-1.2703844816484384	8.62301266504985
high_clip_target	3.0088418767518066	-0.5208321633014404	9.773976786805132
high_clip_target	3.0084286220705807	-0.0338434549717939	12.032660077352814
high_clip_target	3.0028596541392405	-0.0433074206086595	12.790697674418604
high_clip_target	3.0026890875276404	-0.2982657017782503	6.373937677053824
high_clip_target	3.0	-0.817796668779251	14.097180563887225
high_clip_target	2.9984665773143915	-0.1824282298141784	10.12396694214876
high_clip_target	2.998025598376815	-0.2822245958720988	10.482691370063383
high_clip_target	2.989946335336077	-0.2356704163244639	4.888268156424581
high_clip_target	2.989197394743316	-0.0795841239135641	6.731242817271385
high_clip_target	2.984893107609792	-0.3294843151435239	10.19089995693986
high_clip_target	2.983511877211431	-1.1145771269004274	11.831726555652937
high_clip_target	2.981222792969372	-0.536576469485981	11.933174224343675
high_clip_target	2.981222792969372	-1.5265301261217032	22.44897959183673
high_clip_target	2.978805777730877	-1.2630344058337937	15.18498067366096
high_clip_target	2.977861022730752	-0.3451263631900209	6.610576923076923
high_clip_target	2.977838350075841	-0.8391622491801886	9.345794392523365
high_clip_target	2.976141307241985	-0.3258717393999251	11.799410029498524
high_clip_target	2.971543553950772	-1.5800217594508856	7.097133314778736
high_clip_target	2.9708536543404835	-0.1272652381824011	9.735114330993888
high_clip_target	2.969626350956481	-0.4928429929260505	11.8148999015425
high_clip_target	2.969626350956481	-0.4119841753012899	8.507089241034196
high_clip_target	2.966226234166658	-0.2398222274628241	11.278952668680766
high_clip_target	2.965938163926367	-0.1997199896976197	11.039116870650348
high_clip_target	2.965784284662087	-0.3717732505125121	10.184937014205309
high_clip_target	2.96555084096064	-1.2141646410166895	12.141474573288756
high_clip_target	2.961864871113229	-1.019577799187244	11.09963861641714
high_clip_target	2.959358015502654	-0.3316263721764401	18.2031708749266
high_clip_target	2.9575166686784864	-0.0355067428734263	11.175785797438882
high_clip_target	2.957014075034355	-0.6502160856060717	10.332434860736749
high_clip_target	2.954196310386876	-1.116458976587383	10.096266729279174
high_clip_target	2.9498765205741635	-1.005578172388243	13.564162056041408
high_clip_target	2.948113258335032	-0.1608227792311321	9.648688767936664
high_clip_target	2.945960160287111	-0.7393032047897975	11.06484235574063
high_clip_target	2.94467652852076	-0.829299491960229	6.664053312426499
high_clip_target	2.9361131211730527	-0.0070329670429496	10.43338683788122
high_clip_target	2.93161302501975	-0.2064508774674265	12.036306235201264
high_clip_target	2.9307373375628862	-0.3648366863566532	10.577186103765843
high_clip_target	2.9240785283592867	-0.0734069228332511	6.8359375
high_clip_target	2.919168925386955	-0.0462354661826209	6.633499170812604
high_clip_target	2.918386234446348	-1.0082676159836006	9.069533087000336
high_clip_target	2.917733818215024	-0.6795853800218191	9.768528349968149
high_clip_target	2.9162611184495826	-0.1640436437623025	10.3480714957667
high_clip_target	2.913082429322787	-0.6214883767462701	7.561436672967864
high_clip_target	2.91301669840536	-0.2922545447487875	7.559650366170564
high_clip_target	2.91284092878866	-0.4044155845843261	19.49025487256372
high_clip_target	2.9068905956085187	-1.268488835925902	7.155635062611807
high_clip_target	2.9065645259855035	-0.3848867266641854	11.861313868613138
high_clip_target	2.904885459718141	-0.3273394660920471	14.471425067451555
high_clip_target	2.90383403717518	-0.0170064253056898	8.207934336525307
high_clip_target	2.9033239805883264	-0.1186628550176768	8.626410086264102
high_clip_target	2.8985028101157995	-1.0777751548121035	8.668089785885245
high_clip_target	2.8981203859807865	-0.1608202028806901	8.389261744966444
high_clip_target	2.8968530728967066	-0.289289458311322	12.217697149203998
high_clip_target	2.8966733198864256	-0.3339876787846883	12.158956109134046
high_clip_target	2.893958362589676	-1.3465221381528385	11.022927689594356
high_clip_target	2.888107119929103	-0.7099362851650121	10.582010582010582
high_clip_target	2.883067719379677	-0.1882318529322931	5.735260380821289
high_clip_target	2.880852734706995	-0.0807189924480619	11.55802126675913
high_clip_target	2.8794098591864112	-1.571824031262032	11.787138152192751
high_clip_target	2.8791456051256143	-0.4836974951790737	14.634146341463415
high_clip_target	2.8782864048553365	-0.2104253160957907	12.99638989169675
high_clip_target	2.874469117916141	-0.1706730378492952	10.3880232202872
high_clip_target	2.874469117916141	-1.078951341394822	4.504504504504505
high_clip_target	2.8725601595947627	-0.0905725360900955	15.814081408140812
high_clip_target	2.872193501429806	-0.0156557200105476	8.923884514435695
high_clip_target	2.869022410018076	-0.7149519708137841	9.80898296334538
high_clip_target	2.85982234195174	-0.1921954768248875	8.41467519353753
high_clip_target	2.8588797772400527	-0.8372687258953372	5.412156536219817
high_clip_target	2.8579809951275723	-1.784526992603343	12.311480455524777
high_clip_target	2.857623050691822	-0.5789025438485879	7.58681062153487
high_clip_target	2.8572993532340085	-0.2625254289222212	11.180124223602483
high_clip_target	2.856903794270472	-0.2205772341977541	9.95508073327668
high_clip_target	2.853610513018477	-0.8515079694728298	18.39464882943144
high_clip_target	2.853430854439099	-0.5774318316923012	9.899175068744272
high_clip_target	2.850221571669464	-1.1037152102936514	8.09188201513965
high_clip_target	2.849175097752231	-0.1650711521016328	10.866125118683406
high_clip_target	2.845338896348303	-0.5395400883463335	6.646842749693896
high_clip_target	2.844349129539806	-0.3655791020978585	5.994005994005994
high_clip_target	2.839686200303837	-0.2028359750797596	10.917488977535166
high_clip_target	2.838248930003388	-0.5248010655043862	7.085346215780998
high_clip_target	2.837412155913784	-0.1704719511715474	9.021512838306732
high_clip_target	2.8344333266042088	-0.7270953949811522	12.56168685509197
high_clip_target	2.8327832151092176	-0.3718487743682213	18.8202891898095
high_clip_target	2.8309153070429507	-0.1745242913657636	6.036217303822937
high_clip_target	2.82781902461732	-0.325606877265461	13.959672058497674
high_clip_target	2.824343142026773	-0.7539875476260776	10.313008865569024
high_clip_target	2.824318928790748	-0.1812879091959429	8.133755083596927
high_clip_target	2.82254132587228	-0.1102991656889964	11.592652042090243
high_clip_target	2.822255850236332	-0.1856367502096276	8.293629786483148
high_clip_target	2.8188405768812546	-1.386548375639442	12.557077625570775
high_clip_target	2.818522012961334	-0.3530796868135162	5.827505827505828
high_clip_target	2.818002166257113	-0.0410937797068282	7.998400319936013
high_clip_target	2.81669278663694	-0.1569668579399422	8.695652173913043
high_clip_target	2.815111365692039	-0.5167086087573342	15.662078785002372
high_clip_target	2.8146968973987723	-1.7951802081115018	10.926365795724466
high_clip_target	2.814499843805192	-1.0702255564076664	15.938795027095953
high_clip_target	2.809105411705189	-1.39211114299204	10.485280279607474
high_clip_target	2.807354922057604	-0.7526279949813436	9.1324200913242
high_clip_target	2.807354922057604	-0.4474589769712211	6.723944714232349
high_clip_target	2.807159739071324	-0.6961007824167547	15.818934047213434
high_clip_target	2.8051438947422507	-0.8530972602893482	9.696499563657518
high_clip_target	2.8040402852385062	-0.2725948795787264	11.786745765357896
high_clip_target	2.7998408684002976	-0.0925701799258921	8.253968253968255
high_clip_target	2.7986965612404258	-0.4042521915316067	10.282161645145864
high_clip_target	2.7966178714500933	-0.962427114148699	14.30635838150289
high_clip_target	2.794851949852773	-0.4147183235640284	8.01952580195258
high_clip_target	2.7900042013115653	-0.7862933065297746	17.88327101284344
high_clip_target	2.7899798219500083	-0.7392943951496579	9.168987929433612
high_clip_target	2.7893209992273422	-1.585903286565312	10.031004924311508
high_clip_target	2.785853852846682	-1.2009971583761765	9.808446803600276
high_clip_target	2.785261151206987	-0.337138864229114	10.069713400464757
high_clip_target	2.781960294276088	-0.2007038570922661	13.088452607135318
high_clip_target	2.777607578663552	-0.2995602818589078	9.043250327653997
high_clip_target	2.771655015011255	-0.7552511718773915	9.633911368015411
high_clip_target	2.771634841473116	-0.3149748248691928	22.921711057304275
high_clip_target	2.771583791035782	-0.2246947988741288	16.194331983805668
high_clip_target	2.7713756249520376	-0.877828130006056	11.841326228537596
high_clip_target	2.771145753687408	-0.0625918981629427	12.512681772066284
high_clip_target	2.771058792834614	-0.3949915570770856	12.015018773466831
high_clip_target	2.771058792834614	-0.9160611815001044	14.428031604259704
high_clip_target	2.7681843247769264	-0.1234324985525167	9.929664873810507
high_clip_target	2.768153278936272	-0.4128668915346916	11.703511053315996
high_clip_target	2.766660825546639	-0.4887824423697078	8.173750583839327
high_clip_target	2.765014011818111	-0.0058796628379676	8.692292833687464
high_clip_target	2.764198848806955	-0.1912483058830495	13.338891204668611
high_clip_target	2.7632997419796688	-0.6871170447156446	11.332050459696386
high_clip_target	2.7626481181922182	-1.0564633330952886	9.234828496042216
high_clip_target	2.761112441178734	-0.0530567314147336	11.63378856853819
high_clip_target	2.756505780561852	-0.2786130531996094	11.12759643916914
high_clip_target	2.7548875021634687	-0.2332502824981505	7.863695937090432
high_clip_target	2.75449164675122	-0.09225096566524	12.080536912751676
high_clip_target	2.7536817394180715	-0.6237142984745704	14.492753623188406
high_clip_target	2.752748591407134	-1.6018060108845706	7.76169498636459
high_clip_target	2.7491600438875894	-0.4798658814792965	7.957068837897853
high_clip_target	2.747233929620033	-0.4854268271702417	9.574613595951307
high_clip_target	2.7469401615390163	-1.2793369770249503	10.1644245142003
high_clip_target	2.746838652653072	-1.460658474726081	10.258163788681824
high_clip_target	2.7453600349084386	-0.1414030890042081	13.86138613861386
high_clip_target	2.7441610955704103	-0.4405725913859815	10.034403669724773
high_clip_target	2.743754759828845	-0.4205154219147134	12.88404360753221
high_clip_target	2.741611959022572	-0.3252899532987501	12.918108419838523
high_clip_target	2.74069188562449	-1.249663793126102	12.195121951219512
high_clip_target	2.7392465354174447	-0.5591631202380534	8.529411764705882
high_clip_target	2.738499560329743	-0.0845463577221132	5.802707930367505
high_clip_target	2.7373512899420334	-0.5029193379691215	12.68882175226586
high_clip_target	2.735022196338184	-0.1361214420623726	10.174835196331326
high_clip_target	2.7342664445652507	-0.022689915070625	7.232401157184185
high_clip_target	2.7341885094956324	-0.5476639592981807	9.498244889531282
high_clip_target	2.733825886635639	-0.1497441759049149	11.343972313016728
high_clip_target	2.7336830101769047	-0.5488186071892069	14.28102429415627
high_clip_target	2.733194598648001	-0.2418515859842185	9.777777777777777
high_clip_target	2.7327161211648483	-0.0223678130284544	7.126495291422754
high_clip_target	2.7326099450104784	-0.7800688483390382	8.83912787271656
high_clip_target	2.731803889050428	-1.1545770371088766	9.653199856989632
high_clip_target	2.729063726705515	-0.1884028928525672	9.90957512696643
high_clip_target	2.724597036735788	-0.2860418531182986	11.487650775416428
high_clip_target	2.7228075311695465	-0.2373331083667431	8.080808080808081
high_clip_target	2.7200978998248853	-0.1541229259453817	17.611447440836542
high_clip_target	2.718158762994724	-0.4184604689447097	11.042629686697484
high_clip_target	2.716856056128507	-0.1411144098826834	10.73558648111332
high_clip_target	2.7167362691634103	-0.3844551226801127	9.896536212325683
high_clip_target	2.715359137976831	-0.0405910424651027	8.489993935718617
high_clip_target	2.712718047919529	-0.7267264096613681	9.69787392763894
high_clip_target	2.711270966291498	-0.6694414003232108	13.41878630082115
high_clip_target	2.7108477600429133	-0.2517178401387306	9.202453987730062
high_clip_target	2.710493382805016	-1.57021591535197	10.07018614586512
high_clip_target	2.710493382805016	-0.731511164074098	9.47603121516165
high_clip_target	2.709658248170471	-0.3052796776120343	12.825994014536128
high_clip_target	2.7067673381131034	-0.4680866920006008	14.517114914425427
high_clip_target	2.7065392696626263	-0.8448500429884616	12.958963282937365
high_clip_target	2.706119627213447	-1.110413554410488	10.784678319077724
high_clip_target	2.706033734614316	-0.3253232349540746	19.9203187250996
high_clip_target	2.7049439211156803	-0.4169374112141119	5.921052631578948
high_clip_target	2.702228552890905	-0.7482845275640122	13.60655737704918
high_clip_target	2.702047177962978	-0.340995173790826	9.00900900900901
high_clip_target	2.701571687631012	-0.2175972377559432	10.303967027305513
high_clip_target	2.700439718141092	-1.6780719051126376	14.031300593631949
high_clip_target	2.700439718141092	-0.9194958987185629	8.295625942684767
high_clip_target	2.700439718141092	-1.3785116232537298	3.091190108191653
high_clip_target	2.699696711974961	-0.6878432577651964	13.745704467353953
high_clip_target	2.698397077926777	-0.1094124648495479	9.184033910279052
high_clip_target	2.695606564405149	-0.7905466343710502	12.963521254145313
high_clip_target	2.6938968722743204	-0.0672267121422675	10.118785745710516
high_clip_target	2.693698140262037	-0.8292830583488471	9.028484231943033
high_clip_target	2.692638018247302	-0.5591217323496059	9.433962264150942
high_clip_target	2.68805599368526	-2.4474589769712214	9.831649831649832
high_clip_target	2.6853643976789936	-0.1406339683650945	7.710916238282431
high_clip_target	2.6844981742720706	-0.4376862382240438	9.74025974025974
high_clip_target	2.682809824119301	-0.4158667325001625	5.125284738041002
high_clip_target	2.6818240399737454	-0.5170800284403331	6.728971962616822
high_clip_target	2.6801197337614964	-0.8914191868460783	17.826336975273144
high_clip_target	2.6789599907306405	-0.3117459002273366	10.015516998166174
high_clip_target	2.6782076945655016	-0.3474268991699417	14.553014553014554
high_clip_target	2.678071905112638	-0.184364520146102	8.148483476686284
high_clip_target	2.678071905112638	-0.6473795810228969	11.06259097525473
high_clip_target	2.677818600741714	-0.6360960943647168	10.049220672682528
high_clip_target	2.677193373648837	-0.3158431372667526	8.996795661819078
high_clip_target	2.677104862911366	-0.1565662719676177	7.700385019250962
high_clip_target	2.674599713205833	-0.64718888707762	8.902077151335313
high_clip_target	2.674255786337437	-0.8583394652032629	9.839752600506044
high_clip_target	2.674255476735364	-0.0960659922734177	11.583679114799446
high_clip_target	2.673173511381453	-0.3081559650366718	8.879492600422832
high_clip_target	2.6730163163359766	-0.2404386020545765	28.950276243093924
high_clip_target	2.671721485275635	-0.3580906026314316	17.3992673992674
high_clip_target	2.671194898365235	-0.3854709280805368	9.133683919180736
high_clip_target	2.669851398307669	-0.5617250329592659	10.332519256058614
high_clip_target	2.669385561997232	-0.1171024004211137	10.3880232202872
high_clip_target	2.6677029317290923	-1.8414540606881784	9.437751004016064
high_clip_target	2.6675046484407123	-0.421782318881234	10.147504969139032
high_clip_target	2.667424660913129	-1.6856763654693518	9.982638888888888
high_clip_target	2.6665870326155376	-0.1701478286944178	12.234385061171926
high_clip_target	2.6655475957184427	-0.4027644213266155	7.056451612903226
high_clip_target	2.664862047895027	-0.3205509214133575	11.036174126302882
high_clip_target	2.6639381628712258	-0.7270142997071475	15.678254942058624
high_clip_target	2.662965012722429	-0.8550516640889004	10.158013544018058
high_clip_target	2.662965012722429	-0.1112822890495295	9.95575221238938
high_clip_target	2.6600968307819355	-1.3798810538652275	6.091370558375634
high_clip_target	2.659426152315238	-0.429384964036155	8.542141230068337
high_clip_target	2.658619542446465	-0.1921735319205842	8.42548709847288
high_clip_target	2.658120498294861	-0.9724901330620184	10.628606134224112
high_clip_target	2.657329478052997	-0.0580413798607338	9.771986970684038
high_clip_target	2.6569579462745563	-0.3032022002795381	10.119595216191351
high_clip_target	2.65571302557909	-1.0974455118717812	11.325782811459028
high_clip_target	2.6540041451508074	-0.5964581395589855	15.151515151515152
high_clip_target	2.653442238603923	-0.8756261434339981	11.978521272201569
high_clip_target	2.652076696579693	-0.7243655573865726	4.271678769756515
high_clip_target	2.6510516911789286	-1.0483630215613988	13.040198297230306
high_clip_target	2.649092838140872	-0.652287879342405	17.26027397260274
high_clip_target	2.6472467789754988	-1.3397699510013013	9.778112072207596
high_clip_target	2.646340327030549	-0.4672927830785241	11.80679785330948
high_clip_target	2.6449446055493886	-0.3947786602950437	8.215085884988797
high_clip_target	2.6416188943134737	-0.9227846519430684	10.337384982392368
high_clip_target	2.6389734353712657	-0.0580961931133376	8.533333333333333
high_clip_target	2.6382607268812053	-0.6552720357395001	12.763371150729336
high_clip_target	2.637598844570861	-0.2296601397765262	7.414730598121602
high_clip_target	2.6366246205436488	-1.307428525192247	12.476007677543183
high_clip_target	2.6360834949077754	-1.4523903792934276	17.301038062283737
high_clip_target	2.6348877260528387	-0.1736229495565865	10.131108462455304
high_clip_target	2.632888990147878	-0.0487555766056889	14.170264585409056
high_clip_target	2.631744374671794	-0.0170306974066156	14.821272885789014
high_clip_target	2.630755577249098	-1.075735079081944	8.631106507854307
high_clip_target	2.6304054714823235	-1.9585948406713924	9.483022330988067
high_clip_target	2.629986425407152	-0.5256036946616597	7.969995311767463
high_clip_target	2.628518866707896	-0.0518725893274598	9.58994708994709
high_clip_target	2.627736524411448	-0.8403277198462693	13.094718463553033
high_clip_target	2.626805349427011	-0.3501229532321908	19.33216168717048
high_clip_target	2.626439136697315	-0.16465145975082	8.349972771827918
high_clip_target	2.624688779036767	-1.2039075036901536	10.655090765588003
high_clip_target	2.6232325176488733	-0.0496132265432065	8.111762054979721
high_clip_target	2.6166713604484944	-1.053209737914572	9.31940129906806
high_clip_target	2.6166713604484944	-0.7088519579572922	12.702315099364885
high_clip_target	2.61541629726287	-0.6511815616824866	19.831730769230766
high_clip_target	2.6152781251486283	-1.519657253924323	8.350129570976101
high_clip_target	2.614421309661876	-0.2201883422468847	10.57471264367816
high_clip_target	2.613766529368534	-0.4027308385123613	12.164777439867294
high_clip_target	2.611434712082348	-1.454707644708865	10.676156583629894
high_clip_target	2.611212399878981	-0.9939282190052596	8.2223318533136
high_clip_target	2.609210046967833	-0.557156980283913	10.966415352981494
high_clip_target	2.6054266032808715	-0.3464131022556176	11.93633952254642
high_clip_target	2.6035114752814623	-0.5026058877517553	11.71023965141612
high_clip_target	2.5987683002461868	-0.505007196139758	9.9935107073329
high_clip_target	2.59773932522648	-0.4182607257435431	9.9009900990099
high_clip_target	2.597417499294084	-0.0533047156075018	5.376344086021506
high_clip_target	2.597275762160008	-0.0081727833886061	7.246376811594203
high_clip_target	2.596787936117946	-1.5271929233199817	12.954966070326956
high_clip_target	2.5953791166664946	-1.0324214776923772	13.900709219858156
high_clip_target	2.593910205517267	-0.6679594955215203	14.59410155062329
high_clip_target	2.592656892511157	-0.6146763479858167	10.65389502492425
high_clip_target	2.591915261362923	-0.2722868338101982	10.474561778537836
high_clip_target	2.591865360975844	-0.9830269213962864	7.0821529745042495
high_clip_target	2.590815226966594	-0.147186077147274	7.286606523247745
high_clip_target	2.590124205836935	-0.0599093139043043	11.336797354747285
high_clip_target	2.588150778352204	-0.414155884306451	6.8350668647845465
high_clip_target	2.5878671434796123	-0.8158655482500572	14.37986818454164
high_clip_target	2.584962500721156	-0.0549262105035934	7.8671328671328675
high_clip_target	2.584962500721156	-0.7389271104994922	7.345739471106758
high_clip_target	2.584962500721156	-1.3187459422387695	8.536585365853659
high_clip_target	2.584962500721156	-0.401117659873927	8.603832616347283
high_clip_target	2.584962500721156	-0.4883443105525361	7.497322384862547
high_clip_target	2.582585737348523	-0.3090795097731214	8.693713776192599
high_clip_target	2.579424317179726	-0.4845955421913857	6.578947368421052
high_clip_target	2.578691851118469	-0.8219641735425544	20.77687443541102
high_clip_target	2.5780884196237044	-0.3662689370961873	6.976744186046512
high_clip_target	2.5777669993169523	-0.2702659750648696	11.273209549071618
high_clip_target	2.577297838670083	-1.4735840881885751	16.33306645316253
high_clip_target	2.576608713391275	-0.7252750606343631	8.730765033286042
high_clip_target	2.5754397266026494	-0.3118744302234393	11.877685114986102
high_clip_target	2.5751769045124675	-0.9915591921127423	14.645017510347024
high_clip_target	2.5737642941162924	-1.6502255942770332	13.382134278851652
high_clip_target	2.572889668420581	-0.851424318751121	9.38566552901024
high_clip_target	2.572671864775618	-0.47661971475524	12.625445127873098
high_clip_target	2.571847000930898	-0.3163605713831247	8.217961057229585
high_clip_target	2.571541984958835	-0.148788199535255	9.24532358632552
high_clip_target	2.570052819053815	-0.965846909684115	9.649122807017545
high_clip_target	2.567779489047799	-1.0716876885977975	12.915636163781258
high_clip_target	2.565578136784329	-0.7609486870772545	12.13960546282246
high_clip_target	2.5651176893242846	-1.0925284923478409	14.975041597337771
high_clip_target	2.56442172228032	-0.1360817363989878	10.309278350515465
high_clip_target	2.563588849928589	-0.0555152609788762	11.793611793611792
high_clip_target	2.5631181116779365	-0.7399831973707572	11.299435028248588
high_clip_target	2.5615035278971674	-0.3714105668785858	14.824797843665769
high_clip_target	2.560714954474479	-2.120321074306003	12.378902045209902
high_clip_target	2.560087832082127	-0.1404708589517976	7.727362789776104
high_clip_target	2.558967292188212	-0.9620321498009796	11.091393078970718
high_clip_target	2.5587574303737624	-0.4932634933927217	10.165184243964422
high_clip_target	2.557995453120887	-0.499218183279369	7.155148990127706
high_clip_target	2.5565440924815666	-0.6082960204211493	10.140728476821192
high_clip_target	2.556179600092127	-0.4525251889074302	14.741474147414742
high_clip_target	2.55572527949606	-0.0478446706556994	8.03633822501747
high_clip_target	2.5522654629017087	-0.2998665123220378	8.135593220338983
high_clip_target	2.550854646400892	-0.4506443150613565	11.614401858304298
high_clip_target	2.550721307100152	-0.7243186633158291	9.665621734587251
high_clip_target	2.55019708256048	-1.354856416879714	13.548951048951048
high_clip_target	2.5494478251866464	-0.0403751063844295	7.512953367875648
high_clip_target	2.549015804314765	-0.6790726350032534	8.743331357439242
high_clip_target	2.548436624696042	-0.063911763820193	9.474028095393662
high_clip_target	2.548436624696042	-1.0974892876517768	17.72879731672257
high_clip_target	2.548016631694445	-0.9455267211414472	9.288537549407115
high_clip_target	2.5464883529065205	-0.1657075435184167	6.560449859418931
high_clip_target	2.5464883529065205	-0.5106988635772138	7.124352331606218
high_clip_target	2.546073487327561	-0.143521817471769	10.374288039056143
high_clip_target	2.543181396511342	-0.9436848907152002	12.21264367816092
high_clip_target	2.542087906346482	-0.3301964615310794	9.362460989745877
high_clip_target	2.541259418022792	-0.739945459009773	17.103153393907
high_clip_target	2.5408293082821944	-1.161955172773846	7.9387581514034595
high_clip_target	2.5405683813627027	-0.5430143187231854	15.458225984541771
high_clip_target	2.5394888339942674	-1.6859129280416236	12.195121951219512
high_clip_target	2.537196081790429	-0.7780203455881278	11.090573012939002
high_clip_target	2.536915326314048	-0.2865462242300567	22.94606356323355
high_clip_target	2.5363995352829365	-0.9781517363324982	12.856062515754978
high_clip_target	2.5360529002402097	-1.330916878114617	11.88707280832095
high_clip_target	2.5346574188730906	-0.0815471177759194	9.00900900900901
high_clip_target	2.533864511438518	-0.1123272269962864	17.616191904047977
high_clip_target	2.5321879610726112	-0.4251926557262858	11.928429423459244
high_clip_target	2.5314635460923287	-0.8770583744485922	15.903307888040713
high_clip_target	2.5313814605163123	-0.4413716470923063	8.01153661272232
high_clip_target	2.530388601480299	-0.7071444612909785	13.426481825128262
high_clip_target	2.527737632028206	-0.330916878114617	15.92356687898089
high_clip_target	2.527737632028206	-0.7213571016153116	11.20303343674595
high_clip_target	2.5265458144958344	-1.5412800619037592	12.231126107127794
high_clip_target	2.524526646859182	-0.3400199351804829	8.695652173913043
high_clip_target	2.523561956057013	-0.2616275846195482	10.331872260488415
high_clip_target	2.522856998778931	-0.9791047756886502	9.700476514635808
high_clip_target	2.5221835040260228	-0.8528262765336329	14.36130007558579
high_clip_target	2.520909129613758	-1.421778218099698	11.647254575707157
high_clip_target	2.519716476105718	-0.1323696701586098	5.770340450086556
high_clip_target	2.517478904005169	-0.0812959563132682	10.174418604651164
high_clip_target	2.517275693209581	-0.2878852697844548	12.884753042233358
high_clip_target	2.515838140066336	-0.6457540399223958	14.663408131526328
high_clip_target	2.5149895951276093	-0.2565060534160969	7.541478129713424
high_clip_target	2.5124500009367883	-1.225559700415131	10.795250089960415
high_clip_target	2.509013647487857	-0.3015735413752313	11.933904528763769
high_clip_target	2.509013647487857	-0.0226122623802816	11.11111111111111
high_clip_target	2.509013647487857	-0.5776130449856114	8.199921905505663
high_clip_target	2.5077946401986964	-1.5849625007211563	9.793814432989691
high_clip_target	2.507369380050919	-0.1633033700636897	8.285212151644489
high_clip_target	2.5073416035986824	-0.3545696687957858	16.620091189880863
high_clip_target	2.5063526660247897	-2.426897654488905	9.184033910279052
high_clip_target	2.5051091930319416	-0.244449342209645	10.540479928235031
high_clip_target	2.5025003405291835	-0.0406419844973457	6.905099150141643
high_clip_target	2.5025003405291835	-0.2745415060481603	6.938421509106678
high_clip_target	2.50244173131787	-0.4801372268526018	10.297482837528603
high_clip_target	2.501000189576828	-0.1981395891170663	10.91609589041096
high_clip_target	2.5006339818718843	-1.7178981640267663	9.24903368304804
high_clip_target	2.500022589360451	-0.3885053784275086	11.698044233229757
high_clip_target	2.4999648477133194	-0.1772003322454878	7.608178792201617
high_clip_target	2.4998037134994178	-0.0332711714803462	7.230965546575925
high_clip_target	2.49873561694412	-0.1893438901406007	10.281517747858016
high_clip_target	2.4982508675278257	0.0	14.732965009208105
high_clip_target	2.4966759683032014	-0.0057425968529501	7.989347536617843
high_clip_target	2.496425826119499	-0.8235023446342016	10.396039603960396
high_clip_target	2.496425826119499	-0.0577763312792009	8.905013192612138
high_clip_target	2.496425826119499	-1.857777927347536	10.968432316746924
high_clip_target	2.495996068880429	-0.348541803404918	16.05888256942121
high_clip_target	2.495527417139212	-0.2329259824626625	11.653453051867418
high_clip_target	2.4918530963296748	-2.311201688294304	10.79136690647482
high_clip_target	2.4914366740318235	-0.4629719763425458	8.01809210526316
high_clip_target	2.491425567791685	-0.1613283869645156	6.6164727355692445
high_clip_target	2.49046335049358	-0.2817303429447429	15.029709891646275
high_clip_target	2.489384840738925	-0.7615512324444793	15.834348355663822
high_clip_target	2.489335617120206	-0.2579811781075086	13.24342385031286
high_clip_target	2.48816006772422	-0.3867697742560386	9.648303765950825
high_clip_target	2.4878283175972298	-0.4607760971237374	15.56420233463035
high_clip_target	2.4870044052835767	-0.1332286659040182	6.7208064967796135
high_clip_target	2.4868881414945765	-0.1016146900178959	4.928964917367353
high_clip_target	2.486398666237567	-0.398583242310797	14.945652173913045
high_clip_target	2.4857749258668007	-0.6018271447834626	9.874021109976166
high_clip_target	2.485426827170241	-1.912127243974666	8.136094674556213
high_clip_target	2.4846575949254706	-0.251127147561929	13.256484149855908
high_clip_target	2.483750249362858	-0.3703438379258221	16.566265060240966
high_clip_target	2.483120359787073	-0.643193843557956	12.843224092116916
high_clip_target	2.4830828867019425	-0.2671040701428408	9.237875288683602
high_clip_target	2.480126043346933	-0.2975116577423239	9.015256588072122
high_clip_target	2.479815404145308	-0.0030355923719499	12.248967383563595
high_clip_target	2.47916783669856	-1.7675539139996292	18.165304268846505
high_clip_target	2.4772959909468164	-0.5835240863371088	15.217391304347826
high_clip_target	2.477268303783078	-1.0373024284850854	6.778741865509762
high_clip_target	2.475338009546658	-0.1425095438619117	11.810297102786492
high_clip_target	2.4744859643595865	-0.4396469666228451	8.502772643253234
high_clip_target	2.473931188332412	-0.764895971552077	10.615711252653927
high_clip_target	2.473529587101568	-0.9342697388033282	17.508754377188595
high_clip_target	2.4703199347800333	-0.1370230258134735	6.575619625695499
high_clip_target	2.469666333065013	-0.591629986710895	16.951432799677114
high_clip_target	2.468246483377341	-0.1555539536359751	6.012024048096192
high_clip_target	2.4666612021880567	-1.9174722331812013	15.262860373092142
high_clip_target	2.46614184022685	-0.2363523631812883	13.058764439979909
high_clip_target	2.460845530586132	-0.8603383958644474	16.89189189189189
high_clip_target	2.4608115279159937	-0.4387721480712042	8.930726526671494
high_clip_target	2.460018756286677	-0.6854537917724158	7.7379417075058035
high_clip_target	2.4598587674312062	-0.5845157982966098	11.971598414795244
high_clip_target	2.4594316186372973	-0.1008708842347337	11.713665943600867
high_clip_target	2.4594316186372973	-0.8990436517494584	18.473505104521145
high_clip_target	2.458951120700836	-0.295884526109988	9.933774834437086
high_clip_target	2.458216717478438	-0.29782506042169	9.218612818261631
high_clip_target	2.457957223985836	-0.3008020680073374	7.5811419095001185
high_clip_target	2.4563782946597432	-0.2726244581235146	10.449574726609963
high_clip_target	2.4558825515562264	-0.2590872213171309	7.216208714959755
high_clip_target	2.454140555099533	-0.5278142016927232	10.465858328015315
high_clip_target	2.453172628165615	-0.0775964050201568	3.725782414307005
high_clip_target	2.451211111832329	-0.7764656004320595	11.910433539780849
high_clip_target	2.45022149589718	-0.6461068430523553	17.780502759043532
high_clip_target	2.44930740136359	-0.2787160280660632	20.47531992687386
high_clip_target	2.448574031805209	-0.5569950982894758	7.964601769911504
high_clip_target	2.447519390071496	-1.5410134348812612	14.97967044725016
high_clip_target	2.447458976971221	-1.157764202613806	10.901883052527255
high_clip_target	2.447083226209652	-1.0599952264406391	14.899713467048713
high_clip_target	2.4462562298895643	-1.6713772525386297	9.43009430094301
high_clip_target	2.446043876278177	-0.2966807396734991	11.560693641618496
high_clip_target	2.445052479264126	-0.6078895063411497	8.255052661542841
high_clip_target	2.4440198930044503	-0.7394912582566081	16.582914572864322
high_clip_target	2.441837558622559	-0.1170394211902193	8.89801505817933
high_clip_target	2.441598325549979	-1.2898610441813858	7.919366450683945
high_clip_target	2.4415097106400347	-0.3902020337767551	10.01053740779768
high_clip_target	2.4411385559242587	-0.7939934477999886	9.822139633660738
high_clip_target	2.440572591385981	-0.5473591096897215	11.4368344945445
high_clip_target	2.440572591385981	-1.2062769435301623	9.564801530368245
high_clip_target	2.440066293770366	-0.2789454221815209	9.13354727227845
high_clip_target	2.4397223634618217	-0.1596731425394517	9.333762471837789
high_clip_target	2.437827214647164	-0.1349295800861083	15.889830508474576
high_clip_target	2.437237410643927	-0.1183339628407941	5.235602094240838
high_clip_target	2.437155905263564	-0.7968784826333856	13.43624928530589
high_clip_target	2.436608337557423	-0.3436319135853647	7.184241019698725
high_clip_target	2.4365312165272184	-0.961050319428652	11.415982375325456
high_clip_target	2.436385466264209	-1.057866973120441	14.724803431022158
high_clip_target	2.4361106877992484	-0.0256889178176321	6.866734486266531
high_clip_target	2.435796059445641	-0.3016932650402842	12.770897832817337
high_clip_target	2.4354611775683823	-0.1166842258204303	14.783023366714357
high_clip_target	2.434980548459239	-0.6585094787096107	16.272347714377478
high_clip_target	2.4344028241457747	-0.741723235860983	4.457652303120357
high_clip_target	2.433458696099532	-2.2264523949069823	13.932097930474772
high_clip_target	2.4332306160448134	-0.3296287832049903	14.585764294049008
high_clip_target	2.4315525860618603	-0.5121971622171326	8.711159887509432
high_clip_target	2.42943687833946	-0.7509519466624992	10.661722099895702
high_clip_target	2.4286351026795665	-0.2799941823452728	9.29839391377853
high_clip_target	2.427861539636428	-0.4769553111027899	10.095183155465822
high_clip_target	2.427306336612108	-1.0290274990629804	12.20309435606886
high_clip_target	2.426264754702098	-0.066978699728746	8.945386064030131
high_clip_target	2.426264754702098	-0.0595357633424653	7.987220447284344
high_clip_target	2.424966616522576	-0.6497057921169462	6.688963210702341
high_clip_target	2.42449782852791	-0.0406419844973457	9.274594236502152
high_clip_target	2.4240262825060985	-0.87927111986233	14.293419633225458
high_clip_target	2.423758769981525	-0.1399930347640249	7.619285535848114
high_clip_target	2.422599989714803	-0.2200905540098459	10.42654028436019
high_clip_target	2.422432893111071	-0.2793796761052393	8.341056533827619
high_clip_target	2.4214637684382767	-1.10718924609435	10.79136690647482
high_clip_target	2.420758121546787	-0.677771571907206	10.35965598123534
high_clip_target	2.420331798948357	-0.7436687687484836	8.957860206913955
high_clip_target	2.4199474134026504	-0.7305807257167599	10.818608005769924
high_clip_target	2.419939324982856	-0.6519673061985595	10.3397341211226
high_clip_target	2.418283158782498	-1.48819315745049	12.506316321374433
high_clip_target	2.417132917281037	-0.9431247434636518	7.904473595694585
high_clip_target	2.416737788268683	-1.3159640721694328	9.05592030790129
high_clip_target	2.416188826397603	-0.1920577909699865	12.161415146489771
high_clip_target	2.41580468623704	-0.6732499630347607	10.913500404203718
high_clip_target	2.415037499278844	-0.7656002391015051	13.83399209486166
high_clip_target	2.4143820565158145	-0.7302250578469438	12.805854104733593
high_clip_target	2.4135585703529308	-0.3763731642219405	6.208425720620842
high_clip_target	2.41234912760082	-0.6545926241100157	13.507625272331154
high_clip_target	2.411356411432442	-0.6739103996064373	13.82226197251809
high_clip_target	2.411243926120398	-1.0517150365441552	6.048387096774193
high_clip_target	2.410445362645539	-1.0409186543689175	14.745098039215684
high_clip_target	2.410330496601316	-0.9447091448614378	9.90390272602471
high_clip_target	2.4092928236523097	-0.1484418450761899	6.811409110259685
high_clip_target	2.40783481312049	-0.6539447766229226	9.947218838814454
high_clip_target	2.407175381505873	-1.2006537623089448	9.466593846714
high_clip_target	2.4069808455253257	-0.2720717337072431	9.537665696734562
high_clip_target	2.406424368974136	-1.4461610056368055	4.635761589403974
high_clip_target	2.406320282177735	-0.3435267847205819	9.753028157936134
high_clip_target	2.4059923596758366	-0.5122305377235925	9.240622140896614
high_clip_target	2.4057352686165774	-1.1302650125720326	10.17087062652563
high_clip_target	2.405726551680571	-0.0448006993826711	9.183941222776172
high_clip_target	2.4038821744116827	-0.946409612172931	12.932449287730584
high_clip_target	2.4032515849011333	-1.2165433456397603	9.382329945269742
high_clip_target	2.402098443571345	-0.2239345861448533	9.95204921740704
high_clip_target	2.4019274169525824	-0.6504696902561764	10.3708359522313
low_clip_control	0.7951802081115019	-1.48633341732681	8.957860206913955
low_clip_control	0.7951802081115019	-1.649392248144575	13.571428571428571
low_clip_control	0.7945054997905926	-0.8875394649774985	10.037641154328732
low_clip_control	0.794415866350106	-1.1613741968631783	12.056044314108831
low_clip_control	0.7943376959552619	-0.509976022383821	8.550488599348535
low_clip_control	0.7940444684742258	-1.0603658354174026	14.809590973201692
low_clip_control	0.7935491225325737	-1.3214347814816705	12.32166018158236
low_clip_control	0.7935491225325737	-1.8171359428501896	11.836115326251896
low_clip_control	0.7935491225325737	-0.9892735934069417	10.020353843745108
low_clip_control	0.7935491225325737	-0.3120465257221975	4.1039671682626535
low_clip_control	0.793370692621903	-1.3206895527816287	5.481597494126859
low_clip_control	0.7930706960513566	-1.1216637407974128	9.964641594342655
low_clip_control	0.7924045805916327	-0.2399507927207523	8.599779492833518
low_clip_control	0.7924045805916327	-0.5381415787968822	8.801624915368992
low_clip_control	0.7923601838277421	-1.3754999011461295	18.51851851851852
low_clip_control	0.7921951148865983	-1.5044531331093085	10.51122790253225
low_clip_control	0.7918140711618259	-0.8787163688340057	12.839325018341892
low_clip_control	0.7917286869082049	-0.6192191995950878	11.989723094490436
low_clip_control	0.7914133781885826	-0.8018065520486564	9.919697685403872
low_clip_control	0.7905466343710503	-0.622525570425063	13.006503251625814
low_clip_control	0.7905466343710503	-0.8774371910530118	8.261359369132558
low_clip_control	0.7898735785898254	-1.624709525664768	17.587939698492463
low_clip_control	0.7895012572448056	0.0444962265961467	10.34340091021928
low_clip_control	0.7892811097663542	-1.7749079528625675	21.81279119017365
low_clip_control	0.7888666960782361	-1.0222349449060466	10.894495412844035
low_clip_control	0.7884958948062882	0.2936101005211708	9.270596466678327
low_clip_control	0.7884958948062882	-0.3318927239105267	16.059957173447536
low_clip_control	0.7884958948062882	-0.3161562576016546	13.3492252681764
low_clip_control	0.7884958948062882	-1.6918777046376683	19.04991560163974
low_clip_control	0.7884958948062882	-1.2438057278523	9.352037408149632
low_clip_control	0.7882460991098995	-0.6908410333936064	13.643659711075442
low_clip_control	0.7872706760142718	-0.9397984013564732	8.240426563257392
low_clip_control	0.7870679079126184	-1.290906377352813	22.263450834879407
low_clip_control	0.7868261086929308	-1.8952762283358715	17.962806424344887
low_clip_control	0.7867949375950366	-1.040713993117147	17.342697434427404
low_clip_control	0.7865963618908067	-0.8745026607729074	22.30944019830613
low_clip_control	0.7862608904229799	-0.7984061510742025	7.546187874056726
low_clip_control	0.7858751946471525	-0.7053187178566724	9.790590155017677
low_clip_control	0.7858751946471525	-1.080148971465374	14.492753623188406
low_clip_control	0.7853432274431574	-0.590241319824011	6.759294029290274
low_clip_control	0.7849871090291497	-0.5641182469283118	7.407407407407407
low_clip_control	0.7849709670770385	-1.2206207679960648	13.781582793902697
low_clip_control	0.7849157432434315	-1.1795472869831571	9.013282732447818
low_clip_control	0.7848319054314647	-0.5438419310341871	11.376564277588168
low_clip_control	0.7846943246464321	-1.1267350031537298	13.227513227513226
low_clip_control	0.7846527220441774	-0.6307903681128642	6.56984785615491
low_clip_control	0.784271308944563	-0.7899013455174292	12.857142857142858
low_clip_control	0.7837914502869247	-1.504502693440331	22.01430930104568
low_clip_control	0.7824085649273732	-0.8450632812205445	9.98801438274071
low_clip_control	0.7817354642862285	-1.0214927491827923	7.5046904315197
low_clip_control	0.7815630388778098	-1.6392526562221097	11.5642118076689
low_clip_control	0.781309171562424	-1.7709956318844713	11.490683229813664
low_clip_control	0.780686971595524	-0.7152425740885824	13.036393264530146
low_clip_control	0.780686971595524	-1.2556689596105797	15.531238969290504
low_clip_control	0.7804336227423154	-0.7562289468857953	12.623074981065386
low_clip_control	0.7800343160580921	-1.48309494135659	12.730465320456542
low_clip_control	0.7795643062670353	-0.6440335531429057	9.07715582450832
low_clip_control	0.7794655248841343	-0.5025003405291834	10.526315789473683
low_clip_control	0.7793332906407168	-0.4378488877641602	7.556675062972292
low_clip_control	0.7793118848758009	-0.4902214945899533	11.98540906722251
low_clip_control	0.779281680380997	-0.5201512511387425	5.9880239520958085
low_clip_control	0.7790910698388828	-0.4001160249590117	13.625592417061611
low_clip_control	0.7790910698388828	-1.3176338611728722	9.30232558139535
low_clip_control	0.7789731206877816	-0.7508950580692247	7.753116448768623
low_clip_control	0.7788725459001297	-2.434651200670601	7.138607971445568
low_clip_control	0.7787342441178362	-0.8119595431562254	7.123287671232877
low_clip_control	0.7780157538086964	-1.1603640240832231	11.75386033648306
low_clip_control	0.7780109604754597	-1.009628701197777	8.561643835616438
low_clip_control	0.777607578663552	-1.983690174812954	7.697241821680564
low_clip_control	0.777607578663552	-1.1541822648965652	11.0062893081761
low_clip_control	0.777607578663552	-0.5425135627411839	9.052924791086353
low_clip_control	0.777607578663552	-1.690843548296766	7.324729682595047
low_clip_control	0.7769138084934674	-0.42901662133469	7.82122905027933
low_clip_control	0.7768555874863027	-0.9483551743516204	11.08139090561712
low_clip_control	0.7766999378403535	-1.3753430883173503	13.337893296853624
low_clip_control	0.7766217945179965	-1.0736430302718156	8.562532433834976
low_clip_control	0.775126589159797	-1.684057421181989	20.34498009730208
low_clip_control	0.7749334443652266	-1.311504934756984	11.543810848400556
low_clip_control	0.7749334443652266	-0.460256251435336	13.134851138353763
low_clip_control	0.7740462462184946	-0.5195553471505507	5.810882197569995
low_clip_control	0.773724144176324	-0.3342088337729818	17.33232856066315
low_clip_control	0.7732291381529777	0.0089331247700076	13.59039190897598
low_clip_control	0.7723642130426056	-0.6935328803617841	10.77555650077981
low_clip_control	0.7717310123268827	-0.3553780733094243	11.79025752404592
low_clip_control	0.7706031908664936	-0.9276230021955356	11.482389369113662
low_clip_control	0.7705181538772327	0.5923420310867537	9.075043630017452
low_clip_control	0.7705181538772327	-0.7503129878472118	18.420120439249025
low_clip_control	0.7705181538772327	-0.7870062766658016	15.568240788790868
low_clip_control	0.7699160159674927	-0.4191989405934144	8.365019011406844
low_clip_control	0.7695702595981337	-0.0550857212606677	10.40988939492518
low_clip_control	0.7693870718585837	-1.0438183685914704	13.34668001334668
low_clip_control	0.7692466567491352	-1.2584487679317486	10.261194029850746
low_clip_control	0.768994448358844	0.4128582012195967	8.226851041484334
low_clip_control	0.768994448358844	-0.7748780289533435	12.191889742910153
low_clip_control	0.7688883734741455	-1.6711468655619046	28.131021194605008
low_clip_control	0.7686744538935444	0.7572855785458021	13.584117032392893
low_clip_control	0.7686744538935444	-1.2499168499719742	9.077878643096032
low_clip_control	0.7679574086298327	-0.6436875306767333	6.009873363382701
low_clip_control	0.7678265578709667	-0.4359820997750207	8.933405522468869
low_clip_control	0.7678265578709667	-2.1115083152169905	8.928571428571429
low_clip_control	0.7675539139996291	-1.9632704829214191	8.036739380022961
low_clip_control	0.767022828022386	-0.3410369178350669	15.31213191990577
low_clip_control	0.767022828022386	-0.467527921142685	9.304104002039256
low_clip_control	0.7664093720586881	-0.3435893929824251	9.577970667464832
low_clip_control	0.7661540616937536	-1.404849528393891	17.459361830222758
low_clip_control	0.7659805500563494	-0.5772902695899226	11.546469808820746
low_clip_control	0.7659004948858864	-0.4831668480528431	10.2843315184513
low_clip_control	0.765534746362977	0.2663831588829937	18.83408071748879
low_clip_control	0.765534746362977	0.2660990804666253	10.7747562852745
low_clip_control	0.765534746362977	-1.2970980541551091	11.811604901816034
low_clip_control	0.765534746362977	-0.3975923648194346	12.34567901234568
low_clip_control	0.765534746362977	-1.3470190758501928	13.961605584642234
low_clip_control	0.765534746362977	-2.957215133503204	9.244372990353698
low_clip_control	0.765534746362977	-0.5667976913715408	16.152716593245227
low_clip_control	0.765534746362977	-1.032559660254706	21.544929059379925
low_clip_control	0.765534746362977	-0.7509986532050964	10.428410372040586
low_clip_control	0.765534746362977	-2.288576146320494	14.336917562724016
low_clip_control	0.7652887415809181	-1.080527752591871	13.368983957219251
low_clip_control	0.7651541382507869	-0.8135296600228932	10.142923005993548
low_clip_control	0.7635598041779192	-1.6661047202529966	8.196721311475411
low_clip_control	0.7631080089684369	-2.213087664614368	11.492156147391464
low_clip_control	0.7630447169083289	-1.1987822061538025	6.14304519526108
low_clip_control	0.7630298691731036	-1.3917629233716975	12.014417300760917
low_clip_control	0.7625762378452438	-0.8338403321603124	10.087424344317418
low_clip_control	0.7618402628052354	-0.7734282370804473	9.945199918814694
low_clip_control	0.7618402628052354	-0.5081469036703253	12.750455373406194
low_clip_control	0.7608983362422583	-0.0312565884399415	7.933359777865926
low_clip_control	0.7608123361205739	-1.1429579538420431	11.221945137157109
low_clip_control	0.7605083100218598	-0.7154590842896376	9.715994020926756
low_clip_control	0.7603295872317166	-1.4386804513019562	7.882882882882882
low_clip_control	0.7602807609336871	-0.2890313057943451	12.1580547112462
low_clip_control	0.759865996276285	-1.5591780662281771	9.656004828002414
low_clip_control	0.7597836765112979	-0.7490227502889295	9.21780352910192
low_clip_control	0.7597369018248643	-0.5443223599341458	7.930214115781125
low_clip_control	0.7590849711621935	-1.4599874950668883	10.115200899128968
low_clip_control	0.7589919004962051	-1.500767373304728	19.573727707699
low_clip_control	0.7589919004962051	-0.6934715494407887	4.965457685664939
low_clip_control	0.7589919004962051	-1.1661728665812048	12.25217197594119
low_clip_control	0.7588815900598713	-0.9479930299220544	15.089163237311386
low_clip_control	0.7583789006820585	-0.6173353135220314	10.955302366345313
low_clip_control	0.7582766431667755	-1.692698805493893	10.50328227571116
low_clip_control	0.7580272096940358	-0.4215882674926248	10.25236593059937
low_clip_control	0.757639162430956	-0.4756342228024145	8.783969256107603
low_clip_control	0.7568651516039111	-1.1221002263521107	13.73994638069705
low_clip_control	0.7567288489876361	-0.4388326574574307	6.374501992031873
low_clip_control	0.7567288489876361	-1.555215157327104	10.469899040259254
low_clip_control	0.7559175256950309	-1.3135382374002178	13.14708299096138
low_clip_control	0.7557631896203322	-0.2900533759005912	25.491237387148168
low_clip_control	0.755515990537986	-0.9784668384503588	13.101867016049788
low_clip_control	0.7554744009609945	-1.6981985577086418	14.173529975100555
low_clip_control	0.7550075716605117	-1.472146443942833	9.632224168126095
low_clip_control	0.7547434703118151	-0.6696254001495818	23.541453428863868
low_clip_control	0.7544795578539814	-0.0426697112044382	7.462686567164179
low_clip_control	0.7540313395944713	-1.2422965094986138	11.149825783972126
low_clip_control	0.7539926057268587	-0.6629903694266076	13.218188227000352
low_clip_control	0.7539386727699197	-1.1193552715424084	11.71303074670571
low_clip_control	0.7538394127306024	0.0336677127653948	14.285714285714285
low_clip_control	0.7534880500788682	-0.0178177760952304	4.878048780487805
low_clip_control	0.7533600324168748	-0.7330075805975229	9.800822004426175
low_clip_control	0.7533600324168748	-0.4069799870394152	11.933174224343675
low_clip_control	0.7532062351734171	-0.5579753720158952	3.610977371208474
low_clip_control	0.7530927676808588	-1.4590976823108468	11.313745356298549
low_clip_control	0.752782299628981	-0.9442408674174666	9.849663037843442
low_clip_control	0.7526899464592227	-1.5244011951164174	12.055455093429778
low_clip_control	0.7526188584776916	-1.2680845120293167	18.082565677243263
low_clip_control	0.7524929870230858	-0.9975773377331444	8.861320336730172
low_clip_control	0.7524785935375307	-0.5711658538715552	12.223071046600458
low_clip_control	0.7523185584737909	-0.6522481185896101	22.641509433962263
low_clip_control	0.7520724865564145	-2.101509614928816	13.293943870014772
low_clip_control	0.7518267750611618	-2.0177747017279763	12.535963830661734
low_clip_control	0.7516870998729718	-0.1920225558007459	14.03180542563143
low_clip_control	0.7516870998729718	-0.8355801045225462	14.184397163120568
low_clip_control	0.7515016873240867	-0.3822494715897151	7.804632426988922
low_clip_control	0.7514409166820858	-0.5192852719393336	13.483146067415731
low_clip_control	0.7513208871432763	0.3754710948543459	5.813953488372093
low_clip_control	0.7509724521600853	-1.8186348469236069	8.461538461538462
low_clip_control	0.7500217469916526	-0.7280103793191776	9.977827050997782
low_clip_control	0.7498329125619471	-1.0342890678209218	14.780498566071037
low_clip_control	0.7489382358322821	-1.4724657793279134	11.271676300578036
low_clip_control	0.7487938811588155	-0.0208195535661633	8.435374149659863
low_clip_control	0.7486948867483133	-0.6869785442102618	13.322231473771858
low_clip_control	0.7482455190322088	-1.0416161413037577	12.9090363254278
low_clip_control	0.7478736220534123	-1.203780390655702	11.010136315973435
low_clip_control	0.7478129764031987	-0.1636323129842721	8.69221651521138
low_clip_control	0.7475921999850769	-0.8869694102267655	8.395061728395062
low_clip_control	0.746845324892865	-1.8660486743910685	12.868801004394223
low_clip_control	0.746243407754217	-0.9326387830450186	10.248447204968944
low_clip_control	0.7459543773934607	-0.8545107683825673	8.25536598789213
low_clip_control	0.7456174644191153	-0.0113224861612066	6.590357266736039
low_clip_control	0.7454271729144023	-2.319402448589883	12.63758662861802
low_clip_control	0.7454271729144023	-1.3948959668805367	11.088011088011088
low_clip_control	0.7454271729144023	-2.241263783162575	13.287222424463051
low_clip_control	0.7454271729144023	-1.2249663650002744	11.95219123505976
low_clip_control	0.7454271729144023	-0.8448296274762669	17.704918032786885
low_clip_control	0.7451395256119062	-1.4046955550573847	16.194331983805668
low_clip_control	0.7447429447579255	-0.334884690853472	11.045364891518735
low_clip_control	0.7432245846378885	-0.5277376320282061	12.012012012012011
low_clip_control	0.7432245846378885	-1.026544911355708	10.849349039057657
low_clip_control	0.7428421605028755	-0.8160147556644183	9.256738361012795
low_clip_control	0.7428421605028755	-1.4480855708787823	9.939260077305356
low_clip_control	0.7426222207142205	-1.3385190208389308	11.688634667993036
low_clip_control	0.7423703986070106	-0.8873346629874631	8.511735878256383
low_clip_control	0.7423237991774003	-1.4323988586024057	13.379991766158913
low_clip_control	0.7422022425323532	-1.242466103711656	12.66308518802763
low_clip_control	0.7419318470595555	-1.6428777597332285	11.152416356877325
low_clip_control	0.7418810845803226	-0.7357370963988623	10.59390048154093
low_clip_control	0.7417400994865534	-0.5827251685442683	14.14027149321267
low_clip_control	0.7414669864011469	-0.257872700718015	5.44894574745321
low_clip_control	0.7412025870526769	-0.7484612330040356	14.019520851818989
low_clip_control	0.7411172374366736	-1.1915215366177645	11.311725038068303
low_clip_control	0.7410566908053069	-1.1926446067115335	14.94910941475827
low_clip_control	0.7401858969338486	-1.2513051132516866	14.398848092152628
low_clip_control	0.7397642275188795	-1.2095188501676135	13.028571428571428
low_clip_control	0.7396850955197982	-0.0623084117981087	6.373937677053824
low_clip_control	0.7392005985495146	-0.9739580218934064	9.623992837958818
low_clip_control	0.7387906355745326	-0.791275862050669	9.00900900900901
low_clip_control	0.7379957227646955	-0.9043432995420024	9.874566319722444
low_clip_control	0.737896065040697	-0.231699329106513	6.946983546617917
low_clip_control	0.7369655941662062	0.4143437291087594	8.069164265129682
low_clip_control	0.7369655941662062	0.1520030934450497	7.27016885553471
low_clip_control	0.7369655941662062	-1.1313542104532155	14.331210191082803
low_clip_control	0.7369655941662062	-1.555190601442728	7.801418439716312
low_clip_control	0.7369655941662062	-0.3155110463181651	7.111597374179431
low_clip_control	0.7369655941662062	-1.0641303374197155	6.122448979591836
low_clip_control	0.7369655941662062	-0.7137139620649252	6.663705019991116
low_clip_control	0.7369655941662062	-0.797347748702223	17.622797150356206
low_clip_control	0.7369655941662062	-1.0	15.558343789209536
low_clip_control	0.7369655941662062	-1.2559097980832143	13.65923795830338
low_clip_control	0.7369655941662062	-0.5140349595112301	18.20187534473249
low_clip_control	0.7369655941662062	-1.2571578394971246	9.227780475959204
low_clip_control	0.7369655941662062	-0.0703893278913978	4.329004329004329
low_clip_control	0.7369655941662062	-1.5025003405291832	5.884825556956704
low_clip_control	0.7369655941662062	-0.8405681690798943	8.933773548261797
low_clip_control	0.7358424372072689	-0.5570191191599199	6.077348066298343
low_clip_control	0.7357105309805818	-1.5582097731154707	7.742703990470519
low_clip_control	0.7356504664170792	-1.267763289191006	11.411889596602972
low_clip_control	0.7348579312042149	-0.2242010344933765	9.824561403508772
low_clip_control	0.7348107094625324	-0.2649339387492753	36.96098562628337
low_clip_control	0.7347096202258382	-0.1472071832198942	8.587786259541986
low_clip_control	0.7346737826582165	-0.3976297865826227	10.438413361169102
low_clip_control	0.7341885094956325	-0.5172815536426504	10.168650793650794
low_clip_control	0.7341885094956325	-1.5096126397807417	7.797994801336799
low_clip_control	0.7340303031416593	-1.4941170934323191	14.385835485060865
low_clip_control	0.7339036297181418	-1.1157867409291369	9.713977334052888
low_clip_control	0.733719934662552	-0.1152786768511385	10.242587601078167
low_clip_control	0.7336065820762916	-0.7724737502930712	10.058479532163744
low_clip_control	0.7333879232914878	-0.5437071729580658	8.607198748043817
low_clip_control	0.7333543406138273	-1.4740823110672303	17.937219730941703
low_clip_control	0.7326201238902419	-1.189228481746534	14.566320900463474
low_clip_control	0.7326004016048042	-0.7037062504302913	9.876543209876544
low_clip_control	0.7324831240163115	-1.225453079442717	12.276394247632409
low_clip_control	0.732066794753367	-0.8216138138506038	9.866102889358704
low_clip_control	0.7314327204973781	-1.0495003792580295	7.343941248470013
low_clip_control	0.7310040359274894	-0.092731417935006	9.371745921555016
low_clip_control	0.7301119231251437	-0.8592637126327182	6.8762278978389
low_clip_control	0.729198711122516	-0.5484213069416252	13.224821973550355
low_clip_control	0.728928275100788	-0.6392712230979589	11.76470588235294
low_clip_control	0.7284035806627821	0.1541804681974687	11.089108910891088
low_clip_control	0.7283266758923335	-0.6290231080250006	6.418485237483954
low_clip_control	0.7281953845384741	-1.104826181499478	16.540317022742936
low_clip_control	0.728128230907029	-0.5219527031953558	8.825729244577412
low_clip_control	0.7279204545631992	-0.2424806760571692	10.993037742762915
low_clip_control	0.7278055948807304	-1.044316657142489	7.121910347716799
low_clip_control	0.7274741451889085	0.1010669261704006	10.03052769297863
low_clip_control	0.7273795453370081	-1.0263520652031228	12.956669498725574
low_clip_control	0.726981505593584	-1.491127563743352	10.907003444316876
low_clip_control	0.7267154974724489	-1.2246308935324477	13.67365542388332
low_clip_control	0.7265489782208677	-1.1843235536945529	13.852813852813853
low_clip_control	0.7264349266740366	0.8052286209492162	11.588052880692018
low_clip_control	0.7263001856088368	-0.5160668560125373	6.817562039814562
low_clip_control	0.7258250365610057	-1.2002986504858313	13.040238450074517
low_clip_control	0.7256613636308977	-0.9796517532314823	15.522107243650046
low_clip_control	0.7255090787312045	-1.1676297719471689	10.391923990498812
low_clip_control	0.7251401587694165	-0.4455594440557396	10.344827586206897
low_clip_control	0.7249457018887877	-1.5197262119436232	11.205330102967896
low_clip_control	0.7248002131892747	-0.9499330027133854	7.313997477931904
low_clip_control	0.7245463349121382	-1.6200028488571077	11.865793780687396
low_clip_control	0.7234823648025842	0.1293554210290223	9.7911227154047
low_clip_control	0.7227342083255466	-0.3453768086074105	10.44689495066744
low_clip_control	0.722591046789371	-1.1258480833896014	14.34878587196468
low_clip_control	0.722466024471091	0.2642455672656851	7.639726578206675
low_clip_control	0.7222190087970197	-1.8419280706050305	10.054137664346484
low_clip_control	0.7221875387949269	0.5604510183709046	11.846001974333662
low_clip_control	0.7218981460772644	-0.8154006895217967	9.936611272914169
low_clip_control	0.721597192743002	-0.7138819810531648	20.63106796116505
low_clip_control	0.7213816989477512	-1.0710289621474482	14.672318226279751
low_clip_control	0.7210794842001286	-1.0437589248917272	9.25925925925926
low_clip_control	0.7206176000787224	0.3654210764620262	9.63135171039522
low_clip_control	0.7203827099706019	-0.5035080088668051	8.98876404494382
low_clip_control	0.7197220218643097	-0.8249979561010627	12.213740458015266
low_clip_control	0.7195046240999838	-0.7229427189299913	6.5274151436031325
low_clip_control	0.71902342345585	-0.8161598533186867	9.929078014184398
low_clip_control	0.7187033877734778	-0.28393083164558	14.545454545454543
low_clip_control	0.717483522785686	-0.8099898394263662	20.245071923281834
low_clip_control	0.7168619857940594	-0.6439095144175152	11.584800741427246
low_clip_control	0.7162070339994087	1.0138057995250307	16.691957511380878
low_clip_control	0.7162070339994087	0.4324804134952354	8.849557522123893
low_clip_control	0.7162070339994087	-1.0469009749690283	12.512030798845045
low_clip_control	0.7162070339994087	-1.917537839808027	8.13628273582507
low_clip_control	0.7162070339994087	-1.7521699626579947	15.034453956984756
low_clip_control	0.7162070339994087	-0.6553518286125543	10.415180482237124
low_clip_control	0.7162070339994087	-0.0038127332036929	6.247396917950854
low_clip_control	0.7158819928713269	-0.1131667799254408	8.354755784061696
low_clip_control	0.7150230412855292	-1.2736729262801412	11.758321273516644
low_clip_control	0.7147999383637378	-0.2787006068015888	3.584229390681004
low_clip_control	0.7145977811377516	-2.0005816816186983	11.153846153846152
low_clip_control	0.7139280580893352	-1.3740714300194228	19.05770248808893
low_clip_control	0.7138290953682714	-0.2119536182121362	8.287292817679557
low_clip_control	0.7136958148433589	-1.852442811586142	7.288629737609329
low_clip_control	0.7136958148433589	-0.20965330950577	13.540290620871865
low_clip_control	0.7136958148433589	-2.416646752140501	13.175230566534914
low_clip_control	0.7136958148433589	-0.7321683463656237	13.032758013384994
low_clip_control	0.7136958148433589	-0.1249375466690021	13.947847180109155
low_clip_control	0.7136269527617303	-1.046232186379858	10.00645577792124
low_clip_control	0.7129701130972277	-0.5712875638240797	8.852891316632133
low_clip_control	0.7128627297670039	-0.9866068331290072	9.684857801691006
low_clip_control	0.7118746132033758	-1.5972659612759013	11.897307451471509
low_clip_control	0.7117984895730874	-1.22898304761577	9.635525764558023
low_clip_control	0.711610019889312	-1.2031400025470955	17.58108517732646
low_clip_control	0.7104933828050152	-0.8370790159291142	9.516460905349794
low_clip_control	0.7104933828050152	-1.400769087493945	17.19056974459725
low_clip_control	0.7104933828050152	-1.1175091072911736	8.661417322834646
low_clip_control	0.7101042539986401	-0.5876835631490652	4.918032786885246
low_clip_control	0.7095501365858057	-0.7358375921625347	14.404432132963988
low_clip_control	0.7094098716456447	-0.8210928551119178	9.07543959160522
low_clip_control	0.7092206036833019	0.0092094766606889	6.306306306306306
low_clip_control	0.7092206036833019	-1.4774093595663529	9.618026930475406
low_clip_control	0.7086978691434009	-0.7686054410439129	10.973936899862824
low_clip_control	0.7086978691434009	-0.1701650020437957	10.993657505285412
low_clip_control	0.7082512004996617	-1.3895387318866184	10.858500169664064
low_clip_control	0.7078192485066896	-0.2788925062810105	9.372979961215256
low_clip_control	0.7078192485066896	-1.057284834990795	5.831798649478207
low_clip_control	0.7078192485066896	-2.643856189774725	22.41125470309177
low_clip_control	0.7076074145674076	-0.2610104873965925	9.51655881233346
low_clip_control	0.7074213185521909	-1.119914555353002	17.045454545454543
low_clip_control	0.7072182507721542	-2.0129390557074984	13.25381047051027
low_clip_control	0.7069530250997665	-1.46548678104409	15.16618263956115
low_clip_control	0.7067077730735254	-0.6012261712363273	8.282208588957056
low_clip_control	0.7063516033741282	-1.5587089579536142	11.60541586073501
low_clip_control	0.7062687969432897	-0.993888353247628	24.205748865355524
low_clip_control	0.7062687969432897	-0.7500217469916525	7.905138339920948
low_clip_control	0.7059148482072433	-0.2723400098165981	11.077844311377245
low_clip_control	0.7056439831436193	-0.8376088058196364	10.02004008016032
low_clip_control	0.7053792511083731	-0.8059363017220464	7.8125
low_clip_control	0.7053792511083731	-0.897898770030498	9.382996872334376
low_clip_control	0.7045441164738286	-0.7584453215766578	18.84340480831709
low_clip_control	0.7041756590485367	-0.8449201016706608	11.07011070110701
low_clip_control	0.7041611339812985	-1.4190315894915542	13.593882752761258
low_clip_control	0.7038679059899753	-1.4529995193587482	12.2517955217575
low_clip_control	0.7034359706010117	-0.6374597034424909	9.536784741144414
low_clip_control	0.7032824679099176	-1.4072310729075013	9.29368029739777
low_clip_control	0.7032824679099176	-0.5706615209691613	10.6973058637084
low_clip_control	0.7030886015832637	-1.102765290967092	25.738077214231645
low_clip_control	0.702543429645238	-1.3868498021182023	14.035087719298248
low_clip_control	0.7024560637395968	-1.1284280141441536	13.272658323852864
low_clip_control	0.7024560637395968	-2.068476192694072	14.670760832480385
low_clip_control	0.7019186470670055	-0.6544901322805973	16.61631419939577
low_clip_control	0.7017761657039061	-0.7105510341083809	4.163197335553705
low_clip_control	0.7016004406088785	-1.6218532174975624	12.008733624454148
low_clip_control	0.7008817880207237	-0.7875672820941098	10.616877173714077
low_clip_control	0.7006313747393	-0.766501944754257	7.756653992395437
low_clip_control	0.7004397181410922	0.1760772284239075	5.194805194805195
low_clip_control	0.7004397181410922	0.0374747054186629	7.0
low_clip_control	0.7004397181410922	-0.5342506576062243	16.875181844631946
low_clip_control	0.7004397181410922	-1.054657961226133	9.236234458259323
low_clip_control	0.7004397181410922	-0.3628723253794091	11.183597390493942
low_clip_control	0.6999550230110875	-1.4966814243058226	8.767881864328565
low_clip_control	0.6995701882056453	-0.5839345740364946	8.769182586908864
low_clip_control	0.6994572904280251	-0.6984202430279881	12.169680111265649
low_clip_control	0.6991576643458105	-1.031331498709832	10.403662089055349
low_clip_control	0.6986192825167233	-0.6228497631552739	10.97420100115518
low_clip_control	0.6984914463515703	-0.2717775898437498	6.11353711790393
low_clip_control	0.6984914463515703	-0.4532554678797363	4.774897680763983
low_clip_control	0.6980921330766303	-1.489171772780734	9.22830012036913
low_clip_control	0.6980425505318735	-1.0560236965554664	10.630220197418376
low_clip_control	0.697839262876385	-0.7286350506194551	16.971279373368148
low_clip_control	0.6978322801624203	-0.3494233337068175	9.844395046046364
low_clip_control	0.6977542709743374	-0.1566211170487123	8.268259072117592
low_clip_control	0.6976526701413802	-0.6093247079437905	10.238907849829353
low_clip_control	0.6973587778715047	-0.6352917204655187	7.41897696212417
low_clip_control	0.6972037652908338	0.1257672151240941	9.815242494226329
low_clip_control	0.6967765040505074	-0.3366920487329892	15.734265734265737
low_clip_control	0.6964504344274922	-0.3615201387562458	9.16380297823597
low_clip_control	0.6961650630407663	-1.7958852265196956	13.837837837837837
low_clip_control	0.6959181114582301	-1.0307176102552456	6.762468300929839
low_clip_control	0.6958466068406136	-0.9117091453389742	10.496850944716584
low_clip_control	0.6951454184715792	-0.7405059518714547	7.7369439071566735
low_clip_control	0.6951454184715792	-2.104780337468412	19.11186059584036
low_clip_control	0.6950050625580974	-1.4997191094839384	12.792236435818262
low_clip_control	0.6948204798362523	-0.8759032992002849	11.028584289894216
low_clip_control	0.6940044205982511	-0.662530829336799	11.74875734297334
low_clip_control	0.6935729986528256	-0.0917302710621139	6.532897806812879
low_clip_control	0.6935019456822437	-0.8132218526386233	12.545899632802938
low_clip_control	0.6930222465786092	-0.5553209942642663	14.330823415108089
low_clip_control	0.6928184904818241	-0.9648961990440844	8.771929824561402
low_clip_control	0.6928184904818241	-1.3259636081225192	6.385696040868455
low_clip_control	0.6925714748077527	-0.9778715523523268	10.492040520984082
low_clip_control	0.6924428689967149	-1.1915060525111276	11.540860885839052
low_clip_control	0.6923754431421357	-1.5599173712748289	12.708367717445125
low_clip_control	0.6921113583819457	-0.985300235317074	10.825439783491206
low_clip_control	0.6920503067842985	-1.6247711705749643	13.72093023255814
low_clip_control	0.6918777046376682	-0.8163582486549451	5.1933064050779
low_clip_control	0.6918777046376682	-0.5499691650508998	10.927035600986958
low_clip_control	0.6918777046376682	-0.6177974630712662	6.941907197661673
low_clip_control	0.6918777046376682	-1.260527550223219	10.128719139058871
low_clip_control	0.6918777046376682	-0.7293400915953039	8.583690987124463
low_clip_control	0.6918777046376682	-1.0588936890535685	12.494320763289414
low_clip_control	0.6918777046376682	-0.7560744171139109	9.554140127388534
low_clip_control	0.6918777046376682	-0.7653007839398109	10.511882998171846
low_clip_control	0.6907100032053336	-1.280649948750765	18.030513176144243
low_clip_control	0.6906719418922711	-2.188072348152572	15.261251939989654
low_clip_control	0.6903155008673847	-1.7440550189525252	17.70050125313283
low_clip_control	0.6892991605358918	0.1177316872047135	9.01495162708883
low_clip_control	0.6890709040618948	-0.6093127412826955	5.056890012642225
low_clip_control	0.688798311705696	-1.782078662497511	14.211274277593557
low_clip_control	0.6885389041637063	-0.7976526436036014	7.878446820483961
low_clip_control	0.6875322343617039	-0.4228148498705633	10.158013544018058
low_clip_control	0.687409769691974	-1.3641289867620698	15.873015873015872
low_clip_control	0.6871170447156447	-0.9651142829928928	13.164310092637738
low_clip_control	0.6870403688345239	-1.0882571386274629	12.658227848101266
low_clip_control	0.6868421147403698	-3.3033124167200154	10.353584684508691
low_clip_control	0.686407764280702	-1.316943429618877	14.719244048700707
low_clip_control	0.6862458365583378	-0.753663058117061	12.266666666666667
low_clip_control	0.6861724038837546	-1.3762146603995071	12.757454657239473
low_clip_control	0.6859729799810779	-1.08600172671675	13.76889848812095
low_clip_control	0.685891409571937	-1.0919339508175765	9.781089892873778
low_clip_control	0.685891409571937	-0.6049548768500277	9.365244536940686
low_clip_control	0.6851266626465882	-0.84698896866517	14.096395711994598
low_clip_control	0.6849582906978775	-0.4880715484258055	15.250544662309368
low_clip_control	0.6844981742720707	-1.5661775653591572	12.023535431056535
low_clip_control	0.6844981742720707	-1.176098769062513	11.908219575951204
low_clip_control	0.6844981742720707	-1.8065769791749693	16.237204376985527
low_clip_control	0.6843734222255673	-1.4464641837907584	10.36191620363418
low_clip_control	0.6840706457340807	-0.6530655830683911	9.481316229782488
low_clip_control	0.6836195536353594	-1.2848549425232505	8.17384370015949
low_clip_control	0.6835263352047457	-1.3051432482358845	5.729396209784046
low_clip_control	0.6835263352047457	-2.139323959374304	12.811867835468645
low_clip_control	0.6835263352047457	-0.0193103415663782	5.027652086475617
low_clip_control	0.6835263352047457	-1.3253666665515529	11.833046471600689
low_clip_control	0.6834450772114893	-1.894672855882324	12.361914781693844
low_clip_control	0.6828098241193009	-0.6857531116997538	6.700167504187605
low_clip_control	0.6828098241193009	-0.8543584068063882	9.852216748768472
low_clip_control	0.6825178101438298	0.489528043383431	10.061182868796736
low_clip_control	0.6824190982800659	-0.6016168880893673	12.238771504445214
low_clip_control	0.6822597020760711	-1.9404650899433	12.351778656126482
low_clip_control	0.6819242306082441	-0.8665899916012518	6.099420555047271
low_clip_control	0.6818240399737453	-1.4833915175814785	7.616361071932299
low_clip_control	0.6818240399737453	-1.057184607310871	17.894012388162423
low_clip_control	0.6812696050716872	-1.007042033302392	16.048408313601684
low_clip_control	0.6812278796343132	-0.1066328546582289	7.278608976951072
low_clip_control	0.6811778159804592	-1.025598406388387	15.977961432506886
low_clip_control	0.6809315592518783	-0.4601560449848757	14.425851125216388
low_clip_control	0.6806894353877724	-1.6617335844985994	15.29745042492918
low_clip_control	0.6806565892349457	-1.0261226526876273	12.806949161980066
low_clip_control	0.6805977797716652	-0.724207884074042	11.270047680970958
low_clip_control	0.6802002974940812	-1.4348035944173636	14.53104359313078
low_clip_control	0.6797029906915659	-0.5589610684463091	4.847309743092583
low_clip_control	0.6793781026132625	-1.1598993158901891	9.57854406130268
low_clip_control	0.6788294241853786	-1.6649714840481544	16.74718196457327
low_clip_control	0.6780719051126377	-1.3649351855324316	13.023255813953488
low_clip_control	0.6780719051126377	-0.9762226167168742	14.627659574468083
low_clip_control	0.6780719051126377	-0.601276151332043	13.68421052631579
low_clip_control	0.6780719051126377	-1.2344652536370229	8.300953726598374
low_clip_control	0.6780719051126377	-1.6872784700658532	8.46925972396487
low_clip_control	0.6780719051126377	-0.8839762036605167	15.948963317384369
low_clip_control	0.6780719051126377	-2.187627003175772	10.348706411698537
low_clip_control	0.6780719051126377	-0.6014506235097252	10.989010989010987
low_clip_control	0.676922805059145	-0.7307689733481919	9.240246406570842
low_clip_control	0.6765929761867245	-0.4800035067405763	9.670487106017193
low_clip_control	0.6762583347407065	-0.9517077560303384	10.201190138849531
low_clip_control	0.6761367002069237	-1.2902751882363026	14.609765474817378
low_clip_control	0.6757720909194133	-1.4257579910167055	9.456264775413713
low_clip_control	0.6751782783566432	-1.9005675774753807	10.035610229847848
low_clip_control	0.6750797954174735	-0.4226069160474063	7.145287512759442
low_clip_control	0.6749592932453019	-1.020875509285118	7.460946607600839
low_clip_control	0.6745997132058327	-0.995182983702224	8.831240513315853
low_clip_control	0.6744135567345698	-0.8060368334172028	8.687558175612782
low_clip_control	0.6742298388182435	-0.4205619092017812	4.033613445378151
low_clip_control	0.6741016790028542	-0.9542800339141068	10.408326661329063
low_clip_control	0.674072893758354	-0.9027938850691636	10.043668122270743
low_clip_control	0.6735937999934859	-0.1707189561378713	8.681925808997633
low_clip_control	0.6728352567464905	-0.3370865229597694	12.219959266802444
low_clip_control	0.6724253419714956	0.0744199085912977	8.561643835616438
low_clip_control	0.6721953387759684	-2.115514425283419	16.57967454712926
low_clip_control	0.6720481174848676	-1.2467427824830948	8.920332205475239
low_clip_control	0.6719650109733812	-1.7460416890339263	14.604354753053638
low_clip_control	0.6713772525386293	-1.154007106906276	10.661764705882351
low_clip_control	0.6711402428269705	-1.804377687785492	8.502598016060462
low_clip_control	0.6709604091260533	-0.4312799124906853	9.69351389878831
low_clip_control	0.6708403358815619	-1.243888233975573	8.05523590333717
low_clip_control	0.6708019172574955	-2.020627866224403	14.997458057956278
low_clip_control	0.6706923747470401	-0.614828233408347	8.036490008688098
low_clip_control	0.6698513983076692	-0.2902192351600243	10.256410256410255
low_clip_control	0.6698513983076692	-3.4721707304679748	7.151370679380214
low_clip_control	0.6695267959796289	-1.5982847543405525	8.42427723530538
low_clip_control	0.6695267959796289	-0.2360304980316687	12.970969734403951
low_clip_control	0.669306539596256	-0.7279689089863739	13.958125623130607
low_clip_control	0.6690267655096307	-0.8085707285040293	3.121098626716604
low_clip_control	0.6679578273484404	-2.003047319402824	13.144382830149928
low_clip_control	0.6675640753109271	-0.8036866383399391	8.819951338199512
low_clip_control	0.667424660913129	0.6945869918956542	8.903133903133904
low_clip_control	0.667424660913129	-1.115477217419936	13.46389228886169
low_clip_control	0.667424660913129	-0.9956215594894255	10.80737444373808
low_clip_control	0.667424660913129	-1.1885060074055145	11.754827875734676
low_clip_control	0.6671671287737646	-1.3746154210453014	16.0
low_clip_control	0.6667565918848034	-0.8388467960065149	13.127413127413128
low_clip_control	0.6662492313498303	-2.0300246328968248	16.876506830967053
low_clip_control	0.6661698160563461	-0.7978439651718299	12.962962962962962
low_clip_control	0.6660178396988834	-1.1819799312182049	14.145810663764962
low_clip_control	0.665959192366983	-1.1175419955660029	11.829319814110688
low_clip_control	0.6658824961047235	-0.7304472360722717	13.59883438562409
low_clip_control	0.6658628474174202	-0.7349650953741109	15.57285873192436
low_clip_control	0.6649165400297585	-0.5379284313542159	10.713352495427229
low_clip_control	0.6648158084103709	-0.8617047182720873	9.511228533685602
low_clip_control	0.664734105575485	-1.4263366711851642	11.074842620657495
low_clip_control	0.6647135222576186	-1.1097928631232086	10.1931330472103
low_clip_control	0.6644828403646825	-0.6670061286057686	8.071986237925103
low_clip_control	0.6643202923344403	-0.2202487576895857	4.590984974958264
low_clip_control	0.6629650127224292	0.5985601041218783	12.919896640826872
low_clip_control	0.6629650127224292	-0.0221616499241586	8.764777823073787
low_clip_control	0.6623739864786496	-0.6958510621352448	11.0929472209248
low_clip_control	0.6622276270478591	-0.0475916375937183	7.243990780375371
low_clip_control	0.6621041568672881	-1.1559001432946974	9.770603228547154
low_clip_control	0.6615619052431319	-1.4763692702310072	10.07315025782468
low_clip_control	0.6615393239939658	-1.0470118164361175	8.730066348504248
low_clip_control	0.6610365335676256	-0.7429690805278039	7.808292945611201
low_clip_control	0.6609759112893302	-0.9456320745047452	7.952286282306162
low_clip_control	0.6606622268530088	-1.4285431133613788	16.881827209533267
low_clip_control	0.6603699033791788	-1.1458364830620624	17.248814144027598
low_clip_control	0.660131729487555	0.3847573878838639	5.636070853462158
low_clip_control	0.6600968307819356	-0.6765237902703737	13.122476446837146
low_clip_control	0.658963082164933	0.584962500721156	10.325837540156035
low_clip_control	0.658963082164933	-1.2895066171949847	8.686587908269631
low_clip_control	0.658963082164933	-2.211504105193712	7.100591715976331
low_clip_control	0.658963082164933	-1.7112430295045995	12.66825019794141
low_clip_control	0.658963082164933	-0.6604420110908463	14.213197969543147
low_clip_control	0.6586928892545283	-0.7100812333745374	10.982976386600768
low_clip_control	0.6583557594698398	-0.6305298587735739	11.615628299894404
low_clip_control	0.6578940231750073	-0.5303182846689456	15.473191795609932
low_clip_control	0.657607802552922	-2.451211111832329	12.116679132385938
low_clip_control	0.656574969881995	-0.4540133564643629	8.064516129032258
low_clip_control	0.6560455987826387	-1.0847433398967474	10.885700148441366
low_clip_control	0.6560455987826387	-0.4757221146904915	10.169491525423728
low_clip_control	0.6560455987826387	-0.6717552939771877	10.385756676557865
low_clip_control	0.6556654920643581	-1.572834453041165	7.132316773241515
low_clip_control	0.655351828612554	-0.1649710269265431	10.24017873766524
low_clip_control	0.6551715030025589	-0.2780760803504132	6.211180124223602
low_clip_control	0.6545034339742333	-0.9141464116113176	17.034068136272545
low_clip_control	0.6544029992190054	-0.7267303719717513	12.055837563451776
low_clip_control	0.6542251631582698	-1.3011164972365712	8.962868117797695
low_clip_control	0.6538243588659604	-1.203842024964668	12.684124386252046
low_clip_control	0.6537614977064599	-1.3531576253298885	11.102661596958177
low_clip_control	0.6536983097600404	-0.5129844687882493	12.39829523440527
low_clip_control	0.6534422386039228	0.1959231655635153	7.539582809751193
low_clip_control	0.6527778849487278	-0.863404763444383	8.76424189307625
low_clip_control	0.6522306250984724	-1.6008564122060975	25.055268975681653
low_clip_control	0.6520766965796931	-0.5188101657162288	9.73338975878121
low_clip_control	0.6520766965796931	-1.511899038531433	4.11946446961895
low_clip_control	0.6520766965796931	-2.997265032278761	12.34567901234568
low_clip_control	0.6517552046472455	-1.4608073922292228	10.57190166857725
low_clip_control	0.6516115361562248	-0.8859051552006415	18.631732168850075
low_clip_control	0.6515051058270145	-0.722596887099045	7.8728002469898115
low_clip_control	0.650852217270434	-1.5558109900524009	9.726049602852974
low_clip_control	0.6507944908597822	-1.2702261805523598	10.9717868338558
low_clip_control	0.6507645591169023	-1.781743278667843	11.04417670682731
low_clip_control	0.6504155622097723	-0.4410165658596773	14.675052410901468
low_clip_control	0.6501275473876126	-0.8672532228715437	12.536873156342184
low_clip_control	0.6483878808627898	-1.072776254129712	9.051724137931036
low_clip_control	0.6480725445757944	-0.6190004240144736	18.005540166204987
low_clip_control	0.6476982560691188	-1.57451571328604	11.479173499508036
low_clip_control	0.6471189767837257	-1.224173226752456	11.851851851851851
low_clip_control	0.6466393972759805	-0.8384286351866916	8.30367734282325
low_clip_control	0.645335118700638	-1.0445695862783244	11.93058568329718
low_clip_control	0.645083493158727	-0.7986377049564951	15.899581589958158
low_clip_control	0.6449050411774384	-1.0309634734845163	8.249721293199554
low_clip_control	0.6449050411774384	-0.9356626613544629	10.86048454469507
low_clip_control	0.6447347212385252	-1.00640213903716	9.952465834818776
low_clip_control	0.6447070863142177	-1.5955669614688028	13.368983957219251
low_clip_control	0.6444578837693127	-1.7460630474876049	10.06806579693704
low_clip_control	0.6444389791346551	-0.4922855480310149	16.706443914081145
low_clip_control	0.6443835869807036	-0.773385149759322	9.530791788856304
low_clip_control	0.6442835916563542	-1.0564814701546017	23.59550561797753
low_clip_control	0.6438561897747247	-1.4948233328835092	10.933169079149984
low_clip_control	0.6438561897747247	-0.14082001433455	7.283709362231303
low_clip_control	0.6438561897747247	-0.070389327891398	12.88992008249549
low_clip_control	0.6435442219843667	-0.3367660033966965	14.516129032258066
low_clip_control	0.6429681041567217	0.2222715852457842	9.63172804532578
low_clip_control	0.642843416801656	-0.1745584046268543	5.747126436781609
low_clip_control	0.6427669522440186	-1.1939617108760556	10.349926071956627
low_clip_control	0.6422176943789706	-1.4360963911449038	9.255273353422298
low_clip_control	0.6419966902222616	-0.8202146358798501	9.92063492063492
low_clip_control	0.6416608179437009	-0.8664765391716387	11.77587844254511
low_clip_control	0.6415460290875237	-1.083006605239038	14.097744360902254
low_clip_control	0.6408157354546735	-0.8703548575980748	12.824728707661954
low_clip_control	0.6405321885392022	-0.7229872105035967	12.31922870915908
low_clip_control	0.6400601766599636	-1.2440663771193028	8.797653958944283
low_clip_control	0.6400038642791182	-0.8565420156879585	12.214218603194489
low_clip_control	0.6399289599390847	-0.5213089462562424	9.576612903225806
low_clip_control	0.6398708418235456	-1.82112830088884	8.585630366018979
low_clip_control	0.6397283041520481	0.0176808360540347	10.57014734144779
low_clip_control	0.6390391734769489	-1.1338008355318148	12.048192771084338
low_clip_control	0.63890130783196	-1.2572442825804837	12.671059300557529
low_clip_control	0.6381122072399208	-0.3670380143304023	9.017341040462428
low_clip_control	0.6380087350827905	-0.9673467826812489	11.281396338867603
low_clip_control	0.637571660070226	-1.235973436473851	9.378211716341212
low_clip_control	0.6374299206152918	-0.227291220749287	8.626001232285889
low_clip_control	0.6374299206152918	-1.0722306747155652	11.39833095868105
low_clip_control	0.6368014322407742	-0.8626983842380754	16.052880075542966
low_clip_control	0.6359777865813795	-0.9442228135157722	9.510319708619992
low_clip_control	0.6359464294399613	0.0882959996663007	6.960556844547564
low_clip_control	0.6355885737911242	-1.337308475327593	11.014686248331108
low_clip_control	0.6355885737911242	-1.2716091415718036	10.41095890410959
low_clip_control	0.6345183251953885	-1.0342056822767915	8.11010076185795
low_clip_control	0.6342060197410053	0.0525898378017939	11.150047785919083
low_clip_control	0.6338721012021026	0.0370923461504317	5.376344086021506
low_clip_control	0.6338721012021026	-1.4338478347021586	9.55593029792018
low_clip_control	0.6338721012021026	-0.8047301666827299	8.396946564885496
low_clip_control	0.6337718060899007	-1.6899252177978712	12.332721070585148
low_clip_control	0.6335724449457778	-0.8855407049091827	8.365284071104915
low_clip_control	0.632268215499513	-2.47783262601474	11.029411764705882
low_clip_control	0.6316125940199775	-1.1826452190831591	12.182203389830509
low_clip_control	0.6310000713497708	-0.9934037158272316	10.732081257186662
low_clip_control	0.6301108666614693	-1.3641577585454714	18.7624750499002
low_clip_control	0.6296315500548846	-0.9637608565686726	8.980454305335448
low_clip_control	0.6294811674998009	-2.278160009403297	14.682747771368645
low_clip_control	0.6293566200796096	-1.12458413413941	10.51980198019802
low_clip_control	0.6290176807990917	-0.5808196302033944	7.302946361118106
low_clip_control	0.6289058483087533	-0.8828569034088602	10.101010101010102
low_clip_control	0.6287787330136457	-1.3357626749229097	10.144927536231885
low_clip_control	0.6285188667078958	-0.6361860075734012	5.74980574980575
low_clip_control	0.6280312226130421	0.2890967024199897	17.486517404804708
low_clip_control	0.6280312226130421	-0.3829712714444296	8.201523140011716
low_clip_control	0.6280312226130421	-0.5632674296218374	17.806556050182113
low_clip_control	0.6280312226130421	-1.930459066746923	8.382229673093043
low_clip_control	0.6280312226130421	-1.5489654258781091	11.541072640868975
low_clip_control	0.6279526423117677	-1.0784638555759585	10.700797314309694
low_clip_control	0.6273487342597601	-1.279521168327843	9.884332281808623
low_clip_control	0.6272341535094034	-1.639434550275005	10.208248264597795
low_clip_control	0.6268465817574645	-1.1626918558407682	10.79641054402692
low_clip_control	0.6261851634476692	-0.9651847894363916	11.937141130250833
low_clip_control	0.6259342817774622	-0.5061306958665106	8.620689655172413
low_clip_control	0.6256962918328631	-0.2426060495346639	10.522213561964143
low_clip_control	0.6256044852185022	0.263034405833794	22.037218413320275
low_clip_control	0.6256044852185022	-1.005427842224594	13.503909026297086
low_clip_control	0.6254903073037665	-1.4846437113736275	11.558389796731769
low_clip_control	0.6251796007975577	-0.952884561667876	11.07011070110701
low_clip_control	0.6249605686530754	-1.4233233663412987	11.147069399496583
low_clip_control	0.6244908649077937	-0.925690302737259	9.48415452232246
low_clip_control	0.6244908649077937	-1.6166713604484946	10.638297872340424
low_clip_control	0.6243205851742363	-2.5649679086991206	17.094017094017097
low_clip_control	0.6242601259963239	-0.9373488081197728	8.745169818995322
low_clip_control	0.624133098001834	-0.9310526462825084	7.272727272727272
low_clip_control	0.6239736401358646	-0.8530936386862111	18.04123711340206
low_clip_control	0.623436648535792	-0.229888793876011	13.350286077558804
low_clip_control	0.623436648535792	-0.5241349557655464	9.47603121516165
low_clip_control	0.6227174227165744	-0.6907909614064988	10.87668719695977
low_clip_control	0.6226329186872113	-0.1488291659868043	9.04255319148936
low_clip_control	0.622437206139819	-0.7895802203296282	10.905125408942205
low_clip_control	0.6220245949427011	-1.0941516772234807	9.838369641602249
low_clip_control	0.6218949415061509	-0.9741486295071012	7.849293563579277
low_clip_control	0.6217577624329625	-1.0475069415087046	10.55662188099808
low_clip_control	0.6217545320907921	-1.0978725917346477	12.255479613481029
low_clip_control	0.6214883767462702	-1.63427193110457	14.145810663764962
low_clip_control	0.6214883767462702	-0.546827371834385	11.174175239446612
low_clip_control	0.6214883767462702	-0.8881338977789281	11.052631578947368
low_clip_control	0.6214883767462702	-0.8653504733052182	11.264367816091951
low_clip_control	0.6214883767462702	-0.5378942470643773	7.409021573327522
low_clip_control	0.6214883767462702	-1.852952307770213	13.380281690140844
low_clip_control	0.6213912876758819	-1.8493063118076416	22.84434490481523
low_clip_control	0.6201005026220274	-1.6665950061029695	10.968432316746924
low_clip_control	0.6199689505490693	-0.7825514099258231	12.254335260115608
low_clip_control	0.6197279188818328	-0.5593226795630569	8.695652173913043
low_clip_control	0.6192924934594924	-0.8883678499026122	9.36768149882904
low_clip_control	0.6191511868969829	-2.150094752211897	16.87313114053823
low_clip_control	0.6184372052722442	-1.5641961994659188	10.723039215686274
low_clip_control	0.6181293646563556	-1.0176674052590768	9.403254972875226
low_clip_control	0.6180749879704892	-1.610991861769961	18.90547263681592
low_clip_control	0.6179129225224429	-0.919111684697262	8.007117437722421
low_clip_control	0.6177524358388257	-0.6355585906935358	9.70873786407767
low_clip_control	0.6176746254686815	-0.9845916575214604	15.723270440251572
low_clip_control	0.6170237099534548	-0.5819302055036824	9.683995922528032
low_clip_control	0.61685422311949	-0.8895507509733515	15.91375770020534
low_clip_control	0.6166713604484945	1.1156161050292743	7.246376811594203
low_clip_control	0.6166713604484945	-1.656150600383905	15.597147950089123
low_clip_control	0.6166713604484945	-0.9615258521853643	15.090543259557345
low_clip_control	0.6166713604484945	-0.3890422907458994	7.738607050730868
low_clip_control	0.6166713604484945	-0.7390424108025218	6.94815606627472
low_clip_control	0.6163754533526176	-0.927793661697936	9.726603575184017
low_clip_control	0.6162134347055959	-0.5887812833599962	7.963594994311717
low_clip_control	0.6161571223247504	-1.2491480636733223	10.046367851622875
low_clip_control	0.6155755477360775	-0.8178880958804144	9.021199819576005
low_clip_control	0.6150197345773362	-1.745407878045139	16.34397787276842
low_clip_control	0.6147098441152082	-1.414055740111397	7.123287671232877
low_clip_control	0.6147098441152082	-0.0833055949081264	7.796708056598325
low_clip_control	0.614499021390331	-1.2736282088825124	10.359339592101003
low_clip_control	0.6141088463806725	-1.5792646456019923	12.399708242159008
low_clip_control	0.6129768768907526	-2.280107919192736	11.460101867572156
low_clip_control	0.6129768768907526	-1.1174575815481769	10.923672566371682
low_clip_control	0.6129768768907526	-1.0310661980803666	6.233303650934996
low_clip_control	0.6122541923888959	-1.0734386461933172	12.098167991704113
low_clip_control	0.6119295483214257	-0.0694214009574795	9.472259810554805
low_clip_control	0.6117294102839416	-0.930946309043718	7.761194029850746
low_clip_control	0.6113877867773003	-0.4606776999855103	5.405405405405405
low_clip_control	0.611146432524811	-0.2360793602387811	13.79310344827586
low_clip_control	0.6110328711515826	-0.9002203034325474	10.029116790682629
low_clip_control	0.6107255967862378	0.15754127698648	6.12369871402327
low_clip_control	0.6100534816839867	-0.5459683691052926	8.185538881309686
low_clip_control	0.6097201225372456	-1.0667612757294165	10.15228426395939
low_clip_control	0.609508492617031	-2.085897008113938	8.637503482864307
low_clip_control	0.6094155444456951	-0.3471653863863851	7.573415765069552
low_clip_control	0.6092100469678334	-1.446746529286629	14.88095238095238
low_clip_control	0.6090481192454693	-0.6385772260513104	12.307692307692308
low_clip_control	0.6088092426755238	-0.9750841990557064	10.132501948558067
low_clip_control	0.6084214735451451	-0.7402407261990671	11.864406779661016
low_clip_control	0.6083234427271014	-1.1175911977216098	8.577821979114868
low_clip_control	0.6081202217084086	-1.3835604909044978	11.32930513595166
low_clip_control	0.6079049236871015	-1.6793944382827573	12.004801920768308
low_clip_control	0.6077961350189991	-1.1490758480692231	10.971149939049168
low_clip_control	0.6076825772212396	-1.305855688390387	9.88533017002768
low_clip_control	0.6071582468353524	-0.598912924078786	8.900190718372537
low_clip_control	0.6069525110100723	-1.1633531123681051	10.130718954248367
low_clip_control	0.6066855725393886	-1.4585786239956988	6.824146981627297
low_clip_control	0.6066575718204752	-1.6237930895606782	9.782125389061804
low_clip_control	0.6064156103874738	-1.0657677701510202	8.97308075772682
low_clip_control	0.6059221193568023	-1.0416174164704457	14.307931570762053
low_clip_control	0.6057210608879536	-1.080936628654153	17.302716688227687
low_clip_control	0.6049803942981137	-0.5366790190189695	8.20970761918479
low_clip_control	0.6034825886919541	-1.2086552048977672	9.296560272699102
low_clip_control	0.6034720281239133	-0.7730595152913678	8.61244019138756
low_clip_control	0.6033952188181416	-1.9282559020639456	17.341040462427745
low_clip_control	0.6031098474314157	-1.851415941728404	8.06924882629108
low_clip_control	0.6026963461610293	-0.7912780020526176	9.931005644992682
low_clip_control	0.6026645024546152	-1.164282854865535	6.568974229408792
low_clip_control	0.6026645024546152	-0.2196626285808756	8.836524300441827
low_clip_control	0.6024802619791857	-0.9213230821758968	6.640106241699868
low_clip_control	0.6019689260268459	-0.1396226174625566	7.644197359277276
low_clip_control	0.6017969395844162	-1.4207339199763955	9.097111667045713
low_clip_control	0.601738213471983	-0.8470322157527808	11.901681759379043
low_clip_control	0.6016724003092531	-1.1211816340067338	14.25438596491228
low_clip_control	0.6014506235097251	-0.5768512064010138	10.781671159029653
low_clip_control	0.6008289061801771	-1.3306319975892604	8.358662613981762
low_clip_control	0.6004635942613441	-0.7206024522864114	8.173076923076923
low_clip_control	0.6003925412907621	-1.5476752678569623	9.886020004652243
low_clip_control	0.6001970144163166	-0.6786546870524565	7.49063670411985
low_clip_control	0.5999128421871277	-0.8680883244944191	15.373614587057562
low_clip_control	0.5990376859328789	-1.451519390028542	7.980845969672785
low_clip_control	0.5990376859328789	-0.7429408704369491	18.58470335954253
low_clip_control	0.5986374376182326	-0.5140104260897317	8.831646734130635
low_clip_control	0.598259323334614	-1.557414734044511	13.588634959851762
low_clip_control	0.5980780005114144	-1.5879649888826797	18.310169865431284
low_clip_control	0.597914960326556	-0.4206453899347822	9.542943244600702
low_clip_control	0.5979015564286544	-0.440568684443828	5.362776025236593
low_clip_control	0.5975457732506917	-1.292558751465877	9.488173192569825
low_clip_control	0.5972649928054777	-1.3254834560237694	13.056092843326883
low_clip_control	0.5971519097290702	-1.2119496552098337	11.46853146853147
low_clip_control	0.5966443057687916	-1.195256291398934	15.862944162436548
low_clip_control	0.5957461764343972	-0.4972197873959211	12.237762237762238
low_clip_control	0.5956097449206647	-0.7127180479195288	11.799410029498524
low_clip_control	0.5952879963818447	-1.6129542304537932	12.549800796812749
low_clip_control	0.5943611987234058	-1.1226810101987754	6.88360450563204
low_clip_control	0.5943128253670887	-1.17872868728262	16.624040920716116
low_clip_control	0.5942219921618488	-1.2657561435666544	9.09090909090909
low_clip_control	0.5935245142245802	-1.4330966145586814	16.18705035971223
low_clip_control	0.5929998197865746	-0.8762382715775476	7.488087134104833
low_clip_control	0.5928246184941265	-0.5586694915800972	10.338345864661653
low_clip_control	0.5926041498990214	-1.5733263678104816	8.825012607160867
low_clip_control	0.5925119425473946	-1.1966040012750505	10.820559062218216
low_clip_control	0.5924863511029685	-0.8348329269527085	13.79310344827586
low_clip_control	0.5923836647274785	-0.8599669490287165	12.377514182568335
low_clip_control	0.5922673013443895	-0.9997044036517604	12.814194184327254
low_clip_control	0.5922673013443895	-0.5044655053771248	15.03006012024048
low_clip_control	0.5922673013443895	-0.6012572860067205	12.278308321964529
low_clip_control	0.5921222922940222	-1.5156203877200334	7.240547063555913
low_clip_control	0.5913481357344672	-1.1116869123890083	11.553501599715606
low_clip_control	0.5912762746533584	-1.6582702638971525	13.1225767968983
low_clip_control	0.5907798273164704	-1.4859440943300446	10.205683780813317
low_clip_control	0.5903557594913745	-1.469282975139303	11.06931757119828
low_clip_control	0.5892884261239462	-0.8149624958400896	8.207070707070708
low_clip_control	0.5892690562798788	-0.7423861912991351	6.30666141111549
low_clip_control	0.5886855867638736	-1.2121081298231418	6.203068886712374
low_clip_control	0.5868545600623646	-1.87661764145302	7.365836548579446
low_clip_control	0.5861435855524825	-0.8908037321582809	10.155966630395358
low_clip_control	0.5849625007211562	0.662473236754763	11.672016340822877
low_clip_control	0.5849625007211562	0.2593211253138962	6.0698027314112295
low_clip_control	0.5849625007211562	0.2280573336568012	8.9732528041415
low_clip_control	0.5849625007211562	0.1885406796096595	11.703511053315996
low_clip_control	0.5849625007211562	0.065342898548051	7.695423248278655
low_clip_control	0.5849625007211562	0.0587893312076054	8.632138114209827
low_clip_control	0.5849625007211562	-1.840416656546004	7.8671328671328675
low_clip_control	0.5849625007211562	-0.9699003931343188	15.100671140939598
low_clip_control	0.5849625007211562	-0.8171359428501893	11.68394917482109
low_clip_control	0.5849625007211562	-0.1995354392029363	15.665796344647518
low_clip_control	0.5849625007211562	-2.0317088597273383	12.88936627282492
low_clip_control	0.5849625007211562	-0.6473681576714106	9.022556390977444
low_clip_control	0.5849625007211562	-1.6698513983076693	13.59311282283643
low_clip_control	0.5849625007211562	-0.3647938061490833	12.814847547503314
low_clip_control	0.5849625007211562	-0.888968687611256	7.526178010471204
low_clip_control	0.5849625007211562	-0.1926450779423958	5.730659025787966
low_clip_control	0.5849625007211562	-1.4380210329606151	5.1557022066405445
low_clip_control	0.5849625007211562	-0.0681321138016255	9.922041105598868
low_clip_control	0.5849625007211562	-1.2995602818589078	8.204633204633204
low_clip_control	0.5849625007211562	-1.0951807544111765	21.12676056338028
low_clip_control	0.5849625007211562	-0.7964666059148678	9.910485933503836
low_clip_control	0.5842190350819825	-1.2044099058266335	12.376237623762377
low_clip_control	0.5833258640840492	-0.9565001675051554	8.679142934635205
low_clip_control	0.5830452977268654	-1.372032838049288	9.00735294117647
low_clip_control	0.5826901817116419	-1.0126553615428255	16.533333333333335
low_clip_control	0.5823687244256731	-1.3758324574804626	12.98912161065108
low_clip_control	0.5821960664297801	-0.4105685176054008	7.844756399669695
low_clip_control	0.5817882529260126	-0.9712792793598628	7.677989762680316
low_clip_control	0.5815172571951626	-0.699813563651333	9.514747859181732
low_clip_control	0.5814480165449194	-0.4123653461887629	14.629049111807731
low_clip_control	0.5812297818448263	-0.0466680595012847	6.993006993006993
low_clip_control	0.5807747037577228	-1.0016281403837122	8.465791292328957
low_clip_control	0.5807004738669967	-1.3284982121751931	6.789890607317994
low_clip_control	0.5805796263399569	-1.1349915301453453	10.56729699666296
low_clip_control	0.5797339859193452	-1.3937295020617966	8.75136740115643
low_clip_control	0.5797258523550092	-0.2063358804532257	10.576595018764928
low_clip_control	0.579549004534792	-0.7104933828050153	7.331378299120235
low_clip_control	0.579549004534792	-0.6277370861876905	7.136859781696054
low_clip_control	0.5793379515272781	-0.8202563939257009	10.989010989010987
low_clip_control	0.5792937506344641	-1.433462614480681	11.691884456671252
low_clip_control	0.5790132343899698	-1.24274578586718	12.40694789081886
low_clip_control	0.5788623011847382	0.7016430597132743	8.715862870424171
low_clip_control	0.5782931694701888	-1.646374168098472	11.658291457286431
low_clip_control	0.5782574768432657	-1.8615813669994536	14.355948869223203
low_clip_control	0.5781733350585171	-0.4674019688007311	11.342653653389608
low_clip_control	0.5781733350585171	-1.7966761167239254	8.959590418723716
low_clip_control	0.577308928177721	-0.7958904334002259	16.62971175166297
low_clip_control	0.5772885728357351	-0.8698176540035332	13.45291479820628
low_clip_control	0.5771217475039729	-0.3431582010759714	10.913799482056977
low_clip_control	0.5767147858323599	-0.7927744346384655	10.820244328097733
low_clip_control	0.5766472325091525	0.8907528989238412	26.16822429906542
low_clip_control	0.5765009219729601	-1.309065943950313	9.345794392523365
low_clip_control	0.5758025014356802	-0.3078863409668273	12.417638114546376
low_clip_control	0.5757908548229059	-0.8001576076746789	9.467989179440938
low_clip_control	0.5751147147648091	-1.0083912702591409	11.627906976744184
low_clip_control	0.5749506975930898	-0.7446140521427329	9.20988851187591
low_clip_control	0.5742360941280977	0.6957429314396932	8.96378630333453
low_clip_control	0.5740844469906387	-1.588114798580784	12.56913021618904
low_clip_control	0.5725787762653238	-0.6735744420249884	9.586122945830798
low_clip_control	0.5725787762653238	-0.6314583246463981	8.264462809917356
low_clip_control	0.5721838959998534	-1.7204856603428502	17.93462539774371
low_clip_control	0.5713570059574179	-1.5136305283850957	8.620689655172413
low_clip_control	0.57086898218617	-0.8376016533720827	11.541072640868975
low_clip_control	0.5705550769001307	-1.031399738952158	10.39441833974085
low_clip_control	0.5703157247567547	0.0930811381459083	4.219409282700422
low_clip_control	0.5699939101132412	-0.9198759769226856	10.275572162540868
low_clip_control	0.5696145363877202	-1.726558779104974	12.464887640449437
low_clip_control	0.5695474483344686	-0.6229156800526223	11.283497884344149
low_clip_control	0.5691606445982633	-1.1317568842895762	6.772009029345372
low_clip_control	0.5688428353578793	-1.691270381942575	11.294526498696786
low_clip_control	0.5680491177848097	-0.775284771784561	8.318478906714201
low_clip_control	0.5679894221174426	-1.5148609551406986	10.201603109059995
low_clip_control	0.5677321300594357	-0.5556850293482224	11.961722488038278
low_clip_control	0.5674750739923151	-0.299119831530074	6.572295247724975
low_clip_control	0.5669767552477937	-0.9771624236392864	8.391608391608392
low_clip_control	0.5668477061615516	-0.8616944535046066	15.479876160990711
low_clip_control	0.5660416388239277	-0.8725143446037852	9.054690329590729
low_clip_control	0.5655971758542251	-1.363333208226035	3.920171062009979
low_clip_control	0.5655971758542251	-1.4969854213470726	9.928021841648052
low_clip_control	0.5651955866008701	0.078126671565826	6.820490494848353
low_clip_control	0.5650629432834512	-0.9455725561094596	8.76424189307625
low_clip_control	0.5643181908051323	-0.3265467156352402	7.827059262020127
low_clip_control	0.5639008851933265	-1.1468413883292712	8.137169427492008
low_clip_control	0.563667722357928	-0.9246120701955752	13.431013431013431
low_clip_control	0.5634293391715149	-0.2054684558251103	4.468718967229394
low_clip_control	0.5633921902989377	-1.3248090312826917	9.164017205909856
low_clip_control	0.5623792153540308	-1.346423954270995	15.09433962264151
low_clip_control	0.561878887608115	-0.7463254886600446	10.11904761904762
low_clip_control	0.561878887608115	-0.548919750795625	8.31858407079646
low_clip_control	0.5616432301360312	-1.2762714920970843	14.534883720930232
low_clip_control	0.5607149544744789	-1.5252116932761055	16.53543307086614
low_clip_control	0.560578342094197	-0.4945017868996852	6.384213580963436
low_clip_control	0.560087832082127	-1.3845997851652556	9.63855421686747
low_clip_control	0.5598090234928179	-1.0552248290368311	10.302534750613246
low_clip_control	0.5596610623582963	-1.5268425440142563	11.745646010530578
low_clip_control	0.5594274086140185	-0.7387780253604682	9.224091155724365
low_clip_control	0.5594274086140185	-1.4739311883324122	11.45418326693227
low_clip_control	0.5594274086140185	-1.897430266359452	10.02615518744551
low_clip_control	0.5594274086140185	-0.792732887692759	8.016627078384799
low_clip_control	0.5588434397572742	-0.8877736119982559	13.343217197924387
low_clip_control	0.558490289359965	-0.848044528896993	8.522727272727272
low_clip_control	0.5583682907094429	-1.6133641575021769	9.54915466499687
low_clip_control	0.5579954531208869	-1.582174786943573	11.0240789091964
low_clip_control	0.5579954531208869	-2.5283789723547883	7.880220646178092
low_clip_control	0.5579954531208869	-0.8235780827580895	13.893274392169246
low_clip_control	0.5572614178709385	-0.7009858771201611	14.69890943575154
low_clip_control	0.5567151888076398	-0.4110095524113323	15.895695659939276
low_clip_control	0.5563933485243854	-1.6799756155813763	6.338371526084837
low_clip_control	0.5563933485243854	-0.0848888975865132	11.378848728246318
low_clip_control	0.5563933485243854	-0.7215355535966002	9.935205183585312
low_clip_control	0.5563933485243854	-0.7913812858498634	6.24512099921936
low_clip_control	0.5562226052801019	-1.1019236334481552	13.249651324965132
low_clip_control	0.5549225649801263	-1.963484805244548	10.242269056529446
low_clip_control	0.5545888516776374	0.5279172360599562	7.709251101321586
low_clip_control	0.5545888516776374	-1.668456816235916	9.34215648112106
low_clip_control	0.5545888516776374	-1.2913932072141237	7.944073721004131
low_clip_control	0.5545030728904037	-1.1648946514357208	8.81057268722467
low_clip_control	0.5539045369743605	-0.904559907249475	7.426823940585408
low_clip_control	0.5537816953490887	-0.7975558135417962	10.41408380857922
low_clip_control	0.5536935038093413	-1.263228319398719	9.11854103343465
low_clip_control	0.5533924217202862	-1.267895116802544	16.42178046672429
low_clip_control	0.5533405215479311	-0.8586151074959291	13.599537037037036
low_clip_control	0.5532706307664851	-1.8085887811272328	15.969162995594711
low_clip_control	0.5529457628381071	-0.9335476414682572	7.6923076923076925
low_clip_control	0.5525410230287786	-2.8912937405575	10.703534396253763
low_clip_control	0.5525410230287786	-1.21978120787991	5.594405594405594
low_clip_control	0.5525410230287786	-0.7630255716071456	11.926058437686343
low_clip_control	0.5525410230287786	-1.1454648094526176	8.529650690495531
low_clip_control	0.5525410230287786	-1.0471156226926506	10.060362173038229
low_clip_control	0.5524718472698105	-1.723439371776891	18.6498150431566
low_clip_control	0.5516424275211298	-1.2708539102930931	6.810035842293908
low_clip_control	0.5503893521737301	-0.9377861268886278	12.494215640906988
low_clip_control	0.5501970825604795	-1.406851513178496	10.107816711590296
low_clip_control	0.5501970825604795	-1.4671526557013503	10.16548463356974
low_clip_control	0.5500769830772978	-0.6773551239675804	11.188811188811188
low_clip_control	0.5496530562293132	-0.6883508734623133	8.185538881309686
low_clip_control	0.5494734160025314	-1.3262443136367563	12.414562700516113
low_clip_control	0.5491055787891871	-1.0423414099791064	15.367727771679473
low_clip_control	0.5490854643925597	-0.225559700415131	7.829627309740057
low_clip_control	0.5488932460136344	-1.1178364902938582	13.209668353007308
low_clip_control	0.5488932460136344	-0.905646074145818	5.199306759098787
low_clip_control	0.5488325737659694	-0.955051937984578	7.451564828614009
low_clip_control	0.5486206536574357	-0.7219619449225619	12.242899118511264
low_clip_control	0.5486206536574357	-0.1469022217521844	12.026321760835035
low_clip_control	0.5485390924712825	-1.0055035925935396	12.772837510105091
low_clip_control	0.5483653470575854	-0.43213642616871	7.6923076923076925
low_clip_control	0.5479855014554941	-1.5939711977647564	18.855656697009103
low_clip_control	0.5477111054245843	-1.071107491768181	10.66004672897196
low_clip_control	0.5474877953024933	0.1532338108737065	12.093023255813954
low_clip_control	0.5474877953024933	-0.353856259174048	9.4478889873044
low_clip_control	0.5474877953024933	-0.2630344058337938	5.662514156285391
low_clip_control	0.5474877953024933	-1.3250455983988003	8.211678832116789
low_clip_control	0.5474877953024933	-0.5514384665816207	8.108108108108109
low_clip_control	0.5458361694313351	-1.2427432125964484	6.864090998234947
low_clip_control	0.5456216090889883	-0.801883532402684	10.798303123794833
low_clip_control	0.5442385658678629	-1.556306028840659	10.342368045649073
low_clip_control	0.5440545571409501	-0.8197920252958267	11.648223645894
low_clip_control	0.5439352324611013	-1.47299741038661	9.228497600590623
low_clip_control	0.5436217053402566	-1.3869174350361706	9.503695881731783
low_clip_control	0.543142325026529	-1.2161088964170337	13.680902200036977
low_clip_control	0.5429902302458403	-0.3364748980696815	5.635245901639345
low_clip_control	0.5429652366117992	-1.5293055520349783	6.635700066357001
low_clip_control	0.5425707342738506	-1.1027800500432834	14.195583596214512
low_clip_control	0.5425272344007596	-1.399792543340907	10.518590998043052
low_clip_control	0.542452205405195	-1.9619430918028096	12.704918032786884
low_clip_control	0.5422918844751333	-0.8466378212612897	20.21478205938092
low_clip_control	0.5421494171821831	-1.492798072482468	17.120075046904315
low_clip_control	0.5418259973431581	-0.4885575783061474	8.474576271186441
low_clip_control	0.5417946415647826	-1.092801169150294	11.890118901189012
low_clip_control	0.5417946415647826	-0.0261018163258399	12.676743052169671
low_clip_control	0.5415699052077755	-0.291231297664446	8.407286314806166
low_clip_control	0.5411462684286665	-0.510340262810715	11.968423733129615
low_clip_control	0.5411462684286665	-0.4202434391234393	9.037191518943343
low_clip_control	0.5405683813627028	0.6307661903342809	6.360424028268551
low_clip_control	0.5405683813627028	0.6086314066147888	7.172131147540984
low_clip_control	0.5405683813627028	0.4917222337017207	6.898714330511131
low_clip_control	0.5405683813627028	-1.501450976359908	11.04728236853734
low_clip_control	0.5405683813627028	-2.2231728893245863	11.038107752956636
low_clip_control	0.5405683813627028	-1.200053106269276	5.952380952380952
low_clip_control	0.5402887622047601	-0.8555249385392432	16.08910891089109
low_clip_control	0.5402736831611082	-1.2097293568089182	10.68702290076336
low_clip_control	0.540154705362481	-1.3245857140693655	16.975308641975307
low_clip_control	0.538095895683182	-0.5842777158100979	10.154346060113728
low_clip_control	0.5380189991108807	-0.8372090699808891	12.863268222963317
low_clip_control	0.5378697927408964	-0.3099883160597723	6.600660066006601
low_clip_control	0.5377805639910834	-1.3203442270613963	13.59106010268801
low_clip_control	0.5376567859427995	-1.241817919924098	11.324470704086655
low_clip_control	0.537151020804968	-0.4294578995737649	6.841505131128849
low_clip_control	0.5364186487631192	-1.0554118127581855	11.609498680738788
low_clip_control	0.5362576104272704	-0.6133265205672013	18.384401114206128
low_clip_control	0.5362364609047348	-1.3495211955008772	15.74074074074074
low_clip_control	0.5360529002402097	-1.2806630547527595	11.363636363636363
low_clip_control	0.5360529002402097	-0.4665677999189258	10.781671159029653
low_clip_control	0.5360529002402097	-0.7084455541561563	7.494297816878462
low_clip_control	0.5358356432499809	-0.7780761953523577	11.096605744125329
low_clip_control	0.5358148513920681	-1.058002129886847	8.251936679016504
low_clip_control	0.5355964234001765	-2.2112849185717454	17.915309446254074
low_clip_control	0.5355360662652053	-1.7378992297072593	11.793084963816671
low_clip_control	0.5350992242071784	-1.3874762787947408	14.293006636038797
low_clip_control	0.5348772692848471	-1.0559644879386472	9.737510584250636
low_clip_control	0.5346053613905983	-0.5135386119816313	6.81663258350375
low_clip_control	0.5345889782060368	-0.0194998082467473	4.618937644341801
low_clip_control	0.5345761974773822	-0.9382547665178534	10.056081995745505
low_clip_control	0.5345011658804154	-1.078400983613062	11.268629589240277
low_clip_control	0.5344904547736201	-1.0762351603817764	8.649984553599012
low_clip_control	0.5344727302674631	-0.6734380602577174	12.322274881516588
low_clip_control	0.5343364276511882	-1.9534574140629697	4.795117698343505
low_clip_control	0.5343364276511882	-0.4318132120296705	8.023106546854942
low_clip_control	0.534090170922607	-1.4392056439604264	11.52073732718894
low_clip_control	0.5338236517293552	-1.3641633748981576	5.098572399728076
low_clip_control	0.5336156207209357	-0.8412099435659125	17.391304347826086
low_clip_control	0.5328739895727022	-0.5176175120027061	8.31255195344971
low_clip_control	0.5327662895957278	-1.0708959020482518	18.97689768976898
low_clip_control	0.5319277383992879	-1.0028483623090303	9.3603744149766
low_clip_control	0.5315232417596959	-1.3315914050842927	13.66120218579235
low_clip_control	0.5313071885895594	-0.3193022533151008	7.168458781362007
low_clip_control	0.5305147166987798	0.2005071957153665	9.789580285810736
low_clip_control	0.5305147166987798	-1.533978572002351	14.15929203539823
low_clip_control	0.5305147166987798	-1.5073203432548652	11.42971726488871
low_clip_control	0.5305147166987798	-0.2266162890219396	7.462686567164179
low_clip_control	0.5305147166987798	-1.852385731099052	21.62162162162162
low_clip_control	0.5303423156540444	-1.0758297266898915	10.99133375607694
low_clip_control	0.5300362902175626	-0.6924076452938847	7.701193685021178
low_clip_control	0.529857901280702	-0.2354202369773413	11.102299762093576
low_clip_control	0.5293701747578388	-0.6799533155702138	11.910669975186105
low_clip_control	0.529042127981675	-1.1653752103416677	11.925640126271484
low_clip_control	0.5285055190011475	-1.6871823325988835	17.10376282782212
low_clip_control	0.5283569882628579	-0.6514951757362806	4.918457157649495
low_clip_control	0.5279315556847771	-0.2630344058337938	15.170670037926676
low_clip_control	0.5277670991396133	-1.5287922089953383	13.693693693693694
low_clip_control	0.5268283247364004	-1.8446545833597967	9.735248723732637
low_clip_control	0.5254238987214237	-1.1455373203945969	14.8830616583983
low_clip_control	0.5251973558628423	-1.1043261677601055	10.993485342019545
low_clip_control	0.5250910447437576	-0.7044620402376587	9.0032154340836
low_clip_control	0.5247754946460672	-0.4677363076333752	10.184473481936973
low_clip_control	0.5247449778870494	-0.9885753811680388	8.246527777777779
low_clip_control	0.524661990453342	-0.4628147600790121	14.32550736171906
low_clip_control	0.5245266468591822	-1.336804866655645	10.322177040975916
low_clip_control	0.5244209587861054	-0.3004005062677237	15.843429636533086
low_clip_control	0.5240802585741339	-0.6438796172293513	11.494252873563218
low_clip_control	0.5240802585741339	-0.5952039805976725	4.919184820801124
low_clip_control	0.5235619560570128	-1.0906301203290227	9.072580645161292
low_clip_control	0.5235619560570128	-0.3206218973867377	14.033680834001604
low_clip_control	0.5235619560570128	-1.944858445807539	10.683398338138035
low_clip_control	0.5235619560570128	-0.7894330140603416	3.799873337555415
low_clip_control	0.5232335109694499	-0.9354152645069578	16.44895984518626
low_clip_control	0.5231351863331823	-0.6175008897783124	6.038647342995169
low_clip_control	0.5229528384457315	-1.2726650502883108	14.042867701404289
low_clip_control	0.5226173864786584	-0.7043693727343937	14.940752189592994
low_clip_control	0.5224210346524433	-1.3785116232537298	13.102480112306973
low_clip_control	0.5219527031953558	-0.953099025030972	9.036144578313252
low_clip_control	0.5219527031953558	-1.636936775834934	13.03538175046555
low_clip_control	0.521720066729337	-1.2133929142337012	9.586056644880175
low_clip_control	0.5215371205795226	-1.4571670993411243	19.395579612088408
low_clip_control	0.5215016495600141	-0.9169434116499556	11.52073732718894
low_clip_control	0.5213200052703433	-1.6150897698635462	16.46542261251372
low_clip_control	0.5211160186965303	-0.9373522611105992	12.569832402234638
low_clip_control	0.5201542050930581	-0.5326650774279804	8.922880815806247
low_clip_control	0.5193741590935794	0.1331563846547614	19.68771215207061
low_clip_control	0.5193741590935794	-0.2661186752775449	6.921675774134791
low_clip_control	0.5193741590935794	-0.8295005629375606	10.054844606946984
low_clip_control	0.5183482165211397	-0.2235493280225237	8.962868117797695
low_clip_control	0.5178483048626192	-1.6092241082544831	9.377494014365524
low_clip_control	0.5173992169085216	-0.55371493437613	4.87073810415886
low_clip_control	0.5170584362193528	-1.9642310752560683	14.848950332821302
low_clip_control	0.5162163336462113	-0.1214276749180453	7.037847982483579
low_clip_control	0.5156144540304214	-0.980264210958321	12.067156348373556
low_clip_control	0.5145731728297582	0.4150374992788437	9.867870881418296
low_clip_control	0.5145731728297582	-0.4968711710962991	8.982035928143713
low_clip_control	0.5145731728297582	-0.9614047546874218	8.660213958227205
low_clip_control	0.5145731728297582	-1.6114347120823476	14.71861471861472
low_clip_control	0.5145731728297582	-1.0359595947512874	6.751687921980495
low_clip_control	0.5145731728297582	-0.3427561494533874	7.863695937090432
low_clip_control	0.5136655320065595	-1.2952244937169126	11.73415408290853
low_clip_control	0.5134565357454616	-0.6098530301783524	5.978784956605593
low_clip_control	0.5134333781499797	-1.105162524341719	11.619462599854756
low_clip_control	0.5130695822393705	-1.9792981305410675	13.954486904250752
low_clip_control	0.5128614521928608	-0.7960376619403844	14.016172506738544
low_clip_control	0.5128127149653208	-0.8093276534145876	8.534850640113799
low_clip_control	0.5124500009367883	0.2012178070992984	9.141846063108227
low_clip_control	0.5118990385314327	-1.6307240191039645	11.262596324836988
low_clip_control	0.511778154117194	-0.8449635082278996	20.562770562770563
low_clip_control	0.5117135186905175	-1.5264486181831127	8.12743823146944
low_clip_control	0.5113675782834057	-1.2530520689560682	9.865470852017935
low_clip_control	0.5113396375779763	-0.9359259604578808	9.947089947089948
low_clip_control	0.5112802544598026	-1.5290475012386175	7.715624138881234
low_clip_control	0.5100004430399342	-1.5128884545425607	13.1508319914117
low_clip_control	0.5097019412770619	-1.2617935302536736	17.391304347826086
low_clip_control	0.509674373416919	-0.1474030460940478	6.556353418669997
low_clip_control	0.5096154530337906	-0.704230746338017	8.674907829104315
low_clip_control	0.5081469036703253	-1.876120507469338	11.63586584531143
low_clip_control	0.5081469036703253	-0.8415274112253923	10.719754977029096
low_clip_control	0.5077946401986962	-0.82368112337113	8.292682926829269
low_clip_control	0.5075579970355495	-2.0729677446884	11.794057609435246
low_clip_control	0.506959988719883	0.0801703486839833	7.332205301748448
low_clip_control	0.506959988719883	-0.970850378655854	11.20144534778681
low_clip_control	0.506959988719883	-0.7801352234861847	9.781790820165538
low_clip_control	0.5063105941100308	-1.916580476477348	10.452051215050954
low_clip_control	0.5061536598804797	-0.0441316053510348	10.404949381327334
low_clip_control	0.5058909297299573	-0.8350999125405083	11.51315789473684
low_clip_control	0.5057358095705811	-0.5091268712923055	8.073817762399077
low_clip_control	0.5054237357359493	-0.5539780925873917	6.300630063006301
low_clip_control	0.5052353082504221	-1.906177977643479	14.619883040935672
low_clip_control	0.5049273330744476	-1.4175940200068071	14.467184191954836
low_clip_control	0.5047403022270758	-1.5232981236974392	13.446088794926004
low_clip_control	0.5045458517099638	-1.6999903494739348	15.650296815974094
low_clip_control	0.5045356501179464	-1.0758575116244238	13.478260869565217
low_clip_control	0.5039380038677744	-1.3220458130581174	9.632616487455198
low_clip_control	0.5038908900738382	-0.4539824042398347	11.242270938729623
low_clip_control	0.5038908900738382	-1.3116597594335353	10.711030082041932
low_clip_control	0.5038908900738382	-0.3919702176812064	10.461245839277224
low_clip_control	0.5032381032867024	-1.614196737881561	8.0
low_clip_control	0.5025003405291834	-0.6287632910992964	10.550327915597377
low_clip_control	0.5025003405291834	-0.5665839714063018	7.062146892655367
low_clip_control	0.5025003405291834	-1.0644762441502549	12.130123139128836
low_clip_control	0.5016598540265946	-0.8723889805219117	12.303485987696517
low_clip_control	0.5008982359326816	-0.7634212560199048	11.03391908459338
low_clip_control	0.5006935838235523	-0.9859087297746704	21.23552123552124
low_clip_control	0.5004289905094883	-0.0043001374336254	5.2026286966046005
low_clip_control	0.5004289905094883	-0.3132458517875613	11.948224361101891
low_clip_control	0.4998458870832054	-0.7601476168076581	14.32408236347359
low_clip_control	0.4997852260603233	-0.5578660427153129	11.781506604784006
low_clip_control	0.4982713605006577	-0.8094260115532023	8.967460927491674
low_clip_control	0.4974996594708168	1.1069152039165118	10.318142734307823
low_clip_control	0.4974996594708168	0.691877704637668	9.72029359254116
low_clip_control	0.4964530689690069	-0.3604075489250354	11.363636363636363
low_clip_control	0.4962335821268245	-0.2682157771275933	6.7685589519650655
low_clip_control	0.4961532337633001	-1.9427974147936409	12.484565784058171
low_clip_control	0.4959574946624113	-1.582613083560139	12.558653049958597
low_clip_control	0.4959574946624113	-0.5661034734698404	13.110594205963206
low_clip_control	0.494764691749578	-0.6207125256703578	16.22596153846154
low_clip_control	0.494764691749578	-1.2168113890731482	10.845986984815616
low_clip_control	0.4941090702700425	-0.8018928671505896	9.74817221770918
low_clip_control	0.4939888406736659	-0.6832058051600539	14.652014652014651
low_clip_control	0.4939383270257593	0.0702279973005267	11.283497884344149
low_clip_control	0.4937208489713223	-0.6752210532586433	27.5974025974026
low_clip_control	0.4936666667016057	-0.7040409557253451	8.329679964927664
low_clip_control	0.4934085628317161	-1.4026207043760188	11.063743402354852
low_clip_control	0.493040011280117	-0.5084550636668046	8.447304907481898
low_clip_control	0.4922995438161058	-0.9774558577937162	11.013215859030838
low_clip_control	0.4917475165395958	-0.9862988289515512	12.12590299277606
low_clip_control	0.4915356367528872	-0.6172317278660863	8.244994110718492
low_clip_control	0.491470328782881	-2.386508970638197	14.928304851699078
low_clip_control	0.4913883854089586	-1.0710830980614827	9.055185375021356
low_clip_control	0.4909863525121424	-0.4959574946624114	18.779342723004696
low_clip_control	0.490635118173003	-1.3448569317697163	8.862105636299185
low_clip_control	0.4904449019368662	-1.0360206155378546	13.763896241397564
low_clip_control	0.4897042987168605	-1.1843880699146083	10.098325803879884
low_clip_control	0.4893848407389249	-0.6710228739651845	6.147540983606557
low_clip_control	0.488344310552536	-0.2437068755538501	9.918845807033362
low_clip_control	0.4875870896765308	-0.0469665864766931	13.406940063091485
low_clip_control	0.4869873411578588	-0.7314067025994676	9.99750062484379
low_clip_control	0.4865587966601615	-1.3745859200399295	8.61697544161999
low_clip_control	0.4862182846505772	-0.3196324698749789	11.702127659574469
low_clip_control	0.4860692384202594	-1.5217389303667932	15.069066555043952
low_clip_control	0.4856578616876527	-1.538611278621261	7.808687164470474
low_clip_control	0.4854268271702416	0.934904971778115	11.252511721366377
low_clip_control	0.4854268271702416	0.4607743508989533	8.244274809160306
low_clip_control	0.4854268271702416	-0.791478013615259	9.11002102312544
low_clip_control	0.4854268271702416	-0.8045065597485737	9.58360872438863
low_clip_control	0.4854268271702416	-0.0750791167945069	8.508224617129892
low_clip_control	0.4854268271702416	-1.4288432988038742	6.5549890750182085
low_clip_control	0.4854268271702416	-1.028569152196771	11.342621131796326
low_clip_control	0.4854268271702416	-1.444784842672896	8.870692596383487
low_clip_control	0.4854268271702416	-1.5298209465286952	12.1012101210121
low_clip_control	0.4854268271702416	-1.3806545052531802	7.526178010471204
low_clip_control	0.4854268271702416	-1.1975177526974186	13.694267515923569
low_clip_control	0.4849088967963829	-1.5595600844604915	7.196710075394106
low_clip_control	0.4845324098812785	-0.6934792164108854	10.978956999085089
low_clip_control	0.4845023189419437	-1.3979052967483867	4.04244567963618
low_clip_control	0.4844235621500546	-1.281291460134583	9.244154431756389
low_clip_control	0.4830828867019426	-0.3525045662622634	12.768817204301076
low_clip_control	0.4826007830914784	-1.6156363161272662	12.416647505173604
low_clip_control	0.482479543119905	-1.129891064220809	9.720534629404616
low_clip_control	0.4822361991667438	-1.087494075514424	7.554945054945055
low_clip_control	0.481763613079657	-0.4480233186933329	8.504606661941885
low_clip_control	0.4817005357119578	-1.008452816315935	13.299078132084029
low_clip_control	0.4810698739429341	-1.3762402106065998	17.423442449841605
low_clip_control	0.4806258409064206	-1.205349545275438	8.232235701906413
low_clip_control	0.4799929411196136	-1.2809331844643104	9.470304975922954
low_clip_control	0.4793007243734002	-0.036392344674638	11.294117647058824
low_clip_control	0.4791678366985595	-0.1104239896936506	7.662835249042145
low_clip_control	0.4791678366985595	-0.6698513983076693	10.516252390057362
low_clip_control	0.4790562205102798	-0.7526170014593403	12.185215272136476
low_clip_control	0.4789718050329424	-0.4992761988261975	6.69383003492433
low_clip_control	0.4784628794204775	-1.2365858163612946	12.10564930300807
low_clip_control	0.4783634346476729	0.1833098339268286	6.952965235173824
low_clip_control	0.4779710222511944	-1.4322895805794544	17.1473109898675
low_clip_control	0.4771447662522889	-1.362341276667444	6.389776357827476
low_clip_control	0.4769899900216019	-1.5211507180370618	12.459016393442624
low_clip_control	0.4764380439429871	-1.732779955816344	12.485368708544677
low_clip_control	0.4764380439429871	-3.397370650505046	8.978328173374612
low_clip_control	0.4764380439429871	-1.3598959450863828	8.094186902133924
low_clip_control	0.4762716719147927	-1.259307958632336	16.62510390689942
low_clip_control	0.4753380095466579	-1.236220275191735	12.141967621419676
low_clip_control	0.4753062520587166	-0.7339323213488206	11.286681715575622
low_clip_control	0.4745385110275057	-1.7219521176273378	17.906976744186046
low_clip_control	0.4743716386612461	-0.7635468886969005	8.885067354542848
low_clip_control	0.4742767026535199	-0.4642672646577752	3.305004721435316
low_clip_control	0.4736468854364506	-1.1127951697603315	11.788617886178862
low_clip_control	0.4720684443152228	-1.3216743003505325	6.021073758153538
low_clip_control	0.4720684443152228	-2.0059248339571054	6.985769728331177
low_clip_control	0.4720684443152228	-1.3575375703495005	13.04820587169264
low_clip_control	0.4713057189255891	-1.2676844338750155	9.116809116809115
low_clip_control	0.471079738759474	-0.7941503378763616	9.494422027059102
low_clip_control	0.4709756708727013	-0.6647731069280577	12.837393021724818
low_clip_control	0.4705721762424976	-1.6983287802269054	10.70154577883472
low_clip_control	0.4694852833012202	-0.8852530762129142	7.722007722007723
low_clip_control	0.4694852833012202	-0.7319729003689306	7.142857142857142
low_clip_control	0.4694852833012202	-1.635563561957993	8.580127318018269
low_clip_control	0.4694852833012202	-0.972889137965482	13.79310344827586
low_clip_control	0.4694852833012202	-1.863938450423972	8.338544923910778
low_clip_control	0.4691932693257491	-0.9658741386550516	11.673151750972762
low_clip_control	0.4690633809613546	-1.2528416353553329	10.05619639160012
low_clip_control	0.4690633809613546	-0.921192397436918	9.220452640402346
low_clip_control	0.4689043712575795	-1.4870617460084368	14.7755256677401
low_clip_control	0.4688492360640665	-2.0500975163212045	10.67248106495295
low_clip_control	0.4680567766878761	-0.9410379129187276	9.637714816535068
low_clip_control	0.4680219552105649	-1.0034223879872046	10.562180579216356
low_clip_control	0.4675396389862508	-0.8778758620369851	10.486998994397355
low_clip_control	0.4668974888120644	-0.6843762036857703	8.42938241871667
low_clip_control	0.4662033089057944	-0.9937996212000398	6.561360874848116
low_clip_control	0.4656635723488118	-0.3916571853028698	11.604641856742695
low_clip_control	0.4656635723488118	-0.9888594423947996	8.027522935779817
low_clip_control	0.464962724610526	-1.4245710557539433	18.35594573024741
low_clip_control	0.4645933237530761	-0.7841222861875617	15.01748611396832
low_clip_control	0.4642600148550173	-1.0910411465512702	14.032496307237814
low_clip_control	0.4639470997597903	-0.5343335314495856	8.78972278566599
low_clip_control	0.4638457833482953	-1.2503596116338584	16.260162601626018
low_clip_control	0.4636866619865604	-0.4025889074688308	9.073075036782736
low_clip_control	0.4634005208402429	-1.047054206608783	10.82004555808656
low_clip_control	0.4632839441329038	-0.5809771363381742	14.430577223088925
low_clip_control	0.4631504393611912	-1.3236010820477306	10.53370786516854
low_clip_control	0.4629719763425457	-0.1039106827349762	7.378258730939499
low_clip_control	0.4629719763425457	-1.1801499728330431	12.709710218607016
low_clip_control	0.4629719763425457	-1.6411879708520851	6.365372374283896
low_clip_control	0.4623432140572004	0.6858031902279837	8.37871805613741
low_clip_control	0.4623432140572004	-1.2115041051937117	13.068844807467912
low_clip_control	0.4618064258252006	-1.3048263595184062	11.6991643454039
low_clip_control	0.4614074624168778	-1.5843557804020645	15.580736543909348
low_clip_control	0.4609499787573342	-0.3070906316826622	7.9422382671480145
low_clip_control	0.4607295899717126	-1.533862321387458	10.636079249217936
low_clip_control	0.4607079366082142	-2.2635988562943505	11.53715643026807
low_clip_control	0.4605955517709332	-0.5473680158031285	13.727560718057022
low_clip_control	0.4605676884974752	-0.7176274219439776	9.697588362893963
low_clip_control	0.4602360206881836	-0.7177590466836996	12.629533678756475
low_clip_control	0.4599050214441337	-0.9969709045257986	21.570319240724764
low_clip_control	0.4594316186372972	-1.1423529234113303	7.389162561576354
low_clip_control	0.4594316186372972	-0.3817369063580935	7.587253414264037
low_clip_control	0.4594316186372972	-1.8475515615781493	11.145786892554614
low_clip_control	0.4594316186372972	-1.5809213354992926	9.877282250823107
low_clip_control	0.4594316186372972	-1.6560455987826388	8.860372746715552
low_clip_control	0.4594316186372972	-0.077457873186634	13.643410852713178
low_clip_control	0.4594316186372972	-1.850610908055982	12.910798122065728
low_clip_control	0.4588734081289253	-1.1698385322618563	10.519395134779751
low_clip_control	0.4588326171585287	-1.1969174516228074	9.874917709019092
low_clip_control	0.4585703938335572	-1.0532142498151706	8.982035928143713
low_clip_control	0.4584877553122412	-1.0553154764197357	17.735334242837656
low_clip_control	0.4580206698295898	-0.4389799481449841	11.881947106170948
low_clip_control	0.4573032262558537	-0.4332451177515204	6.944444444444444
low_clip_control	0.4572069535227833	-1.114982373801355	14.757554462403371
low_clip_control	0.4570450258004194	-0.4407798182882783	10.233635837034177
low_clip_control	0.4568576749734708	-0.2264359862462713	10.98146877144818
low_clip_control	0.4568576749734708	-0.807354922057604	11.823436678928008
low_clip_control	0.4568576749734708	-0.4049978273022777	8.561643835616438
low_clip_control	0.4564702182661899	-1.4529172300340056	11.904761904761903
low_clip_control	0.4555756591537211	-1.169619917209178	9.436244858456329
low_clip_control	0.4552308148125708	-1.3283089076387349	21.13876576883737
low_clip_control	0.4551946257508264	-0.2352852859971115	9.74025974025974
low_clip_control	0.4549364599485201	-1.3906239789752293	10.330114529530654
low_clip_control	0.4545658634654813	-0.1821957207250079	12.526096033402924
low_clip_control	0.4545408364461836	-1.3903259496063776	14.34099704074664
low_clip_control	0.4540902758426186	-1.2582955064859769	10.079699953117675
low_clip_control	0.4540316308947074	-1.8250970056938431	23.09782608695652
low_clip_control	0.453860048892781	-0.7602839830899772	7.518796992481203
low_clip_control	0.4536701588819034	-1.4745725321218093	11.93139448173005
low_clip_control	0.453256821509334	-0.0379678501990203	10.76487252124646
low_clip_control	0.4530508252155752	-0.1837119531723881	10.7095046854083
low_clip_control	0.4527297893507943	-1.1138050673105877	15.060240963855422
low_clip_control	0.4525122046975067	-0.2448375678612566	3.115264797507788
low_clip_control	0.4525122046975067	-0.7421855028803743	15.151515151515152
low_clip_control	0.4525122046975067	-0.5904732871890165	12.4031007751938
low_clip_control	0.4521717456892273	-1.9826388393385623	13.576580398812048
low_clip_control	0.4518742674592152	-0.3522998194149667	10.718358038768528
low_clip_control	0.4518742674592152	-0.325468452592611	12.334801762114536
low_clip_control	0.451749277635365	-0.4815293480009309	13.799448022079115
low_clip_control	0.451695969857692	-0.0049736968905367	8.862876254180602
low_clip_control	0.4510356975162406	-1.6155269133031531	13.29136061559986
low_clip_control	0.4509145356074403	-0.5617777133003565	9.963960144159422
low_clip_control	0.4506614090095652	-1.901137068378221	10.876042908224075
low_clip_control	0.4501657226824456	-1.3286505447858843	15.151515151515152
low_clip_control	0.450107165806095	-1.4767500974200976	13.343799058084771
low_clip_control	0.4499011189693362	-1.5520961790490768	6.865837817776954
low_clip_control	0.4497617628406419	-1.337229563553456	16.816143497757846
low_clip_control	0.4497269201238925	-0.0545472256957544	15.384615384615383
low_clip_control	0.4489848312021815	-1.9779736936700008	14.953271028037385
low_clip_control	0.448758117122845	-1.0923161451818757	10.226442658875092
low_clip_control	0.448758117122845	-0.7897332622011468	9.74025974025974
low_clip_control	0.4484721055528068	-1.1205983912144142	15.828677839851023
low_clip_control	0.4474589769712211	-1.6943606867907373	8.488964346349746
low_clip_control	0.4474589769712211	-1.125012579566738	13.950538998097654
low_clip_control	0.4474589769712211	-1.2292866404386085	7.702182284980744
low_clip_control	0.4470987085111423	0.063416059254268	6.731287022078622
low_clip_control	0.4468863653181837	-0.0073833841243164	8.031301482701812
low_clip_control	0.4454448431605899	-0.4959574946624112	6.093649775497113
low_clip_control	0.4454111483223626	-0.34715352392269	9.74025974025974
low_clip_control	0.4449389849927059	-1.2180897189497617	6.849315068493151
low_clip_control	0.4447848426728959	-0.2859014687125816	15.730337078651688
low_clip_control	0.4444812771713258	-0.628765542445196	10.94391244870041
low_clip_control	0.4440297026185503	-0.5374185533160966	6.2015503875969
low_clip_control	0.4433013514975652	-0.8156120227329062	6.011163589523401
low_clip_control	0.4431298063081967	-0.8381123176231058	8.367200573750896
low_clip_control	0.4429434958487283	-0.9489465445273358	14.397905759162304
low_clip_control	0.4429434958487283	-0.6626608712559529	8.312958435207824
low_clip_control	0.4429133998875935	-0.3806680744870884	7.197121151539384
low_clip_control	0.4428441948168627	-1.353829588778512	17.737167428110723
low_clip_control	0.4425182357009509	0.2206647366871273	14.232765011119348
low_clip_control	0.4425182357009509	-1.3959286763311392	8.22898032200358
low_clip_control	0.4423581052783558	-1.3870218998907895	7.700205338809035
low_clip_control	0.4422945744350972	-0.1738501817790105	16.61849710982659
low_clip_control	0.4420045468791131	-0.8899464545350861	11.737978038621732
low_clip_control	0.4413134354690636	-1.5713324631575134	16.712141882673944
low_clip_control	0.4411897871348123	-1.498377526761064	10.795681727309075
low_clip_control	0.4405725913859814	2.796466605914868	7.217847769028872
low_clip_control	0.4405725913859814	-0.9645133424897576	9.832635983263598
low_clip_control	0.4405725913859814	-0.7149714879241669	14.498432601880875
low_clip_control	0.4405725913859814	-0.9229272971535274	7.817735090462363
low_clip_control	0.4405725913859814	-0.1924927583475873	12.750455373406194
low_clip_control	0.4405725913859814	-1.2778975121418668	10.72840203274986
low_clip_control	0.4388842412332116	-2.48532209811928	9.1244418559503
low_clip_control	0.438573013739633	-0.0257136887504284	11.075219197046607
low_clip_control	0.4380328066510226	-1.7118893952270058	12.704439252336448
low_clip_control	0.4377250939867388	-0.9412631778630568	13.395157135497168
low_clip_control	0.4368144416740954	-1.282493340528733	16.697588126159555
low_clip_control	0.4367325703781629	-0.5656166334348933	3.421727972626176
low_clip_control	0.4360991148066735	-0.9611490710286422	14.492753623188406
low_clip_control	0.4360991148066735	-1.115477217419936	8.73846153846154
low_clip_control	0.4349370567165487	-1.3498898599134252	11.913626209977664
low_clip_control	0.434182548545547	-0.3952781113861497	9.039010466222646
low_clip_control	0.4336531774461908	-1.7373512899420336	11.586901763224182
low_clip_control	0.4329594072761062	0.450661409009565	9.796718099436688
low_clip_control	0.4329594072761062	-1.0933272820456628	12.048192771084338
low_clip_control	0.4327830494687979	-1.2517479138564191	10.51156271899089
low_clip_control	0.4322272605763591	-1.66281103625008	14.763014763014764
low_clip_control	0.4317162404254741	-1.9888594423948	12.384996461429582
low_clip_control	0.4316414517990032	-1.5222774888382569	9.25925925925926
low_clip_control	0.4314880200594379	-0.3850287938376173	8.964143426294822
low_clip_control	0.4312347268066452	-0.9328858041414632	12.127697520955948
low_clip_control	0.4311571646421207	-1.906090643097392	8.858267716535433
low_clip_control	0.4306343543298623	-1.1707596529211255	17.493333333333332
low_clip_control	0.4306343543298623	-0.2149211719053129	9.19811320754717
low_clip_control	0.4303854636122798	-1.905798954186192	13.422818791946307
low_clip_control	0.4298765986819399	-1.63294380377959	15.72052401746725
low_clip_control	0.4293927922559138	-1.2746080309821113	8.03414511674617
low_clip_control	0.4288432988038744	-0.6671801156051635	6.11764705882353
low_clip_control	0.428816926292638	-1.3972120935804817	12.295081967213116
low_clip_control	0.428686560790695	-1.6310461391998063	20.440251572327043
low_clip_control	0.4285333417630669	-0.7115545781753257	7.386563489271896
low_clip_control	0.4283017211931264	-1.6837887120671418	14.669926650366747
low_clip_control	0.4280295194981633	-1.5190807194332252	12.241054613935969
low_clip_control	0.4277485510283978	-1.2352985596000037	12.07729468599034
low_clip_control	0.427732572127211	-0.3569455214649422	8.44872095752171
low_clip_control	0.4275241190375434	-1.59460154985948	10.48747329578559
low_clip_control	0.4274212237346762	-1.1734828208555017	6.995133819951338
low_clip_control	0.427363512470357	-0.6989311402920386	9.148486980999296
low_clip_control	0.4258008407560171	-0.5531620174574451	10.746268656716415
low_clip_control	0.42409683856631	-0.9021603344772436	9.448472863107009
low_clip_control	0.423807708906576	-0.614805884703636	7.552870090634442
low_clip_control	0.4233169770434103	-0.7306862998503072	15.561959654178676
low_clip_control	0.4229057426121832	-1.080964903966494	9.75015234613041
low_clip_control	0.422447088963148	-2.129374810215417	11.041852181656278
low_clip_control	0.4203317989483567	-1.1928496028420743	7.926023778071334
low_clip_control	0.4201084888262658	-0.302810816559329	12.759170653907496
low_clip_control	0.4194026918402457	-0.9428231513424152	3.763440860215054
low_clip_control	0.4189209337660719	-1.20610268131459	12.702584318878667
low_clip_control	0.4188744564365002	-1.495627031065604	13.33675301359323
low_clip_control	0.4188290784412179	-0.3559514167252468	8.302583025830259
low_clip_control	0.4184021590687777	-1.6955866523630116	8.598887202832575
low_clip_control	0.4175841813891903	-0.5246967833929812	21.704180064308684
low_clip_control	0.4166047944258042	-1.0537938323278015	9.99000999000999
low_clip_control	0.4157630185503015	0.3931427119412709	10.20408163265306
low_clip_control	0.4150374992788437	0.7300792085809664	9.700176366843031
low_clip_control	0.4150374992788437	0.5920825400506736	12.1765601217656
low_clip_control	0.4150374992788437	0.5487888881676712	12.536564981195152
low_clip_control	0.4150374992788437	0.0365258760251138	17.68642447418738
low_clip_control	0.4150374992788437	-0.3198829459126787	5.243445692883896
low_clip_control	0.4150374992788437	-1.1450503328032833	11.07754279959718
low_clip_control	0.4150374992788437	-1.1974927919278324	9.112709832134293
low_clip_control	0.4150374992788437	-0.5477434336554062	7.391438250692947
low_clip_control	0.4150374992788437	-0.3190106115050682	7.19865216725379
low_clip_control	0.4150374992788437	-1.2478727081312826	13.54256233877902
low_clip_control	0.4150374992788437	-0.4083737689978328	5.330243337195829
low_clip_control	0.4150374992788437	-1.2115041051937117	7.076755579749592
low_clip_control	0.4150374992788437	-2.0954195650786827	11.86178442496132
low_clip_control	0.4150374992788437	-0.5334322000810741	7.0878274268104775
low_clip_control	0.4150374992788437	-2.082462160191973	9.41281936351412
low_clip_control	0.4150374992788437	-0.1607733030727823	12.219959266802444
low_clip_control	0.4150374992788437	-1.162305115554716	6.837606837606837
low_clip_control	0.4150374992788437	-0.7935792543226078	8.72323552735924
low_clip_control	0.4150374992788437	-1.898518682134116	11.830201809324985
low_clip_control	0.4143397023893568	-0.8778562853217488	9.596072305288995
low_clip_control	0.4127601585677778	-1.6915610015068168	13.385686239514548
low_clip_control	0.4127601585677778	-0.5368461128404033	11.863224005582694
low_clip_control	0.4122279656920197	-0.9163997983820592	12.23922114047288
low_clip_control	0.4120536408400225	-1.2051922907348036	11.591148577449948
low_clip_control	0.4117586455018343	-1.5467749762258038	9.216589861751151
low_clip_control	0.4113144132361264	-1.1513654108923022	11.002634433596777
low_clip_control	0.4109530212073609	-1.5491264634189743	15.23431031627753
low_clip_control	0.4109331009461073	-0.5531442174251137	11.707317073170731
low_clip_control	0.4107880262774859	-0.7681372217506268	13.024602026049203
low_clip_control	0.4107880262774859	-1.9009566693083368	17.257609036711642
low_clip_control	0.4104647694890196	-0.056716747355417	5.900533857825232
low_clip_control	0.410384322557787	-1.2390048092425223	14.406997684589657
low_clip_control	0.4102668214160045	-1.3029686460521137	8.8011417697431
low_clip_control	0.4101458185031655	-1.2269540945678343	9.597712885440064
low_clip_control	0.4096442405086254	-1.1882666374318216	6.240249609984399
low_clip_control	0.4096036132282158	-1.0001652272604116	11.715481171548118
low_clip_control	0.4093437447741289	-1.090999018975322	9.287925696594426
low_clip_control	0.4091126653217383	-0.7149086732930092	6.900878293601004
low_clip_control	0.4091126653217383	-1.373562020791823	10.550996483001173
low_clip_control	0.4089629848691593	-1.4258120557249725	10.578583765112263
low_clip_control	0.4085824771415444	-1.4529281123841986	14.230979748221127
low_clip_control	0.4080847386370768	-0.97893838447217	8.274720728175424
low_clip_control	0.4079080352207387	-0.4778700637187235	10.458688181682351
low_clip_control	0.4079080352207387	-0.7838613941695679	10.878010878010878
low_clip_control	0.4068403463122243	-1.3592242353782205	10.826210826210826
low_clip_control	0.4066670942929634	-0.6483030431010913	12.452107279693486
low_clip_control	0.4064754857754199	-0.0901587885823927	6.172839506172839
low_clip_control	0.4062290416615845	-1.180698632398924	10.849233071455291
low_clip_control	0.4059923596758368	-1.2132524331064127	6.739049045301385
low_clip_control	0.405759685690833	-1.9231482260924329	19.184652278177456
low_clip_control	0.4056388012765942	-0.2196116798503698	13.483146067415731
low_clip_control	0.4052564784862584	-1.345955365533812	10.5858733345501
low_clip_control	0.4051835985367146	-1.528115776400469	7.949602519874007
low_clip_control	0.4051600470235664	-1.2804037600932414	11.585807385952208
low_clip_control	0.40494868165526	-0.0730207833238959	10.367298578199051
low_clip_control	0.4043902550793352	-0.506571515929018	9.158050221565732
low_clip_control	0.4043902550793352	-0.1935246319264149	12.340425531914894
low_clip_control	0.4040359586529748	-1.159860978830424	7.197943444730077
low_clip_control	0.4025465550956469	-1.3770498078180289	11.748909029875795
low_clip_control	0.4020984435713456	-2.051943089508248	9.136510211393766
low_clip_control	0.4016169835165223	-0.1771419677511281	10.21566401816118
low_clip_control	0.4016169835165223	-0.5466086928190803	13.40782122905028
low_clip_control	0.4014727716970409	-0.6758017314878105	13.814756671899527
low_clip_control	0.4006617713830999	-0.5602967273452008	6.247559547051933
low_clip_control	0.4001795405517307	-1.1118866114221095	11.618589743589745
low_clip_control	0.3996074587092377	0.3112016882943038	8.08457711442786
low_clip_control	0.3996074587092377	-0.0899813668376656	11.52542372881356
low_clip_control	0.3996074587092377	-0.9718327068721928	13.198757763975156
low_clip_control	0.3995970286962543	-2.0335678648937474	20.4493475043724
low_clip_control	0.3995169139424657	-0.9808727534300914	15.267175572519085
low_clip_control	0.3992701834205273	-0.5622772790835677	11.91827468785471
low_clip_control	0.3992701834205273	-1.3316326781992036	9.223300970873789
low_clip_control	0.3988662086076981	-1.9018875631510488	12.87102705542422
low_clip_control	0.3987215049926432	-0.88867815044534	19.533711405166983
low_clip_control	0.3985493764902748	-0.6947768326803074	9.630606860158313
low_clip_control	0.3985493764902748	-0.8820159269694894	7.2969543147208125
low_clip_control	0.3985493764902748	-1.3413758571155847	9.65996908809892
low_clip_control	0.3985493764902748	-2.428843298803874	15.209125475285171
low_clip_control	0.3985493764902748	-1.5086483388726528	10.162043394671796
low_clip_control	0.3973354975453849	-0.2920928653465992	8.137044967880087
low_clip_control	0.3972585024798088	-1.248151362197461	9.895547003848268
low_clip_control	0.3970035764485822	-0.79346170656286	15.522643121617772
low_clip_control	0.3968552344356119	-1.669583333789799	9.739130434782608
low_clip_control	0.3966815995869988	-1.405267849048424	19.00359527478172
low_clip_control	0.3964816802506	-1.0575030198097932	7.156915369475756
low_clip_control	0.3959286763311393	-1.4780472968046443	11.5923009623797
low_clip_control	0.3959286763311393	-0.7852815065489733	8.713480266529984
low_clip_control	0.3959286763311393	-1.180940697060683	17.41521539871677
low_clip_control	0.3957584367839607	-0.6261412083397351	12.54841208365608
low_clip_control	0.395716889037616	-1.0730965545481932	12.96551724137931
low_clip_control	0.3955851366126712	-0.434387441570531	9.198423127463863
low_clip_control	0.3955851366126712	-1.557064855376527	12.751242705856926
low_clip_control	0.3954847018574433	-1.6658824961047238	13.185495954450104
low_clip_control	0.3943977332198075	-0.3525370402664257	11.268629589240277
low_clip_control	0.3943728370613059	-1.4075511026138725	13.897161008536829
low_clip_control	0.3935659689760193	-0.5459109993639819	7.049891540130152
low_clip_control	0.3935282453768078	-1.5538138442665506	14.029726350882068
low_clip_control	0.3923174227787603	-0.9748854083595336	9.994739610731196
low_clip_control	0.3923174227787603	-2.1253638938273047	15.781922525107603
low_clip_control	0.3923174227787603	-1.3185295184254973	10.7484076433121
low_clip_control	0.3910944888741436	-1.114417367319772	9.420289855072465
low_clip_control	0.3907899530321665	-0.9917121633617172	12.331316891577478
low_clip_control	0.3907899530321665	-0.8117094328684431	14.83679525222552
low_clip_control	0.3899465183160133	-1.5063746180614563	11.315417256011315
low_clip_control	0.3899465183160133	-0.395620045451603	13.46045989904655
low_clip_control	0.3898840220505055	-1.391762243790476	9.61153384060873
low_clip_control	0.389307224185426	-1.9457286750734275	20.63106796116505
low_clip_control	0.3891649741118381	-1.0488029556700027	9.21544209215442
low_clip_control	0.3890422907458993	-0.9772799234999164	8.869908015768726
low_clip_control	0.3888059577056642	-1.270096038470337	10.773130544993665
low_clip_control	0.3879256536616026	-0.5122630121425571	13.087606837606838
low_clip_control	0.3876354167666159	-1.8764761530982192	16.371971185330715
low_clip_control	0.3875567628567367	-0.8613892908721514	16.32208922742111
low_clip_control	0.3875329479516794	-1.6896205169805885	9.685708638070766
low_clip_control	0.3870231231092472	0.4297313844218773	9.164535379369138
low_clip_control	0.3870231231092472	-0.914270125974116	7.988721804511278
low_clip_control	0.3870231231092472	-0.9020549495880408	7.751937984496124
low_clip_control	0.3870231231092472	-1.2478268052629653	16.551724137931036
low_clip_control	0.3870231231092472	-1.112193004328924	9.442870632672332
low_clip_control	0.3870231231092472	-0.1035376041084107	10.183299389002038
low_clip_control	0.3870231231092472	-1.37851162325373	14.750251424740195
low_clip_control	0.3870231231092472	-0.4805774275088462	9.94859890565412
low_clip_control	0.3866337842751777	-0.6237331117908688	16.714697406340054
low_clip_control	0.3858184984747949	-1.4371048371641375	13.333333333333334
low_clip_control	0.3852901558847916	0.0334230015374502	7.889546351084813
low_clip_control	0.3852901558847916	-2.847198726672412	19.902120717781404
low_clip_control	0.3852901558847916	-1.2294818461227677	7.10811821922933
low_clip_control	0.3852901558847916	-0.6529809241498072	7.923930269413629
low_clip_control	0.385166969696706	-0.1201159600234891	5.417118093174431
low_clip_control	0.384663850235325	-0.6444155176554391	8.175042077422457
low_clip_control	0.384663850235325	-0.7703557208835957	8.8008800880088
low_clip_control	0.384663850235325	-0.5887943623121833	11.19221411192214
low_clip_control	0.3839539498441335	-0.7966884806292804	14.647887323943662
low_clip_control	0.3834303058100226	-1.672872263634894	11.020603737422135
low_clip_control	0.3833286395515057	-1.3588309896671764	12.72396780057128
low_clip_control	0.3833286395515057	-1.38627850629742	11.746873815839333
low_clip_control	0.3829438695689905	-0.7331006936688794	9.181969949916528
low_clip_control	0.3828386768906955	-1.1203470278321876	9.649122807017545
low_clip_control	0.3818706353436444	-2.2806398863967305	14.525646845211076
low_clip_control	0.3815627947277556	-1.5361411460743224	17.921146953405017
low_clip_control	0.3810901673555062	0.2810367925208132	7.270323859881032
low_clip_control	0.3810901673555062	-1.0896616353909674	14.334213504337988
low_clip_control	0.3802720811181673	-0.5778393036494509	10.54481546572935
low_clip_control	0.3798956931585867	-1.0016952214528072	9.937351479801253
low_clip_control	0.3793617676748474	-0.8951771750447279	10.594021944759742
low_clip_control	0.3785116232537298	0.1376708024376853	7.092198581560283
low_clip_control	0.3785116232537298	-1.3890422907458997	9.067724567866252
low_clip_control	0.3781822784193149	-1.310724499264056	10.439734261309711
low_clip_control	0.3775204208506796	-0.5101115306429865	12.845215157353886
low_clip_control	0.3773670813127888	-0.8367320804591358	12.171684817424728
low_clip_control	0.3765196380689319	-1.6405582919982875	12.32711966325917
low_clip_control	0.3758669019981661	-0.6912799750560111	9.978096860550012
low_clip_control	0.3743955147814979	-1.571817124664234	8.047044258743423
low_clip_control	0.3740657182225377	-1.334617920758871	17.68172888015717
low_clip_control	0.3732885168059188	-0.7772401534633262	14.832535885167465
low_clip_control	0.3730434106142167	-1.4460906119492705	11.860386309725516
low_clip_control	0.3728092638895464	0.149384486270093	6.161429451632778
low_clip_control	0.3727266944208795	-1.3209797922899422	4.466944609886838
low_clip_control	0.3726293520509202	-1.0854759200206616	10.965935604293048
low_clip_control	0.3719687773869579	-0.5952477296584455	12.153621779290228
low_clip_control	0.3719687773869579	-1.5494822213395891	13.262599469496022
low_clip_control	0.3717592508393688	-0.9669037167466286	10.752688172043012
low_clip_control	0.3716307117636444	-1.1833072133630596	16.475095785440615
low_clip_control	0.371160771182197	-1.3611868096777142	6.752954417557682
low_clip_control	0.3710565452725368	-1.526441202280278	13.987112997013986
low_clip_control	0.3703684499451155	-0.6883474033545762	17.28201099764336
low_clip_control	0.3697566199779775	-1.1346058246494823	8.033531260915124
low_clip_control	0.3696769658789683	-0.0366681652997868	9.457900807381776
low_clip_control	0.3692338096657191	-1.018859027251316	10.26248273139925
low_clip_control	0.3692338096657191	-0.8755264246991835	10.038610038610038
low_clip_control	0.3692338096657191	-0.3440323675744848	7.625272331154684
low_clip_control	0.3692338096657191	-0.6167523345181841	8.51063829787234
low_clip_control	0.3680287793781287	-0.7153214438870178	13.199245757385292
low_clip_control	0.3677317845004871	-0.7927457292447062	11.61751563896336
low_clip_control	0.3673048884947419	-1.0691182510958523	9.187279151943462
low_clip_control	0.3672644870127882	-0.9125644614272732	10.512483574244415
low_clip_control	0.367057470377022	-0.9361216206928974	10.314341846758351
low_clip_control	0.3667823306716227	-1.3035502422173195	6.569343065693431
low_clip_control	0.3667823306716227	-0.8919282604648554	7.788161993769471
low_clip_control	0.3662419954439996	-1.452536700459352	9.268621503201889
low_clip_control	0.3661278987978975	0.3646394486721723	9.511170095111702
low_clip_control	0.3661278987978975	-2.40372218605101	7.455731593662628
low_clip_control	0.3658566360355073	-1.2416683588337172	14.285714285714285
low_clip_control	0.3656494723166804	-1.947770041227442	10.013252834634072
low_clip_control	0.3655963914014799	-1.2594695165533716	12.485648679678532
low_clip_control	0.3654554704282834	-0.4253108202103597	8.224811514736121
low_clip_control	0.3649968167792483	-1.3022673476704916	8.193922840559917
low_clip_control	0.3645724322958561	-0.168037891898047	9.351090960612073
low_clip_control	0.3641032304757413	-1.2432965795045687	11.476977729197978
low_clip_control	0.3637482705819895	-1.3598353962397003	6.282934738548845
low_clip_control	0.3632224398031893	-1.330093302119256	7.800891530460624
low_clip_control	0.3625700793847083	1.0	15.81843191196699
low_clip_control	0.3625700793847083	-0.2052117495110315	8.649687650168188
low_clip_control	0.3625700793847083	-1.225559700415131	9.796718099436688
low_clip_control	0.3625700793847083	-1.7969729035304831	11.215519854501364
low_clip_control	0.3625700793847083	-2.0865552384937365	7.168458781362007
low_clip_control	0.3625700793847083	-0.8605969433345836	6.024096385542169
low_clip_control	0.3618445601132506	-1.5244634351712187	7.9671656204732
low_clip_control	0.3617954780018643	-0.672407558323288	7.322175732217573
low_clip_control	0.3616742736801189	-0.5076526103683981	8.27814569536424
low_clip_control	0.3615771715403622	-1.4468358374948194	10.9204368174727
low_clip_control	0.3609976595659548	-0.974631806293841	15.855039637599091
low_clip_control	0.3606717961622949	-0.3534410377519197	8.174386920980925
low_clip_control	0.3601244184483123	-0.0546856427597506	5.114770459081837
low_clip_control	0.3600152796363404	-2.153121436251791	12.73148148148148
low_clip_control	0.3597876387133812	-1.1535755132638037	7.601935038009675
low_clip_control	0.3596203849593129	-1.0897727843569731	13.53637901861252
low_clip_control	0.3595423866871401	-0.3186344431069343	9.89345509893455
low_clip_control	0.3593280666925563	-0.4530728335552259	11.17964533538936
low_clip_control	0.3590810933048283	-0.9952905712365508	7.18993409227082
low_clip_control	0.3587483684322998	-1.3397850181734998	14.615747289014616
low_clip_control	0.3581998309082995	-1.3892749760262462	9.643770911237944
low_clip_control	0.3577288163152092	-0.8818181659110708	13.720742534301856
low_clip_control	0.3575520046180837	-0.056932724340897	7.917174177831911
low_clip_control	0.3574411979394079	-1.4531932696357293	14.338385907414994
low_clip_control	0.3573220014225563	-0.3802848672838633	8.771929824561402
low_clip_control	0.3568337098355637	-0.7534374115389338	9.93904055128545
low_clip_control	0.3567029823159083	-1.3089707187639208	10.59850374064838
low_clip_control	0.356693513048039	-1.0844287811607063	11.893343564166509
low_clip_control	0.3561438102252753	-0.619410779496515	10.13684744044602
low_clip_control	0.3561438102252753	-2.18052451458556	11.045655375552284
low_clip_control	0.3561438102252753	-1.1378301470343022	8.297258297258297
low_clip_control	0.3559101943165974	-0.7764964634982243	14.11451398135819
low_clip_control	0.3554806545983888	0.4845784325319207	11.041350941762284
low_clip_control	0.3544959573437929	-0.2050655903299244	14.29230059935454
low_clip_control	0.3544786670311604	-1.3261514041254872	9.211873080859776
low_clip_control	0.3542834681997474	-0.2624447475177979	11.667810569663692
low_clip_control	0.3540080658812843	-2.383196032810212	16.248574686431013
low_clip_control	0.3536369546147004	-1.3090342900267118	8.080808080808081
low_clip_control	0.3536369546147004	-0.0117771677763536	7.707553402334287
low_clip_control	0.353398433486458	-1.3383330987589936	9.6514745308311
low_clip_control	0.352822102833146	-1.1419750195970122	10.805500982318271
low_clip_control	0.352060066228517	-0.5536059044654469	13.127413127413128
low_clip_control	0.3514723705013778	-0.5206806379617622	9.58029197080292
low_clip_control	0.3513160476357471	-0.5889478486723353	14.138817480719794
low_clip_control	0.3510308868316227	-0.7412755296439351	11.93467336683417
low_clip_control	0.3506469120088889	-0.8694158901898559	11.291009799744357
low_clip_control	0.3504972470841331	-1.290126597883894	6.130544536602957
low_clip_control	0.3504972470841331	-1.018346348177477	7.964257964257964
low_clip_control	0.3499424710569588	-1.5637728788899827	9.86252241482367
low_clip_control	0.3493122324007769	-1.826841636550302	17.516543402101988
low_clip_control	0.3479233034203068	0.7874983281851993	6.920415224913495
low_clip_control	0.3479233034203068	0.7813597135246596	9.913258983890954
low_clip_control	0.3479233034203068	0.3208182309079247	10.22364217252396
low_clip_control	0.3479233034203068	-0.906521100142063	24.10901467505241
low_clip_control	0.3479233034203068	-0.5025003405291834	14.395393474088293
low_clip_control	0.3479233034203068	-1.6956387318772708	8.957654723127037
low_clip_control	0.3479233034203068	-1.3546658731528536	18.117765475591344
low_clip_control	0.3479233034203068	-1.384248984656366	6.997084548104956
low_clip_control	0.3479233034203068	-1.5238699061896466	10.306326939593472
low_clip_control	0.3479233034203068	-0.4739311883324124	7.5046904315197
low_clip_control	0.3479233034203068	-1.456857674973471	16.0857908847185
low_clip_control	0.3470433430143196	-1.3787169201939349	5.187106335679882
low_clip_control	0.3464025959527543	-1.1355760751788204	6.004945249028612
low_clip_control	0.3454320317929772	-0.7313120028991115	8.756567425569177
low_clip_control	0.3452920879528727	-1.5678469828190296	10.803024846957149
low_clip_control	0.3452354683794312	-0.2885937776621366	6.607929515418502
low_clip_control	0.3449900017505873	-0.0238332067926948	5.140507196710075
low_clip_control	0.3449900017505873	-1.3091308204232477	22.59636685866194
low_clip_control	0.3447089151629917	-0.7933022195377786	13.027295285359802
low_clip_control	0.344334507935642	-1.430634354329862	13.764880952380953
low_clip_control	0.3443240623662389	-0.8227474956372672	7.54906894816306
low_clip_control	0.3441015924678986	-0.1986602602057915	9.44081336238199
low_clip_control	0.3440387964931107	-1.2472117714426192	8.866371120962635
low_clip_control	0.3436987175585815	-0.6442154713208197	7.705479452054794
low_clip_control	0.3434078222978139	-1.022636496340692	9.968102073365232
low_clip_control	0.3428877135230085	-0.8141334546886662	9.25619834710744
low_clip_control	0.3427327100266585	-1.5647707296883282	6.741573033707866
low_clip_control	0.3421392335887678	-1.369424958158542	16.59513590844063
low_clip_control	0.3419195700748284	-1.084509523860992	10.994380649890056
low_clip_control	0.3418276523250673	-1.1461818990508084	8.700102354145343
low_clip_control	0.3417365759675426	-0.4283940287187465	16.225244571701268
low_clip_control	0.3416913497087921	-0.9836678888177752	8.244589488148401
low_clip_control	0.3412698171883678	-0.7245356105862485	10.311589329746694
low_clip_control	0.3410369178350669	-1.3321559875619904	10.416666666666666
low_clip_control	0.3410369178350669	-0.7794008604866026	13.20014270424545
low_clip_control	0.3410369178350669	-1.3748913075750329	8.447488584474886
low_clip_control	0.3410369178350669	-1.7369655941662063	3.495281370150297
low_clip_control	0.3403401320012426	-1.2592848569036446	12.4036205162588
low_clip_control	0.3388019134517585	-1.3012363727135805	8.965738072366316
low_clip_control	0.3388019134517585	-0.7527862536209888	6.596818005432674
low_clip_control	0.3382157498922925	-0.0109164172095636	6.31768953068592
low_clip_control	0.3381687358945732	0.0375754006748236	20.35623409669212
low_clip_control	0.3370349872775706	0.0189831033675729	9.502262443438914
low_clip_control	0.3370349872775706	-0.9970161415611786	6.856023506366308
low_clip_control	0.3370349872775706	-0.8414411339503303	11.07011070110701
low_clip_control	0.3369142748112081	-1.9736319852952795	12.830107986742222
low_clip_control	0.3367597575898457	-1.2475810526192153	9.396636993076164
low_clip_control	0.3364808505160475	-0.1739569804601353	6.226053639846743
low_clip_control	0.3359659282876449	-2.051973074068455	8.947006194081212
low_clip_control	0.3359659282876449	-0.9481784409199772	10.115606936416183
low_clip_control	0.3357848955627611	-1.4427952485766902	9.472259810554805
low_clip_control	0.3356030317844388	-0.731295780313279	8.370535714285714
low_clip_control	0.33543235923711	-0.6315392909710172	8.893280632411068
low_clip_control	0.3353103068081096	-1.4540080757285223	13.767783386874711
low_clip_control	0.3351841915896291	-1.722792804256463	10.121457489878544
low_clip_control	0.3344733482064759	-0.1266171668941681	12.22826086956522
low_clip_control	0.3344190390705593	-1.4586167668557428	12.701772955808416
low_clip_control	0.3344190390705593	-0.5549537864253447	9.990917347865576
low_clip_control	0.3344190390705593	-1.0644318725949984	8.738601823708207
low_clip_control	0.3344190390705593	-1.1853317997425057	20.97470697100556
low_clip_control	0.3344190390705593	-0.1059334447490652	11.83431952662722
low_clip_control	0.3342413563262137	-0.9546861067049014	12.52983293556086
low_clip_control	0.3337373971769956	-0.2091479148269571	8.06219406852865
low_clip_control	0.3334237337251918	0.443786437760462	9.225922592259224
low_clip_control	0.3334237337251918	-0.381783128242073	7.161458333333333
low_clip_control	0.3334237337251918	-1.6629650127224294	8.723599632690542
low_clip_control	0.3319523465085235	-0.7943324011621716	8.244994110718492
low_clip_control	0.3319294870448613	-1.5220657828022417	10.486454995630645
low_clip_control	0.331910828847916	-1.5421299774700905	11.433077074709246
low_clip_control	0.331661125025932	-1.6794422267425142	12.040351448096324
low_clip_control	0.3314280666280894	-1.3856424466307329	10.718539102818578
low_clip_control	0.3313267928896119	-1.7112250910654168	8.307619273676716
low_clip_control	0.3312059084753731	-1.4776494765785224	12.89249324183822
low_clip_control	0.3311319222172021	-1.9160341447399365	9.745293466223698
low_clip_control	0.3310909320818642	-1.896394421122933	9.04295403165034
low_clip_control	0.3308474125758844	-0.634721709209345	9.917355371900827
low_clip_control	0.3306453119884713	-1.172825328404236	11.225444340505144
low_clip_control	0.3302540271767498	-0.6137939849562696	9.423186750428329
low_clip_control	0.3299953761554771	-1.3434659806716407	19.54527323494216
low_clip_control	0.3298477581836003	-0.3537825265178583	5.431502715751358
low_clip_control	0.3273213536575808	-0.7390625350017861	8.060182697474476
low_clip_control	0.3271647432535095	-0.8532669733000089	13.446023818670763
low_clip_control	0.3271647432535095	-0.9634909819261582	9.038089089735314
low_clip_control	0.3271647432535095	-0.725583937188124	8.092485549132947
low_clip_control	0.3265008246771864	-1.7265489782208676	15.32451923076923
low_clip_control	0.3257701611817565	-1.9820958308422405	6.912442396313365
low_clip_control	0.3257031385787438	0.0328488376050332	6.702412868632708
low_clip_control	0.3254859143005515	-0.7483314202047278	13.536221060492904
low_clip_control	0.3253590002876357	-1.185337890314228	10.62436326590016
low_clip_control	0.3252408289281979	-1.1599742482571902	5.396430053964301
low_clip_control	0.3249621549769955	-1.1701565179381777	9.916912355936748
low_clip_control	0.3249621549769955	-0.9690941821733968	7.836045810729355
low_clip_control	0.3248633859119091	-0.8566891084153929	9.685230024213077
low_clip_control	0.3248396903072656	-1.0869632258243715	11.920242739488511
low_clip_control	0.3243107461983563	-1.6783734402879205	7.912584777694047
low_clip_control	0.3241290030806335	-1.2620268412425228	7.930513595166163
low_clip_control	0.3238896112206485	-0.4300204005980135	8.30188679245283
low_clip_control	0.3238546854797791	-0.3015993095576055	10.197578075207138
low_clip_control	0.3225085394901987	-1.6191665333516083	12.77297074577668
low_clip_control	0.3224441725322464	-1.76219530664921	12.77139208173691
low_clip_control	0.3219280948873623	1.807354922057604	8.917513004706464
low_clip_control	0.3219280948873623	0.237288992997238	4.49582530507386
low_clip_control	0.3219280948873623	-1.553253640993818	8.80503144654088
low_clip_control	0.3219280948873623	-0.1998246644311729	12.919310970081597
low_clip_control	0.3219280948873623	-1.9391447946131453	12.057272042200452
low_clip_control	0.3219280948873623	-1.035796388066857	9.031073013929282
low_clip_control	0.3219280948873623	-0.96131953183594	9.030704394942806
low_clip_control	0.3219280948873623	-2.121629444401532	8.582695430294594
low_clip_control	0.3219280948873623	-1.0255350921071376	11.178861788617889
low_clip_control	0.3219280948873623	-2.175638652636706	11.646373742721016
low_clip_control	0.3219280948873623	-0.5041314261081115	7.839956745066234
low_clip_control	0.3219280948873623	-1.4739311883324124	16.67201025969862
low_clip_control	0.3219280948873623	-1.8495574205425669	13.835511145272866
low_clip_control	0.3219280948873623	-1.8077006848012336	10.809141445336628
low_clip_control	0.3219280948873623	-2.837102265451656	14.657210401891254
low_clip_control	0.3212224479958724	-0.900753943426304	7.183170856849666
low_clip_control	0.3210400092693592	-1.3265315425377864	11.171698364144168
low_clip_control	0.3210289393326172	-1.438610132543817	18.560606060606062
low_clip_control	0.3206218973867374	-1.2656015075953262	14.96896677619569
low_clip_control	0.3204086686901616	-0.850705920404333	8.813345923827509
low_clip_control	0.3202061590860998	-1.137964161257887	10.344827586206897
low_clip_control	0.3200159739435854	-0.6054716754005756	9.420631182289211
low_clip_control	0.3198507798547534	-1.4267354427435053	7.536231884057971
low_clip_control	0.3190684407481217	-0.9455727366418898	14.781966001478196
low_clip_control	0.3184667966446954	-1.692251021071263	10.314341846758351
low_clip_control	0.3183168413349834	-1.9230780140685664	7.049976500078333
low_clip_control	0.3176407364842641	-0.8742544471262368	11.446886446886444
low_clip_control	0.3171110785895865	-0.5226782224668136	6.166868198307134
low_clip_control	0.3170623397155464	-0.5330224588759529	13.089005235602096
low_clip_control	0.3164736647952542	-0.2573878426926517	9.75609756097561
low_clip_control	0.316292893741573	-1.0788087751083892	10.739856801909308
low_clip_control	0.3157758679057672	-0.9519768194469151	9.482758620689657
low_clip_control	0.3155018257279294	0.0710497513595064	6.7143482703255
low_clip_control	0.3155018257279294	-0.2860673545145674	8.663691257547914
low_clip_control	0.3154537607268124	-1.4800572021224452	13.527054108216433
low_clip_control	0.3151389292247232	-1.1481324607086731	15.03006012024048
low_clip_control	0.314108590428063	-1.4336693713998538	14.68189233278956
low_clip_control	0.3138154491000426	-1.621344445480536	11.060507482108
low_clip_control	0.3131578852596303	-0.7052460084405491	6.216696269982238
low_clip_control	0.3112016882943038	-0.2124083327638259	9.409550693954364
low_clip_control	0.3109290959381052	-2.0905362822328883	9.04977375565611
low_clip_control	0.3103401206121505	-0.6486268676375638	8.35881753312946
low_clip_control	0.3103401206121505	-0.0872088029517972	7.596310363537711
low_clip_control	0.3103401206121505	-0.504792152037173	10.620915032679738
low_clip_control	0.3103401206121505	-0.5118990385314328	5.86940572267058
low_clip_control	0.3096844991326151	-0.2797366873024863	4.766444232602479
low_clip_control	0.3096543068059556	-1.49573797320111	9.07563025210084
low_clip_control	0.3093280581077287	-0.0794344674944049	18.49948612538541
low_clip_control	0.3086312722739044	-1.7511806200211366	9.752438109527382
low_clip_control	0.3085948608095421	-1.1402188310788874	10.833333333333334
low_clip_control	0.3085490650861625	-0.8268352115958509	13.333333333333334
low_clip_control	0.3081222953623319	0.2545728270855979	12.5
low_clip_control	0.3075728019102923	-0.8376274804823036	19.15322580645161
low_clip_control	0.3074285251922473	-1.2818049767678488	10.143406785589368
low_clip_control	0.307181509518176	-0.6181293646563556	7.73109243697479
low_clip_control	0.3066613382340519	-1.5418757877576097	12.54552812626467
low_clip_control	0.3066613382340519	-1.1982967457189848	13.552068473609127
low_clip_control	0.3063312398363438	-0.8838380078616764	10.314111579934366
low_clip_control	0.3061031277256797	-0.7478842703725149	11.805859204197638
low_clip_control	0.3060229133840568	-1.5537323361016622	9.652076318742983
low_clip_control	0.3058084295240854	-1.5640535109581752	13.368983957219251
low_clip_control	0.3058084295240854	-1.493040011280117	13.094857872884065
low_clip_control	0.3056262825582617	-0.8054689734100018	11.39018691588785
low_clip_control	0.3048545815284209	0.5337043810159233	18.467852257181946
low_clip_control	0.3048545815284209	-0.423211430724544	6.984126984126984
low_clip_control	0.3043655323573347	-1.189921747721033	10.802469135802468
low_clip_control	0.3040348684149545	-0.8746909624874447	10.0
low_clip_control	0.3033921434499347	-1.1192989283723445	12.824249489944622
low_clip_control	0.3031170487136378	-0.571420678332468	5.856515373352855
low_clip_control	0.3029646909147676	-1.3695838479874207	12.683578104138851
low_clip_control	0.3025627700204313	-1.181209337743536	11.097659402744148
low_clip_control	0.3020285374496575	-1.4897697818291855	9.70873786407767
low_clip_control	0.3018645389226092	-0.8418088958292401	13.08411214953271
low_clip_control	0.3016556998611012	-0.4774846288038417	7.776049766718508
low_clip_control	0.301169534720565	-1.137503523749935	10.59001512859304
low_clip_control	0.3010540128370995	-1.1453769311629245	8.144796380090499
low_clip_control	0.3009310135923225	-1.489639889769719	10.657193605683837
low_clip_control	0.300659478133711	-1.3618858512282312	9.383378016085793
low_clip_control	0.3003052831875669	-1.482098365787626	13.358778625954198
low_clip_control	0.2995602818589079	-0.6840582001783692	8.20328131252501
low_clip_control	0.2995602818589079	-0.9656170059743364	16.491067338524967
low_clip_control	0.2995602818589079	-0.8984290168603224	8.421624558543874
low_clip_control	0.2995602818589079	-1.8693705573475168	7.352941176470588
low_clip_control	0.2995602818589079	-0.2513644126491585	10.833963214915595
low_clip_control	0.2993686252606998	-1.356399794514612	8.064516129032258
low_clip_control	0.2985392786758929	-1.021100233927367	8.130081300813009
low_clip_control	0.298285253016846	-0.5836969378602348	13.846153846153848
low_clip_control	0.2980813529329946	-0.4997561959410436	4.716981132075471
low_clip_control	0.2978504546439305	-1.6973434577557027	10.072522159548752
low_clip_control	0.2976805486406851	-1.4395320611995923	11.370558375634518
low_clip_control	0.2969817377571315	-0.10380899583922	9.548611111111112
low_clip_control	0.2963498851293036	0.054459306759561	4.943820224719101
low_clip_control	0.2962414512237129	-1.0573743061985366	10.550113036925396
low_clip_control	0.2962300692388138	-1.018383564878868	15.113350125944583
low_clip_control	0.2961320940100249	-1.686368104030837	15.753938484621154
low_clip_control	0.2959848276350804	-1.1283070689687067	10.826998387468326
low_clip_control	0.2959236986477803	-1.4324451103398812	13.372956909361069
low_clip_control	0.2954558835261713	-1.2516995537679887	10.496671786994368
low_clip_control	0.2954558835261713	-1.2438031182163594	4.266991770801585
low_clip_control	0.2954558835261713	-1.463003637525309	10.93095281472035
low_clip_control	0.2943305363233324	-0.5103594835579228	11.518885614787036
low_clip_control	0.2937312030567103	-0.1104239896936504	5.950167348456676
low_clip_control	0.2937312030567103	-0.6197084460282353	4.605263157894736
low_clip_control	0.2937312030567103	-1.957014075034355	9.824561403508772
low_clip_control	0.2937312030567103	-0.5936065951304079	16.692749087115285
low_clip_control	0.2935632036340006	-0.6498823595595221	9.333333333333334
low_clip_control	0.2932922269264746	0.3187513091488479	4.891062694530902
low_clip_control	0.2931052597216085	-1.337397488303792	12.987012987012989
low_clip_control	0.2927817492278459	-1.2812861103900164	12.349588347055098
low_clip_control	0.2927817492278459	-1.6888172433947115	12.954300107952502
low_clip_control	0.2927817492278459	-0.6616114285347325	11.695906432748536
low_clip_control	0.2927817492278459	-0.3632549571762976	11.011301072153
low_clip_control	0.2925468712874053	-0.6422146415220459	16.5016501650165
low_clip_control	0.2921807514933103	-1.272509517494843	10.797840431913617
low_clip_control	0.291933354589525	-0.7235514775976769	12.048192771084338
low_clip_control	0.2914922486732503	-1.818959112915852	11.65425704111363
low_clip_control	0.2914628141603112	-1.29802123938725	10.79136690647482
low_clip_control	0.2907135147167046	-0.9022845382162245	11.560693641618496
low_clip_control	0.2896453392059657	-1.3212672675890167	19.9764982373678
low_clip_control	0.289506617194985	0.0	8.076358296622614
low_clip_control	0.289506617194985	-1.4837225209579927	8.334453555585428
low_clip_control	0.289506617194985	-0.8667592431989305	11.904761904761903
low_clip_control	0.289506617194985	-1.0458730482843668	10.755148741418765
low_clip_control	0.289506617194985	-2.0	24.390243902439025
low_clip_control	0.2889006973873008	-1.22772990132963	7.656065959952885
low_clip_control	0.2887066753719454	-0.5139600409984045	7.134363852556481
low_clip_control	0.2884311828992752	-0.0275773868678568	8.287292817679557
low_clip_control	0.2881253867966243	-1.1343527936134994	8.547008547008549
low_clip_control	0.2879807629640246	-0.9139560183908988	9.798040391921615
low_clip_control	0.2879807629640246	-1.068674477786871	19.98097050428164
low_clip_control	0.2878964663125714	-0.7515766937628795	10.493587252234745
low_clip_control	0.2875765900965855	-0.6094155444456949	9.504412763068569
low_clip_control	0.287550685440825	-0.669608523499316	11.500473548910838
low_clip_control	0.2872819520804712	-0.8537282119816983	7.319304666056725
low_clip_control	0.2868275169991035	-0.6464694201026935	8.459815874595671
low_clip_control	0.2867134023033044	-0.5219527031953558	11.092150170648464
low_clip_control	0.2863041851566409	-0.5625946876927016	9.602649006622515
low_clip_control	0.2862622457377253	-1.9155001647063177	7.78105715052321
low_clip_control	0.2860896420614595	-0.7477721017003366	7.457627118644068
low_clip_control	0.285995554277105	-0.9937975052709512	11.174319382364892
low_clip_control	0.2858178014780815	-0.7755387650802336	8.253692441355343
low_clip_control	0.2858033797915882	-1.21199859882358	11.045655375552284
low_clip_control	0.2850152817428874	-1.6472385479360816	10.615199034981908
low_clip_control	0.2849769587144709	-0.8938370777197844	7.322508755173511
low_clip_control	0.2849491822622344	-0.7036452349209374	8.351488743645605
low_clip_control	0.2848149218702628	-1.343029572958756	9.680968096809682
low_clip_control	0.2846149364193066	-0.6426858810046894	10.115102895012209
low_clip_control	0.284525360486693	-0.974342306178166	8.97196261682243
low_clip_control	0.2842084289382037	-1.43216850565761	14.492753623188406
low_clip_control	0.2840732696873596	-1.6618021135971217	13.032145960034752
low_clip_control	0.2840497113741099	-1.2897222892287303	6.739679865206402
low_clip_control	0.2837929660005913	0.111645355828909	11.310084825636192
low_clip_control	0.2837929660005913	-0.4240262825060985	10.251903925014648
low_clip_control	0.2837929660005913	-1.058079034469245	14.335193380796614
low_clip_control	0.2833934934683728	-0.7850824766382583	7.899934167215274
low_clip_control	0.2830419534688537	-1.34347563436937	14.352574102964118
low_clip_control	0.2827574976066846	-1.015591952715132	6.403940886699507
low_clip_control	0.2821432287814984	-0.4408127123064803	8.547008547008549
low_clip_control	0.2821407456596408	-1.8022451568803155	20.63492063492064
low_clip_control	0.2820019104746031	-1.191697800692097	7.78089013383131
low_clip_control	0.2812861103900163	-1.4180517959195582	8.174386920980925
low_clip_control	0.2811817525440533	-1.6367109241982007	16.425594508457955
low_clip_control	0.2809159253974962	-0.49810991051763	9.809691975671964
low_clip_control	0.2807636002660989	-1.5664924684113746	13.723696248856358
low_clip_control	0.2801079191927352	-1.514573172829758	5.434782608695652
low_clip_control	0.2801079191927352	-0.5849625007211561	10.07474813129672
low_clip_control	0.2801079191927352	-2.470927257475126	8.799171842650104
low_clip_control	0.2801079191927352	-1.5849625007211563	12.826603325415675
low_clip_control	0.2801079191927352	-1.3414737966045096	5.961070559610706
low_clip_control	0.2799963979125122	-2.0447874796430265	12.57861635220126
low_clip_control	0.2787160280660635	-1.2649592827582858	8.793356130923302
low_clip_control	0.2786553864216632	-1.1760224476408607	10.060362173038229
low_clip_control	0.2785354993739818	-0.8262341239572077	17.3697270471464
low_clip_control	0.2777809912029801	-0.6097385282048879	8.784773060029282
low_clip_control	0.2775339755289089	-0.7767485759344593	7.961079168509509
low_clip_control	0.2775339755289089	-0.5549160601889147	8.860011813349086
low_clip_control	0.277367756847823	-1.5784561259459609	9.581881533101043
low_clip_control	0.2770639657378521	-0.7214259943593274	7.633587786259541
low_clip_control	0.2767931821668615	-1.3171575776135875	13.559322033898304
low_clip_control	0.2762562365020799	-1.922938211550236	12.34567901234568
low_clip_control	0.2756344426134273	-1.3412286508462985	17.983301220295438
low_clip_control	0.2756344426134273	-0.7586481350272589	19.520851818988465
low_clip_control	0.2756344426134273	-0.8086226682208055	16.968325791855204
low_clip_control	0.2749646159167758	-0.7563660753241148	8.200562324273665
low_clip_control	0.2748598412305835	-0.9996608814602967	9.453984179046884
low_clip_control	0.2746648429142916	-0.9046258862728276	8.595988538681949
low_clip_control	0.2744809324849019	-1.4038917474958736	8.4985835694051
low_clip_control	0.2744391691060431	-0.2316109513658263	12.11361737677527
low_clip_control	0.2733763500552529	-1.3554576282147437	9.46215139442231
low_clip_control	0.2730184944064158	0.7618402628052354	8.067614291202458
low_clip_control	0.2730184944064158	-0.6248886851339153	10.209042294603792
low_clip_control	0.2730184944064158	-1.3300281981725115	9.134233518665608
low_clip_control	0.2730184944064158	-0.7734840106057382	8.816120906801007
low_clip_control	0.2723292978897554	-0.6770572654805261	12.747875354107649
low_clip_control	0.2720145811210908	-1.5599728233182473	13.969938107869142
low_clip_control	0.2718943827540221	-1.064858308131984	8.104125736738704
low_clip_control	0.2717087393996271	-1.5467420366454858	16.44479248238058
low_clip_control	0.2713020218173943	-0.0608552053868546	9.66183574879227
low_clip_control	0.2711167521316525	-1.1824625301456813	15.76182136602452
low_clip_control	0.2704256694497404	-1.7307859514703912	15.442890442890445
low_clip_control	0.2703324878258085	-1.4422607302481083	12.569832402234638
low_clip_control	0.2700891633677442	-0.5067373334156541	11.695906432748536
low_clip_control	0.2700891633677442	-2.822239159143584	7.211538461538462
low_clip_control	0.2700891633677442	-1.9244489669928235	12.066831683168315
low_clip_control	0.2698395837389081	-1.7444700212711268	7.550588945937783
low_clip_control	0.2697047382488973	-1.1320729114289707	9.252912954078136
low_clip_control	0.2692573991239561	-1.902753084970361	19.26252063841497
low_clip_control	0.2688167584278	-0.7593334071946606	7.968127490039841
low_clip_control	0.2677805283337395	-1.612154302467535	11.171584073331424
low_clip_control	0.267772324840457	-0.7278732745797981	22.47191011235955
low_clip_control	0.267772324840457	-0.2808983111199442	9.032943676939428
low_clip_control	0.2676550664876198	-1.7578292857403526	10.111223458038422
low_clip_control	0.2674803108649859	-0.911276742802787	12.70718232044199
low_clip_control	0.2671427001360388	-1.049474828983388	7.786814327738363
low_clip_control	0.2666914294418828	-1.344609834396818	11.167512690355329
low_clip_control	0.2666914294418828	-0.6833831148961795	9.3287827076223
low_clip_control	0.266626392496825	-0.8015471103161087	7.166123778501628
low_clip_control	0.2665149745687557	-0.6235921574465452	3.91644908616188
low_clip_control	0.2662800653374479	-0.2003984365914286	13.285024154589372
low_clip_control	0.2662529125582463	-1.894865637857084	15.250544662309368
low_clip_control	0.2658940599730344	-1.4997826061555766	13.79310344827586
low_clip_control	0.2657335554347492	-0.5678640054136105	5.5762081784386615
low_clip_control	0.2654611432283338	-1.3491420386941655	14.93975903614458
low_clip_control	0.2652728780297934	-1.6190982934667593	9.589770911028236
low_clip_control	0.2642733024671525	-1.2818879412631807	11.19157340355497
low_clip_control	0.2635969697094691	-1.1148112592120991	15.125472671020969
low_clip_control	0.2630344058337938	0.2432711510123638	5.672609400324149
low_clip_control	0.2630344058337938	-0.324219906395352	9.858551221603086
low_clip_control	0.2630344058337938	-0.0808582744893833	8.06027685298756
low_clip_control	0.2630344058337938	-1.097050551682129	9.234234234234233
low_clip_control	0.2630344058337938	-1.4469781030119635	12.449977767896842
low_clip_control	0.2630344058337938	-1.929610672108602	8.282716731087797
low_clip_control	0.2630344058337938	-1.1668973087447445	17.350157728706623
low_clip_control	0.2630344058337938	-1.346043570202084	9.38566552901024
low_clip_control	0.2630344058337938	-0.6856427162130116	6.82261208576998
low_clip_control	0.2630344058337938	-1.1359031963080923	15.894039735099335
low_clip_control	0.2630344058337938	-0.6698608230362567	12.600229095074456
low_clip_control	0.2630344058337938	-1.3783128159304552	10.48951048951049
low_clip_control	0.2630344058337938	-1.13075377162939	8.517887563884157
low_clip_control	0.2630344058337938	-1.9721520150468832	30.293941211757648
low_clip_control	0.2630344058337938	-0.2046177196084719	5.307855626326964
low_clip_control	0.2630344058337938	-0.4656635723488116	11.74496644295302
low_clip_control	0.2630344058337938	-0.9997786119976156	6.11353711790393
low_clip_control	0.2621468665619452	-0.0330350250452225	8.50546780072904
low_clip_control	0.2620151934700409	-1.0953943798137942	10.905485789821546
low_clip_control	0.2619459900591299	-1.9616440249275944	11.431893043983726
low_clip_control	0.2613865529523114	-0.4954055762347693	10.893246187363834
low_clip_control	0.2612653129807381	-1.068986045613164	11.648745519713264
low_clip_control	0.261149761488851	0.0455329911181956	5.9760956175298805
low_clip_control	0.2611248158251624	-1.7851402238817529	15.40683678382282
low_clip_control	0.2609600775959353	-0.4989851469747389	12.589928057553957
low_clip_control	0.2602357724811203	-0.8103160539104516	7.738607050730868
low_clip_control	0.2600162142708793	-1.5202481308236138	11.20879120879121
low_clip_control	0.2592724870375946	-0.5911966093560721	4.901960784313726
low_clip_control	0.2583119955913907	-1.4799929411196138	13.676230117437193
low_clip_control	0.257820467954631	-1.6777343654979937	12.697261019408671
low_clip_control	0.2577977574676467	-1.5517438595490325	6.012024048096192
low_clip_control	0.2577977574676467	-1.1961086574847153	13.711151736745888
low_clip_control	0.2576512091368905	-1.4253685321015757	32.25806451612903
low_clip_control	0.2573190134642859	-1.3499368743930789	16.59062629614268
low_clip_control	0.2571578394971244	-0.5711567011961256	7.236842105263157
low_clip_control	0.2569083030369522	-0.4031673391305121	8.635578583765112
low_clip_control	0.2557043956096496	-1.9145488535754625	9.41879163795084
low_clip_control	0.2555268691648527	-0.8960168460000053	18.40168243953733
low_clip_control	0.2552570552420746	-1.5975625375007896	7.820831852115179
low_clip_control	0.2549053581301608	-1.442930706348503	9.540446116635314
low_clip_control	0.2545728270855976	-1.1587050459270616	12.432656444260257
low_clip_control	0.253756592245783	-0.6553518286125543	10.163082013708344
low_clip_control	0.2537036463940461	-1.2128327917386108	15.126050420168069
low_clip_control	0.2536872335745411	-1.8297857761965388	13.104013104013104
low_clip_control	0.2534083815258282	-0.6695316463499469	13.94585726004922
low_clip_control	0.2527660703799667	0.8160371651574051	11.960406928787462
low_clip_control	0.2526924616123349	-1.0142840171636265	11.853959222380274
low_clip_control	0.2525800481966275	-0.1053703970006382	10.500308832612724
low_clip_control	0.2523871616342853	-1.1560623480605663	11.921657678115244
low_clip_control	0.2515387669959644	-0.2256601351703588	7.769145394006659
low_clip_control	0.2499782530083475	-0.5263769388946826	5.287356321839081
low_clip_control	0.2497200525529131	-1.3042802290679378	8.570139828597204
low_clip_control	0.2495421695056803	-1.1901655464805518	10.603431656063234
low_clip_control	0.2493594689367172	-1.302454755567426	6.638217164532954
low_clip_control	0.2482590531533956	-0.0322946159554312	8.440693025322078
low_clip_control	0.2482374039057133	-0.894615574819498	5.794137695978187
low_clip_control	0.2480396676039319	-1.2091252175951337	11.16452163126066
low_clip_control	0.2479275134435855	1.0671141958585368	6.369426751592357
low_clip_control	0.2479275134435855	0.0127926709434449	3.9138943248532287
low_clip_control	0.2479275134435855	-1.7161716950475303	6.869479882237488
low_clip_control	0.2479275134435855	-0.6476751416978342	6.038647342995169
low_clip_control	0.2479275134435855	-1.1962734772194927	9.62082625919638
low_clip_control	0.2479275134435855	-0.8073549220576042	13.131976362442549
low_clip_control	0.2478594119995506	-1.3542177664290855	11.186886815027515
low_clip_control	0.2476735401939395	-0.557258994284639	8.675534991324465
low_clip_control	0.2475443580378092	-2.068855228489062	11.460211176925055
low_clip_control	0.2474834022992783	-0.5580984279873411	10.060362173038229
low_clip_control	0.2473100535407773	-1.5656454172473024	8.601756954612005
low_clip_control	0.2470123881094516	-0.8306622955496731	9.638976515948125
low_clip_control	0.2469447032954877	-1.0536702592015996	7.204610951008645
low_clip_control	0.2466399675831251	-0.1458795274756615	11.700468018720748
low_clip_control	0.2461605872693978	-0.8095122854930963	10.552233556102708
low_clip_control	0.2461605872693978	-0.5253264936471513	2.4554941682013505
low_clip_control	0.2460922568153677	-1.7621012608229103	10.198405340255889
low_clip_control	0.2451124978365313	-0.955437926031418	12.639405204460967
low_clip_control	0.2451124978365313	-1.065939203226011	12.8783000643915
low_clip_control	0.2440733167493989	-1.4636096953965652	6.405329233922624
low_clip_control	0.24355703133449	-1.7819602942760882	10.399032648125756
low_clip_control	0.2428565238961635	-0.7375431342223132	10.230179028132993
low_clip_control	0.2428565238961635	-0.4323605922666214	10.668340131785378
low_clip_control	0.2422009024166282	-1.1576411693210114	12.823081546784213
low_clip_control	0.2415265882931631	-1.0086857629325678	11.739594450373533
low_clip_control	0.2414782624673462	-0.9208057962316996	11.704119850187269
low_clip_control	0.2410080995037949	-0.7629608026991507	7.246376811594203
low_clip_control	0.2410080995037949	-1.4914537603881657	5.754758742806552
low_clip_control	0.2410080995037949	-1.028391334923685	9.72203204162673
low_clip_control	0.2410080995037949	-1.7037541434324468	17.101710171017103
low_clip_control	0.2410080995037949	-1.829083796154637	9.675190048375953
low_clip_control	0.2410080995037949	-0.3677317845004871	7.28650539201399
low_clip_control	0.2404102563952097	-0.7667394609535813	27.17825739408473
low_clip_control	0.239187663879426	-0.5910864614951103	8.250594322472383
low_clip_control	0.2381597371947645	-1.392961339344187	6.568778979907265
low_clip_control	0.2378224619060538	-1.2034562523218284	13.178294573643411
low_clip_control	0.237747007956965	-1.035109776716623	6.428571428571429
low_clip_control	0.2377403856698839	-1.913626812223633	15.61945331913383
low_clip_control	0.2366589904094964	-0.9880549158378972	11.9442601194426
low_clip_control	0.2358129370987694	-0.6701033683940097	7.975693125712115
low_clip_control	0.2356371707886969	-0.434240161966675	12.318840579710146
low_clip_control	0.2356282484931421	-0.9371357189608196	14.640638864241348
low_clip_control	0.2353780629309285	-2.0229263968495075	17.998941238750664
low_clip_control	0.2334901302197785	-1.715317731867349	12.12460361872785
low_clip_control	0.233363539157451	-1.6898675398413845	11.264080100125156
low_clip_control	0.2331991762930308	-0.3659372242396722	10.357045516489508
low_clip_control	0.2326607567902751	-1.0558804505163664	12.166030534351144
low_clip_control	0.2326607567902751	-1.1052888865589416	7.119386637458927
low_clip_control	0.232594457990103	-1.1787989520755675	14.32806324110672
low_clip_control	0.2325231016171456	-0.1678348959830936	9.000900090009
low_clip_control	0.2319467280496969	-1.2882896256439778	8.537886872998934
low_clip_control	0.2314906236329117	-1.537774735745165	9.83540746688077
low_clip_control	0.2313255461064558	-0.356396360780124	5.728607232366631
low_clip_control	0.2313255461064558	-1.7379144235597548	7.728494623655914
low_clip_control	0.2313255461064558	-0.281305058439858	5.662514156285391
low_clip_control	0.2310746644362488	-0.6726861538224865	12.190402476780186
low_clip_control	0.2301197833610586	-0.4760579372247061	13.38432122370937
low_clip_control	0.2294818461227671	-0.6095141060198335	10.559424848348684
low_clip_control	0.2294818461227671	-1.415037499278844	7.349853002939942
low_clip_control	0.2294818461227671	-1.5349826516444742	8.944543828264758
low_clip_control	0.2289412071653858	-1.907713654675785	13.933547695605574
low_clip_control	0.2285565967462474	-1.7836303527152777	19.57876001186592
low_clip_control	0.2284434615056991	-1.013288009717133	15.126737530662306
low_clip_control	0.2278059175228122	-0.8655315658474609	8.053691275167786
low_clip_control	0.227701332721513	-0.6691673135836314	7.835820895522388
low_clip_control	0.2275615241106315	-0.4432597524940478	10.592686002522068
low_clip_control	0.2274104961030724	-0.4854268271702417	4.325599685410932
low_clip_control	0.2271045486857688	-0.9221381205170692	13.783597518952448
low_clip_control	0.227068908545921	-0.6035021407169028	9.22874093605801
low_clip_control	0.2265085298086797	-1.6499895871810648	10.99640933572711
low_clip_control	0.226275855823676	-1.4033391740972228	15.501423600126545
low_clip_control	0.2252923118422427	-0.4014411990779959	7.987220447284344
low_clip_control	0.22474592110942	-1.001663323133472	9.79689366786141
low_clip_control	0.2232333977758188	-1.5888516761941824	13.01815690304899
low_clip_control	0.222392421336448	-1.1349295800861086	8.306188925081432
low_clip_control	0.222392421336448	-2.444784842672896	7.240017551557701
low_clip_control	0.222392421336448	-1.6880559936852595	7.687379884689302
low_clip_control	0.222392421336448	-1.2381756251192717	10.88929219600726
low_clip_control	0.222392421336448	-0.5077946401986964	7.529580494801004
low_clip_control	0.222392421336448	-1.5713520692025031	8.965929468021518
low_clip_control	0.222392421336448	-0.5466115832877155	13.748191027496382
low_clip_control	0.222392421336448	-0.102442794103329	9.906152241918663
low_clip_control	0.222392421336448	-0.6305132856021249	8.450704225352112
low_clip_control	0.222392421336448	-1.9239457597882488	16.32018651641733
low_clip_control	0.222392421336448	-1.2105669859396584	5.6759545923632615
low_clip_control	0.222392421336448	-1.476823327705696	10.05464480874317
low_clip_control	0.2221324996996961	-1.6353720384716328	16.915022150624242
low_clip_control	0.2214153166320548	-0.1060747174139232	10.776829815895823
low_clip_control	0.2212533016239798	-1.2226664635142857	12.452830188679243
low_clip_control	0.2209402873025355	-1.3057072034961463	12.20285261489699
low_clip_control	0.2204467770214783	-1.419712897485576	14.008277618592803
low_clip_control	0.2202661202280601	-1.7416484727591808	10.602409638554215
low_clip_control	0.2201982079235361	-0.993221467368938	10.227272727272728
low_clip_control	0.2197812078799099	-0.3875920679313864	5.218216318785579
low_clip_control	0.2193282891243133	-2.0834075930979785	14.93960584869676
low_clip_control	0.2190097819417957	-0.191042449901935	18.6046511627907
low_clip_control	0.2188346019232587	-1.2056262446693875	5.584512285927029
low_clip_control	0.2182737015309492	-1.2653138976403924	9.119927040583676
low_clip_control	0.21800065221929	-0.8941618088131057	8.39647757526111
low_clip_control	0.2177757932660779	-1.4348155766122357	10.544437271357864
low_clip_control	0.2175914350726268	-0.801718628187174	14.200063111391607
low_clip_control	0.2163179069267636	-1.176378246737946	6.468305304010349
low_clip_control	0.2161334308647655	-0.6250738838459898	12.60835303388495
low_clip_control	0.215775653020282	-1.4129035899024514	10.186160871092378
low_clip_control	0.2152679869030664	-1.688656344437359	15.702479338842975
low_clip_control	0.2143401490417149	-0.7267364618493194	8.101101749837978
low_clip_control	0.2141248053528473	-0.7222073146988763	10.72679509632224
low_clip_control	0.2138506850706454	-1.4374338707322676	15.514809590973202
low_clip_control	0.213643485846856	-1.2697388674383354	15.867978419549347
low_clip_control	0.2126630779004877	-1.8803499905554413	8.839779005524862
low_clip_control	0.2125446353801008	-1.5054645804067868	11.6335433834222
low_clip_control	0.2125446353801008	-0.8653712612405665	14.218009478672984
low_clip_control	0.212303603712864	-1.7794655248841345	9.939498703543649
low_clip_control	0.2121240858826207	-0.7289324619772224	11.450381679389311
low_clip_control	0.2115041051937118	-0.5856368148446213	8.641975308641975
low_clip_control	0.2115041051937118	-0.8201051616099494	8.285714285714285
low_clip_control	0.2115041051937118	-1.857980995127572	7.6756215584849
low_clip_control	0.2110662747630838	-1.7798272888641224	11.456628477905074
low_clip_control	0.2106315953147509	-1.0297202218278598	17.937219730941703
low_clip_control	0.2102177073903458	-0.9561222049641384	4.39453125
low_clip_control	0.2087744325531763	-1.372843075389229	9.216589861751151
low_clip_control	0.2080371283593778	-1.623748990682311	17.07970529135968
low_clip_control	0.2079412650389075	-1.0093157218501696	10.446685878962535
low_clip_control	0.2078048851134016	-0.8896027448872016	11.131725417439704
low_clip_control	0.2073249732475062	-0.2898004664805348	9.11410864017499
low_clip_control	0.2073249732475062	-0.9209537019820412	13.548573075814357
low_clip_control	0.2070962342399365	-0.4636562044990225	8.516166281755195
low_clip_control	0.207000370919466	-1.226882447402155	8.437590922315973
low_clip_control	0.2068745142465354	-1.400403443912143	10.12753188297074
low_clip_control	0.2064508774674262	0.0548763285200734	15.873015873015872
low_clip_control	0.2064508774674262	-2.299901788557363	12.67656646142702
low_clip_control	0.2064508774674262	-0.8041609977048687	9.66183574879227
low_clip_control	0.2064508774674262	-2.090197808971578	5.456529647144416
low_clip_control	0.2064508774674262	-1.2315368434916154	13.777267508610793
low_clip_control	0.2064508774674262	-1.086535523869549	11.441647597254004
low_clip_control	0.2064508774674262	-1.1225997311406786	8.130081300813009
low_clip_control	0.2059042985478788	-1.9081869022285565	9.36768149882904
low_clip_control	0.2054691182999795	-1.889113612382468	14.33389544688027
low_clip_control	0.2052021511567293	-1.64232295499799	11.0912343470483
low_clip_control	0.2051144299046122	-0.8405557449425358	11.82033096926714
low_clip_control	0.2043584985061863	-1.7142592713070404	12.221203788573174
low_clip_control	0.2041407167802252	-1.8439369895758184	12.720558063192447
low_clip_control	0.2037506968887677	-1.0010655334092158	11.508631473605204
low_clip_control	0.2033205663978902	-1.2763960252665412	8.496577767288176
low_clip_control	0.2032443781997785	-1.3976222940785328	5.3873781426372505
low_clip_control	0.2025560056822788	-1.1075074554776942	11.358258400378608
low_clip_control	0.202492863898743	-1.4035842739214612	10.049333089713135
low_clip_control	0.2016338611696504	-0.550078049543765	9.345794392523365
low_clip_control	0.2012483126424843	-1.2253077830331285	9.096515572001234
low_clip_control	0.2006973502371289	-0.8300749985576876	7.52823086574655
low_clip_control	0.2006973502371289	-1.253635707831544	9.49367088607595
low_clip_control	0.2005599136232509	-1.6929735611589412	14.122035704769518
low_clip_control	0.2002986504858313	-0.7670620189123399	9.52705001701259
low_clip_control	0.1995059919920303	-0.7295393348095942	13.019739605207896
low_clip_control	0.1993088082234066	-1.1326666083474508	3.475238922675934
low_clip_control	0.1991001000796952	-1.3011561802045637	8.556759840273816
low_clip_control	0.1990334059049434	-1.8888691879704784	8.864741206748642
low_clip_control	0.198751352636529	-1.0174059995118183	10.48359824146094
low_clip_control	0.1987452774788137	-1.5491605934812724	14.111365369946606
low_clip_control	0.1984715410413619	-0.8223207724545545	8.85403491019479
low_clip_control	0.1984135584020079	-0.288227655740805	11.11111111111111
low_clip_control	0.1982157068176358	-0.5306923812755221	6.976038823172581
low_clip_control	0.1979393776119088	-1.484522599600128	8.607784431137725
low_clip_control	0.1979206851307652	-1.8911588308013405	9.844322344322345
low_clip_control	0.1974460642062171	-1.4921969928540242	13.268345518548609
low_clip_control	0.1970368470595535	-1.1482892893483625	11.023622047244094
low_clip_control	0.1968920490425816	-0.8226954681920902	8.544400366188587
low_clip_control	0.1968573292293103	-1.6236311617106909	11.99442119944212
low_clip_control	0.1968007074337069	-1.021818110205691	6.815968841285297
low_clip_control	0.1967564943495985	-1.4764139379705672	12.535612535612534
low_clip_control	0.1964769395334228	-0.9130973513144132	10.764262648008613
low_clip_control	0.1964589310572781	-1.2277105610971926	12.923506811037374
low_clip_control	0.1955508091178069	-0.6328441745174411	6.84655658477648
low_clip_control	0.1950159824051426	-1.564489029981408	9.573958831977022
low_clip_control	0.1947453768151474	-1.0003397025142444	13.816102906145783
low_clip_control	0.194107516020882	-0.7864524500437748	12.743823146944084
low_clip_control	0.1940106199666255	-2.157954043592995	9.191560476289952
low_clip_control	0.1939418825608479	-1.7052762631735758	11.439777741461024
low_clip_control	0.1934586430916212	-1.0850005248199908	8.344923504867872
low_clip_control	0.1930648931762295	-0.6627053686661402	8.65265760197775
low_clip_control	0.1926450779423958	-1.6427313378894337	7.435835931878149
low_clip_control	0.1926450779423958	-0.6205561020508953	8.434370057986294
low_clip_control	0.1926450779423958	-0.959913432272128	13.897280966767372
low_clip_control	0.1917608026827845	-1.732372327445766	11.812247435498913
low_clip_control	0.191646557860393	-0.9196439425173532	10.935601458080194
low_clip_control	0.1911736907257277	-1.5609892465084734	8.242566970856638
low_clip_control	0.190123617864107	-0.7080336333724931	8.541392904073588
low_clip_control	0.1898245588800172	-1.2591119867007654	10.471204188481677
low_clip_control	0.1890338243900168	0.0562195547552429	6.7340067340067336
low_clip_control	0.1890338243900168	-0.0384295864938531	9.253350350989152
low_clip_control	0.1890338243900168	-0.9211576413220056	11.400651465798044
low_clip_control	0.1884450894131103	-0.6991894407070142	9.82961992136304
low_clip_control	0.1884450894131103	-1.8744691179161408	11.509635974304068
low_clip_control	0.1881520969180153	-1.0479386145651637	9.32744231713304
low_clip_control	0.1878151603382014	-0.9563461249705488	8.571428571428571
low_clip_control	0.1876270031757712	-0.5350372753894739	12.734990903577923
low_clip_control	0.1864131242308813	-0.6438113454252504	6.625891946992865
low_clip_control	0.1864131242308813	-0.2851572167319338	8.474576271186441
low_clip_control	0.1864131242308813	-1.2720655231112457	7.363991584009618
low_clip_control	0.1862780189199288	-1.1929266256135698	8.995502248875562
low_clip_control	0.1860962921134578	-1.362149645374244	17.983909133932798
low_clip_control	0.1860962921134578	-1.2252081237006118	11.207519884309471
low_clip_control	0.1860590886362484	-1.1831983109353477	10.645557526955098
low_clip_control	0.1858665453113338	-0.6583786138637204	9.272467902995722
low_clip_control	0.1853550420119184	-0.9499618331174248	9.218054672600127
low_clip_control	0.1852148724669076	-1.4378736437643858	10.930888575458392
low_clip_control	0.1852148724669076	-1.774636012132261	11.573436208321851
low_clip_control	0.1848396754535955	-0.6323730795871506	7.340090877315625
low_clip_control	0.1844245711374275	-0.8782249157832009	12.587412587412588
low_clip_control	0.1844245711374275	-0.5598957400711061	7.788689468337284
low_clip_control	0.1844245711374275	-0.8145638283816763	8.503401360544219
low_clip_control	0.1839182735218123	-1.276558880107599	9.996155324875048
low_clip_control	0.1832218240557702	-0.9498142428317834	12.651265126512651
low_clip_control	0.1831532434914577	-1.6375096953599677	13.982521847690387
low_clip_control	0.1828640571498104	0.1508102905322166	7.239032865209208
low_clip_control	0.1826263221174049	-0.4164044233415483	6.928406466512702
low_clip_control	0.1823767424885689	-1.504885761865181	11.51315789473684
low_clip_control	0.182203331220749	0.1424442650202054	3.31858407079646
low_clip_control	0.1821051252344689	-1.6637617452742244	15.525758645024702
low_clip_control	0.1818383229858129	-2.245635701935596	14.818880351262347
low_clip_control	0.1818383229858129	-0.9920671404975276	11.273957158962796
low_clip_control	0.1816068064899475	-2.123208502535282	6.1330880098129406
low_clip_control	0.1813297647145617	-0.9762749650918828	15.708812260536398
low_clip_control	0.1811859625673318	-1.9023880265274813	13.77354668827223
low_clip_control	0.1810259946755626	-1.4494447593569566	13.94169835234474
low_clip_control	0.1809772695189587	-1.910859087222332	18.47229156265601
low_clip_control	0.1805722456418208	1.070389327891398	14.099783080260304
low_clip_control	0.1805722456418208	-1.106878830549538	5.320813771517996
low_clip_control	0.1805722456418208	-0.7227328986354307	14.5985401459854
low_clip_control	0.1805722456418208	-0.3550949588225618	10.95890410958904
low_clip_control	0.1805722456418208	-0.5840700199992892	7.559131919044135
low_clip_control	0.1805722456418208	-1.084888897586513	12.980769230769232
low_clip_control	0.1805722456418208	-0.0266948666654201	4.273504273504274
low_clip_control	0.1798589229865525	-0.1424019640532973	12.865497076023392
low_clip_control	0.1793236994445619	-0.8646006651886619	10.25869759143622
low_clip_control	0.1789701410453193	-0.7308133671846108	13.08139534883721
low_clip_control	0.1785973034567631	-1.42046284248417	11.920529801324504
low_clip_control	0.178563919716185	-1.387068548390674	14.606437652150392
low_clip_control	0.1776792275454457	-2.6430243043295696	11.651265568501406
low_clip_control	0.1768777620840791	-2.937388022700321	16.92420897718911
low_clip_control	0.1768777620840791	-2.92283213947754	10.948054973212203
low_clip_control	0.1768777620840791	-1.276637473998809	11.577424023154848
low_clip_control	0.1763800235796116	-0.0463991355648304	5.9880239520958085
low_clip_control	0.1752839172809583	-0.8283493230076825	11.881880132797484
low_clip_control	0.1748742174140457	-1.359221019265242	9.020090200902008
low_clip_control	0.1746785314129468	-0.4676766583602411	12.431776834445117
low_clip_control	0.1744977312321364	-1.0142246397198402	9.345794392523365
low_clip_control	0.1740293997750489	-1.509472301136893	6.328160313394606
low_clip_control	0.1740293997750489	-0.9357291334919818	8.82960736426827
low_clip_control	0.1733316028855617	-1.480444495291087	10.931948619841489
low_clip_control	0.1727421312193968	-1.254582964114332	13.21138211382114
low_clip_control	0.1725794548882902	-0.2006422104542328	8.255659121171771
low_clip_control	0.1725035455440887	-1.0521170557636244	14.142604596346494
low_clip_control	0.1724671960047656	-1.5406780209009194	11.311053984575835
low_clip_control	0.1721809753826803	-1.577185150129437	9.053870529651425
low_clip_control	0.1721106668936248	-1.2825055562689318	10.836845273931369
low_clip_control	0.1719526827892948	-1.2852722658237232	16.566265060240966
low_clip_control	0.1703816227599044	-1.0368207618004206	10.442773600668335
low_clip_control	0.1699250014423123	-0.3148270385122183	9.929448654298406
low_clip_control	0.1699250014423123	-0.3325753390868707	5.606166783461807
low_clip_control	0.1690582576247801	-0.925473518379824	8.281573498964804
low_clip_control	0.1682714825897986	-1.60690876900366	12.934518997574775
low_clip_control	0.1680378918980469	-2.633778195613025	14.635124298315958
low_clip_control	0.1671099858352582	-1.0242690147631457	8.87705281846427
low_clip_control	0.1667154449664223	-1.2562943063340313	12.071330589849108
low_clip_control	0.1666498694094512	-0.3797897180391142	7.43099787685775
low_clip_control	0.1666498694094512	-0.9220381227762948	9.017341040462428
low_clip_control	0.1662937509954436	-1.0174821289842888	9.01607212857703
low_clip_control	0.1660099514389293	-0.9948068115635558	9.924709103353868
low_clip_control	0.1652711424360955	-0.7868173398969129	14.473684210526317
low_clip_control	0.1650592462704962	-0.717600269299275	4.045853000674309
low_clip_control	0.1650592462704962	-2.1020981876187363	14.236244709503657
low_clip_control	0.1644314757777454	-1.3408979507667476	18.512285425782565
low_clip_control	0.1643868179008822	-1.283649335651437	7.562536358347876
low_clip_control	0.1643868179008822	-0.272574551460147	9.429918559794256
low_clip_control	0.1639757351111261	-1.7844412717218632	8.792965627498
low_clip_control	0.1634987322828795	-1.017534659292511	6.433350488934638
low_clip_control	0.1634987322828795	-1.1359474980291973	8.92683873471764
low_clip_control	0.1634987322828795	-0.5083769068658526	11.946241911398706
low_clip_control	0.1632858040792769	-0.5440865281041072	9.193776520509196
low_clip_control	0.1631739594512323	-0.9937093988612212	14.41031475161168
low_clip_control	0.1630582819540458	-0.5642157177048035	6.150061500615006
low_clip_control	0.1621573142030778	-1.5250261058805137	11.8514616802739
low_clip_control	0.1618876823768939	-0.8539969157256292	13.134328358208954
low_clip_control	0.1615891422742479	-0.7128158544373717	8.898776418242491
low_clip_control	0.1612809070330606	-1.1746668135693812	7.638732869018198
low_clip_control	0.1610624327325162	-0.478604388313707	7.737824305871643
low_clip_control	0.1608540110273157	-1.5932702831310974	18.27318410232983
low_clip_control	0.1604646721932461	-0.8073549220576042	11.528426673138766
low_clip_control	0.1604646721932461	-0.1561192019172816	13.968481375358166
low_clip_control	0.1604646721932461	-1.0302536410096672	14.551804423748544
low_clip_control	0.1600772154859651	-1.0482011120117212	11.294810934686527
low_clip_control	0.1594273010489612	-1.0482289935920044	8.571428571428571
low_clip_control	0.1586977460190582	-1.8659643082152104	7.936507936507936
low_clip_control	0.1586977460190582	-0.6378982520723793	6.289308176100629
low_clip_control	0.15754127698648	-1.0155968550510186	6.368233751638884
low_clip_control	0.15754127698648	-0.9991486013084924	9.042787825319806
low_clip_control	0.1569693463383994	-0.79868408276192	11.848341232227488
low_clip_control	0.1568140859513736	-1.5802345850037869	8.837209302325581
low_clip_control	0.1567895992531782	-1.1294550102240406	9.286009079653322
low_clip_control	0.156725503687453	-0.7993401002512417	11.497824735860782
low_clip_control	0.1556652387162772	-1.5671933214928055	9.61153384060873
low_clip_control	0.1555925267116923	-1.1306893968046	13.157894736842104
low_clip_control	0.1552782254779108	-1.738913865955728	8.190327613104525
low_clip_control	0.1552782254779108	-0.8049162201822697	8.523908523908524
low_clip_control	0.154722594798642	-0.5709960790376108	12.415349887133182
low_clip_control	0.1537560645488009	-1.6041767778304354	11.456628477905074
low_clip_control	0.1537224884363787	-1.1681310226187327	8.137044967880087
low_clip_control	0.1531567880614205	-0.5008199401825355	6.864274570982839
low_clip_control	0.15200309344505	0.1005324647112827	11.634844868735083
low_clip_control	0.15200309344505	-1.430069559005954	8.400292184075969
low_clip_control	0.1514706354058305	-1.211707023489252	11.146496815286625
low_clip_control	0.1513177973790839	-0.587035867099327	11.24567474048443
low_clip_control	0.1512251505624151	-0.8025141367609417	5.952380952380952
low_clip_control	0.1507799521756089	-0.8082557950393684	6.521739130434782
low_clip_control	0.1507497518433084	-1.7738558073113218	9.148486980999296
low_clip_control	0.1502426355806127	-0.3981152673168732	12.437810945273633
low_clip_control	0.1501035605295684	-1.0327499214932023	12.949640287769784
low_clip_control	0.1496648513758491	-1.8064223763618883	11.36993899057127
low_clip_control	0.1491434393058095	-0.0555280499215124	11.661807580174926
low_clip_control	0.1490833391159408	-0.9676494620975878	12.004801920768308
low_clip_control	0.1486862050679734	-0.3267435463369778	16.6270783847981
low_clip_control	0.1485225247100881	-1.121015400961366	13.139103113396173
low_clip_control	0.1484452740318609	-1.0535993893840554	14.638113309840064
low_clip_control	0.1483227469571012	-1.2327892824814928	11.10550227158001
low_clip_control	0.1482800074023327	-0.8056940847449116	9.448142581060768
low_clip_control	0.1482299303429932	-0.4477930293297165	9.135628952916374
low_clip_control	0.1482299303429932	-0.632699190319751	17.371601208459214
low_clip_control	0.1480986389891339	-2.31015831794782	7.772680937818553
low_clip_control	0.1470411107689738	-1.55301561178343	18.495166036149644
low_clip_control	0.1469574398951857	-1.513009419566815	10.111761575306014
low_clip_control	0.1468413883292711	-1.7933508275640957	13.114754098360656
low_clip_control	0.1464270390733792	-1.076495225154576	9.026028547439129
low_clip_control	0.1463298850298555	-0.878335066991822	8.013737836290785
low_clip_control	0.145753629067238	-1.7406124450993012	12.826837691169215
low_clip_control	0.1454304395215636	-0.5820329138371576	4.701141705842848
low_clip_control	0.1450503328032831	-1.156119201917282	8.777062609713282
low_clip_control	0.1443899093351749	0.9733648734965332	6.600660066006601
low_clip_control	0.1443899093351749	-0.5552461826933033	14.226231783483692
low_clip_control	0.1437354774614495	-0.8470003738587104	4.021447721179625
low_clip_control	0.1435707392322224	-1.258349123160254	4.8928238583411
low_clip_control	0.1434915935895326	-1.309091197373826	10.577568838146409
low_clip_control	0.1429579538420431	0.0414883881830425	8.827856792545365
low_clip_control	0.1426043954428004	-0.6005520996690131	9.195402298850574
low_clip_control	0.1424803193265434	-0.8405259276822874	10.344099641123076
low_clip_control	0.1420190048724278	-1.5749784121485342	9.40144155437167
low_clip_control	0.1418073263391614	-0.5037266398100699	10.042432814710043
low_clip_control	0.141305093909791	-0.5362752124435759	8.115419296663662
low_clip_control	0.1412459254357514	-0.5872466017973351	10.26167265264238
low_clip_control	0.1410438814551835	-0.8048666153274097	9.24092409240924
low_clip_control	0.1408625358398497	-2.4156907458559496	6.825938566552901
low_clip_control	0.1401776580482601	-0.1811655810566774	12.392354547364
low_clip_control	0.1395513523987935	-0.8649799871120076	10.0
low_clip_control	0.1395369209024632	-0.8485171499368777	11.987625676720803
low_clip_control	0.1394030566654164	-1.4132311859059687	14.553014553014554
low_clip_control	0.1388277046973167	-0.8156428933831903	9.462656302805
low_clip_control	0.137503523749935	0.3219280948873623	7.014028056112225
low_clip_control	0.137503523749935	0.108524456778169	8.985398727068514
low_clip_control	0.137503523749935	-1.555215157327104	9.269239060142272
low_clip_control	0.137503523749935	-0.078002512001273	8.979048885932823
low_clip_control	0.137503523749935	-0.4518742674592151	10.31592520954223
low_clip_control	0.137503523749935	-2.0515303006400822	8.159347252219822
low_clip_control	0.137503523749935	-0.9829702996006832	8.942457231726284
low_clip_control	0.137503523749935	-1.2837929660005911	11.737089201877934
low_clip_control	0.137503523749935	-0.8015021958121664	10.297215071378425
low_clip_control	0.1362411608675753	-1.2598169820719225	8.260196179659268
low_clip_control	0.1360615495760285	-1.9274741521622607	9.388151505341536
low_clip_control	0.135883428081773	-1.500878903206286	9.495036685369012
low_clip_control	0.1353518528948863	-1.0653314201680282	9.180790960451978
low_clip_control	0.1349295800861086	-0.8930311313805642	17.278617710583156
low_clip_control	0.1344263202209261	-0.8490132468864432	11.042944785276074
low_clip_control	0.134200270925297	-0.8447862741940895	7.629107981220657
low_clip_control	0.134200270925297	-0.8546817646234044	11.655011655011656
low_clip_control	0.1340173479716874	-1.1744902311533532	9.743774810537712
low_clip_control	0.1336784352319692	0.314108590428063	7.155635062611807
low_clip_control	0.133423446172446	-0.6379563513480297	3.1948881789137378
low_clip_control	0.1326377685781189	-0.7871789116899547	7.968127490039841
low_clip_control	0.1325670830402356	-1.3497182836720578	7.267064624967558
low_clip_control	0.131876393593133	-0.8041115161369266	9.27536231884058
low_clip_control	0.1317056792118223	-0.7362512456539474	10.298661174047377
low_clip_control	0.1316075895974731	-0.8307311667197975	10.777881911902533
low_clip_control	0.1311592474517385	-2.06254566584494	11.108690917011543
low_clip_control	0.1308035107174199	-0.9031988588767428	19.98572448251249
low_clip_control	0.1301809909957424	-2.048154977972722	20.69297401347449
low_clip_control	0.1300605405643729	0.4487544852572728	10.9717868338558
low_clip_control	0.1298802825469098	-1.539463699771882	21.03154732098147
low_clip_control	0.1296352804165956	-0.5208756631745315	7.023411371237459
low_clip_control	0.1292830169449664	-0.925454472532204	10.946907498631637
low_clip_control	0.1292830169449664	-0.6929888997457448	17.671046669687357
low_clip_control	0.1290419450017388	-1.079468716064223	9.082652134423252
low_clip_control	0.1284560206248781	-1.072968809628705	9.517629245078954
low_clip_control	0.1284162731274341	-0.9352770618716164	14.995523724261416
low_clip_control	0.1281340185772553	-1.552291230772969	10.677618069815194
low_clip_control	0.1280483612933272	-0.800886130808865	10.465479537644486
low_clip_control	0.1278748225521581	-0.4654709530450213	6.702974444909929
low_clip_control	0.1266063163795686	-1.3023605193911667	7.526178010471204
low_clip_control	0.126448335240939	-1.5178612816646686	11.627906976744184
low_clip_control	0.1262477491996716	-0.6082258295277929	3.51288056206089
low_clip_control	0.1261410301330841	-1.295020221423845	6.148353827846092
low_clip_control	0.1255308820838588	0.4474589769712214	10.104529616724738
low_clip_control	0.1255308820838588	-0.1402913411215542	10.14760147601476
low_clip_control	0.1255308820838588	-0.5781805716169514	10.356731875719216
low_clip_control	0.1255308820838588	-0.8073549220576042	9.826960051271096
low_clip_control	0.1255308820838588	-0.260373424370726	10.798522307473714
low_clip_control	0.1255308820838588	-1.8296650837826929	9.46372239747634
low_clip_control	0.1249428669785559	-0.214161225316906	11.255924170616112
low_clip_control	0.1243089248099805	-1.1417553376986518	12.447099825740604
low_clip_control	0.1242581029621458	-0.4311677073171254	23.18840579710145
low_clip_control	0.1236922172403165	-1.1266295722067958	8.360704687966557
low_clip_control	0.1236313491683774	-1.1129486747670632	14.66916354556804
low_clip_control	0.1228567477855333	-0.4739311883324124	6.41025641025641
low_clip_control	0.1228567477855333	-1.080181025467549	19.520851818988465
low_clip_control	0.1228567477855333	-0.5751956136938072	8.908685968819599
low_clip_control	0.1225666422062552	-1.3485588193857942	17.89473684210526
low_clip_control	0.1219905243786102	-1.6193239836566358	7.774140752864157
low_clip_control	0.1219905243786102	-1.0669387282055731	4.82573726541555
low_clip_control	0.1214042393339719	-1.1115644366458513	8.723043372910103
low_clip_control	0.1213951075146537	-0.4315021856658573	9.728978457261988
low_clip_control	0.1209670540824255	-1.8439779325719583	13.206447853952223
low_clip_control	0.1202942337177117	-0.6511275544640622	21.49178255372945
low_clip_control	0.1201587630343981	-0.62341715173154	7.173601147776184
low_clip_control	0.1198397700060033	-1.7647775443930174	19.076305220883537
low_clip_control	0.1198397700060033	-1.4169540848287003	11.678345011678346
low_clip_control	0.1188074300400298	-0.7772759712156796	8.583690987124463
low_clip_control	0.1176283351318056	-1.7087549306774203	7.303146992431284
low_clip_control	0.1173569506381587	-1.1065371730667215	10.33210332103321
low_clip_control	0.1168136649827498	-0.5407452291829199	13.21003963011889
low_clip_control	0.1166663685365667	-1.5578023002454178	13.007284079084286
low_clip_control	0.1166449188522705	-0.3214159560673272	8.347245409015025
low_clip_control	0.115771554877019	-1.722800861273008	8.13976573357157
low_clip_control	0.115747866523232	-1.6627353398702929	13.903192584963952
low_clip_control	0.1154772174199358	-0.6768276661041749	7.718431614695894
low_clip_control	0.1154772174199358	-1.4474589769712214	10.498015618998847
low_clip_control	0.1154772174199358	-1.5849625007211563	10.771992818671457
low_clip_control	0.1154772174199358	-1.3164736647952542	11.207970112079702
low_clip_control	0.1143558065271813	-0.7204093718546734	9.992862241256246
low_clip_control	0.1139561892970858	-0.9468001856197626	7.793603869927439
low_clip_control	0.1139561892970858	-2.055369393011572	14.987639060568602
low_clip_control	0.1127978329013531	-1.905468307640743	12.44480128462465
low_clip_control	0.1127679301619497	-0.8001826633818715	12.180267965895249
low_clip_control	0.1124747292584126	-1.0222880443877078	17.78242677824268
low_clip_control	0.1118928800708971	-1.9499593175004044	9.964278999811995
low_clip_control	0.1112991228667523	-1.2047486812808752	6.661619984859954
low_clip_control	0.1110313123887439	-1.0703893278913978	7.959782153330542
low_clip_control	0.1110313123887439	-1.3381088274995394	12.302284710017574
low_clip_control	0.1110313123887439	-1.3805652820217045	11.187072715972654
low_clip_control	0.1108281302123795	-1.2610216754746133	11.92924722336487
low_clip_control	0.1108179906316067	-1.2328109093365405	13.16245237270523
low_clip_control	0.1104239896936506	-0.6016191342305208	13.435114503816791
low_clip_control	0.1104239896936506	-1.2085050191053863	11.673151750972762
low_clip_control	0.1103604474425056	-1.8391154825246392	9.019165727170236
low_clip_control	0.1097538518597128	-1.7257532220072198	10.476878612716764
low_clip_control	0.1096244911744982	-1.2226398182402332	6.528835690968444
low_clip_control	0.1090007771613729	-1.3615583107316689	11.818181818181818
low_clip_control	0.1089343715531639	-1.2093441408841583	12.28448275862069
low_clip_control	0.1088680468454983	-1.1412296041458148	8.903278025091057
low_clip_control	0.1087763459173317	-0.6529779585430275	7.6923076923076925
low_clip_control	0.1086104979316693	-0.3764991441211524	9.3475073313783
low_clip_control	0.1079826808730118	-0.7403752550482743	8.39630562552477
low_clip_control	0.107528464304445	-1.2755418830245702	9.388151505341536
low_clip_control	0.1075206575342204	-0.6592995883190043	9.918845807033362
low_clip_control	0.1069152039165118	1.3334237337251915	13.653741125068269
low_clip_control	0.1069152039165118	0.0183085584129378	9.16138125440451
low_clip_control	0.1069152039165118	-0.4240262825060985	11.336032388663968
low_clip_control	0.1059906956882137	-1.4199903561718792	14.982578397212544
low_clip_control	0.1058686351068227	-1.3219761965184156	14.263881813550688
low_clip_control	0.1058686351068227	-0.7617823278034096	19.115890083632017
low_clip_control	0.1056101879605987	-0.3686242972296983	14.291385470424771
low_clip_control	0.1055181910825616	-1.6337448738074358	10.25364274150027
low_clip_control	0.1044326081420855	-1.1084721248025138	11.503697617091207
low_clip_control	0.1043366598147355	-1.3845963857147074	10.029031406703616
low_clip_control	0.1040230645432282	-1.5621052924267689	9.931506849315069
low_clip_control	0.1038358109845399	0.2300362014392719	8.671659440283799
low_clip_control	0.1034295896554056	-1.3275181740509128	8.01068090787717
low_clip_control	0.1033777398453085	-0.7565738787913554	10.473588342440802
low_clip_control	0.1033777398453085	-1.2079833292131217	11.981566820276498
low_clip_control	0.1021803948064781	-0.4043330017625099	12.290502793296088
low_clip_control	0.1019997135023953	-1.088647702677696	13.258897418004189
low_clip_control	0.1019624109454545	-0.6520641961352756	7.391763463569165
low_clip_control	0.1016295709299307	-1.5853540522104506	5.565217391304349
low_clip_control	0.1012260018531147	-0.5171706315906563	1.69061707523246
low_clip_control	0.1010033186834757	-1.341126834438415	10.822510822510822
low_clip_control	0.1004185958801173	-1.1529863879381557	18.6219739292365
low_clip_control	0.0996820583149675	-1.315757389580309	11.825572801182558
low_clip_control	0.0995356735509143	-0.7786282331390114	14.643670680117149
low_clip_control	0.0995356735509143	-1.0	7.334273624823695
low_clip_control	0.0995356735509143	-0.5726841709427195	10.179640718562874
low_clip_control	0.0995356735509143	-0.5725787762653235	7.591240875912408
low_clip_control	0.0993452061876582	-0.9074319744129884	11.061946902654867
low_clip_control	0.0988533869262855	-1.2908929247898375	10.282776349614394
low_clip_control	0.0986416612939978	-1.7313736245863354	8.756567425569177
low_clip_control	0.0981803939389033	-1.4432208498983703	10.222065562213606
low_clip_control	0.0976759310556932	-0.9587480473564786	14.198782961460449
low_clip_control	0.0972972013549148	-1.17128004022884	9.068425391591097
low_clip_control	0.09515723304034	-1.067627227065141	7.696862048549438
low_clip_control	0.09515723304034	-0.2708709000657601	9.51181983494195
low_clip_control	0.0950682574295381	-1.2370222414735823	15.56420233463035
low_clip_control	0.0948591863414411	-1.415037499278844	11.08764519535375
low_clip_control	0.0946075900540622	-2.217152822049223	9.24583031182016
low_clip_control	0.0944509358673077	-1.2114292832270397	10.25312399871836
low_clip_control	0.0940908927860592	-0.8649604881798526	12.040939193257074
low_clip_control	0.0940232048370187	-0.8107342747930419	10.99983582334592
low_clip_control	0.0932865417286663	-0.3688241998435432	14.84230055658627
low_clip_control	0.0931520567600604	-0.9156972648072949	5.44464609800363
low_clip_control	0.0931094043914814	-2.019365324866931	7.057785619761799
low_clip_control	0.0927231923584191	-1.6881221045757826	10.24693431883084
low_clip_control	0.0926111501848751	-0.6358830313982058	6.66243654822335
low_clip_control	0.0925121387895379	-1.2441322861962578	7.388371345968519
low_clip_control	0.0923640181486596	-0.8228830957607006	12.607296137339056
low_clip_control	0.0922585078519886	-0.718234388364945	9.291893623838511
low_clip_control	0.0919957840807728	-1.3607699449661583	12.511584800741428
low_clip_control	0.0914983544854961	-0.8950587631769839	9.293156857223316
low_clip_control	0.0914916324107601	-0.8947463403836847	14.21188630490956
low_clip_control	0.0914690460102258	-1.2147538230247512	12.628255722178372
low_clip_control	0.0914230277635945	-0.104370446979479	13.598927408542425
low_clip_control	0.090956273885355	-0.8385535650463352	14.419610670511895
low_clip_control	0.090819048233529	-1.3046807016713242	10.049395332992676
low_clip_control	0.0908062843247097	-0.7122209597426499	9.803921568627452
low_clip_control	0.0907654639231822	-1.884522782580064	12.9228430254656
low_clip_control	0.0906513618627705	-0.3313601017985093	10.490501842926
low_clip_control	0.0906025487809067	-1.186406602419653	13.841524573721165
low_clip_control	0.0893053282497114	-1.7063488860727911	8.084358523725836
low_clip_control	0.088034847485635	-2.1696846924485214	7.2669826224328595
low_clip_control	0.0879964809978289	-1.6194901838494271	11.498257839721251
low_clip_control	0.0874628412503394	0.6780719051126377	6.45682001614205
low_clip_control	0.0874628412503394	0.0874628412503394	7.46775288526816
low_clip_control	0.0874628412503394	-0.3622692358759779	9.778692743180647
low_clip_control	0.0864147518174732	-1.1530915092197138	15.19468186134853
low_clip_control	0.0863666146478891	-0.8768028963716925	5.2521008403361344
low_clip_control	0.0862998463942203	-0.7357123369377963	7.194244604316547
low_clip_control	0.0861116782666618	-1.230317992786078	14.437689969604865
low_clip_control	0.0855757317060739	-0.9515182283322792	12.036108324974924
low_clip_control	0.0853914912306446	-1.3975876134411471	15.603328710124826
low_clip_control	0.0850815008897681	-0.6239467525554351	11.693171188026191
low_clip_control	0.0846623970693841	-1.111974795860836	12.89134438305709
low_clip_control	0.0846122277149413	-1.293387469151947	7.593265103994717
low_clip_control	0.0840642647884745	-1.0395092034904256	14.659685863874346
low_clip_control	0.0836579290469095	-1.4003547418441786	13.305455236647026
low_clip_control	0.0834160081876374	-0.0737013077161655	7.614662652735967
low_clip_control	0.0831412353002458	-0.8715074024721297	11.673151750972762
low_clip_control	0.0828003050525128	-1.0578959500323344	13.474887709269089
low_clip_control	0.0824621601919729	0.6334610184123463	5.420054200542006
low_clip_control	0.0824621601919729	-1.149822495139857	7.10025560920193
low_clip_control	0.0816837975937079	-0.5743710894534408	10.895883777239709
low_clip_control	0.0815833542921306	-0.8945826292336508	6.828528072837633
low_clip_control	0.0811367627254055	-1.808194633366756	8.934707903780069
low_clip_control	0.080247253454432	-0.6204533191214043	13.281682346430548
low_clip_control	0.0801703486839833	-0.9941309830681772	9.700889248181085
low_clip_control	0.0799683047034151	-0.7805587354116144	10.05867560771165
low_clip_control	0.0799235442969494	0.1188735079698438	7.018716577540108
low_clip_control	0.0794344674944049	-0.7955177765213193	14.462809917355372
low_clip_control	0.0790078744397904	-0.8059113797360618	19.744483159117305
low_clip_control	0.0789304692217197	-1.7863187992476122	13.663315287445217
low_clip_control	0.0780025120012731	-1.0698188920610068	13.041210224308816
low_clip_control	0.0780025120012731	-1.020217881115445	11.597938144329897
low_clip_control	0.0780025120012731	-0.7226943170644768	4.514672686230248
low_clip_control	0.0780025120012731	-1.9995568437867508	17.867435158501443
low_clip_control	0.0780025120012731	-0.8649251999271578	6.334841628959276
low_clip_control	0.0780025120012731	-0.5245126612254456	11.243386243386242
low_clip_control	0.0780025120012731	-1.235648518038715	10.752688172043012
low_clip_control	0.0779543314264899	-1.6840485266621223	17.836370686312524
low_clip_control	0.0777397499495697	-1.6341987437923229	9.88205291679949
low_clip_control	0.0774440854253484	-0.8764281117595126	20.452885317750184
low_clip_control	0.0773057261674487	-0.8364524859949942	8.008736803785949
low_clip_control	0.0771678605224599	-1.3103166980517504	9.146341463414634
low_clip_control	0.0768155970508309	0.0827404310079361	12.026239067055393
low_clip_control	0.0766212816029123	-0.795788797220701	9.535719868688448
low_clip_control	0.0764318041260466	-1.5612275683479435	10.087424344317418
low_clip_control	0.0760134105681739	-1.402201523086994	10.918432883750802
low_clip_control	0.0756642699320722	-0.4029646669782688	15.446608462055073
low_clip_control	0.0754522284294653	-1.2654754459990931	8.950086058519792
low_clip_control	0.0746388008927559	-1.3159541938427295	9.428729894620078
low_clip_control	0.0743821963225763	-1.3937540531446495	9.565019357777272
low_clip_control	0.0740405668941166	-0.6670660737212343	10.0
low_clip_control	0.0740005814437767	-2.9068905956085187	6.925207756232687
low_clip_control	0.0740005814437767	-0.5168649843377481	7.505117125312712
low_clip_control	0.0740005814437767	-0.5025003405291831	16.50485436893204
low_clip_control	0.0738358808281644	-0.95105352128281	11.159631246967493
low_clip_control	0.0737640546720545	-0.3498789555091007	8.547008547008549
low_clip_control	0.0731664125619716	-0.8732022464446278	6.63544106167057
low_clip_control	0.0729315224538511	-1.0281510403141492	5.486132276744895
low_clip_control	0.0725124997843679	-1.8486817843465395	10.438413361169102
low_clip_control	0.0721497857558354	-0.84799690655495	4.693366708385482
low_clip_control	0.0719861128257273	-1.5403993409833452	8.849557522123893
low_clip_control	0.07179068306801	-1.2382964194501918	9.363900548918307
low_clip_control	0.07179068306801	-1.6054266032808715	11.455628532152131
low_clip_control	0.0717357535989145	-0.8216172973338394	12.670332297394214
low_clip_control	0.0713846332367654	-1.0955749238716086	6.647673314339981
low_clip_control	0.0712586831698219	-0.2301756563299896	15.693112467306015
low_clip_control	0.070389327891398	-0.8608372523283745	13.68640285629277
low_clip_control	0.0697511084424188	-1.1150418629934815	13.544018058690744
low_clip_control	0.0695902721850731	-1.8728482994557776	14.857718458826492
low_clip_control	0.0678153842275715	-1.3222648295172663	8.774335069920483
low_clip_control	0.067114195858537	-0.9027027986450848	11.459307764265668
low_clip_control	0.067114195858537	-0.7274268132126818	8.707009142359599
low_clip_control	0.067114195858537	-2.3890422907458992	19.86379114642452
low_clip_control	0.0661669239657461	-1.8319433455716647	14.6295422369042
low_clip_control	0.0660891904577724	0.3973884123261823	5.555555555555555
low_clip_control	0.0660171727345132	-0.2818245190313538	10.7393638992152
low_clip_control	0.0655883416275768	-0.3083112778086048	9.621552277100706
low_clip_control	0.0655883416275768	-0.7276335938313623	10.5318588730911
low_clip_control	0.0648511443499678	-0.3587986597304795	9.83284169124877
low_clip_control	0.0645720012960838	-0.2812487761530255	7.341373885684321
low_clip_control	0.0642732138784497	-1.105178885947175	9.79538528515455
low_clip_control	0.0641303374197155	-0.5282017660820503	8.176614881439084
low_clip_control	0.0639526327892156	-0.4678037686405193	7.210455159981974
low_clip_control	0.0630786826233801	-0.7814584234587332	13.820492454328832
low_clip_control	0.0619277491432017	-1.2056503212130203	8.688097306689835
low_clip_control	0.0614005446641432	-1.3822061068114715	11.7937987445311
low_clip_control	0.0614005446641432	-1.3377555781925508	2.2148394241417497
low_clip_control	0.0614005446641432	-1.1527988436256706	7.633587786259541
low_clip_control	0.0611336507514612	-1.5671095990803643	10.157618213660246
low_clip_control	0.0610945972468397	-1.8824889366461013	8.978675645342312
low_clip_control	0.0606263589515006	-1.312175925110494	7.67378874510984
low_clip_control	0.060575440243089	-0.5297029136079812	4.49438202247191
low_clip_control	0.0605415419350508	-0.9916229294253188	8.818342151675484
low_clip_control	0.0603726179794818	-0.7807429637526779	13.268156424581006
low_clip_control	0.0601209924375709	-0.5919774225912647	8.005822416302767
low_clip_control	0.0601209924375709	-1.37851162325373	9.95575221238938
low_clip_control	0.0588936890535686	-2.9068905956085187	9.271182075714654
low_clip_control	0.0588936890535686	-0.3903585697407033	8.953553441522105
low_clip_control	0.0588936890535686	-1.615841813605128	13.00284437220642
low_clip_control	0.0582986405646671	-0.8728460520100814	10.964912280701752
low_clip_control	0.0578809160804999	-1.257318503111058	9.942270686337396
low_clip_control	0.0577154978562874	-0.8356766349190821	12.112036336109009
low_clip_control	0.0569023912344769	-0.7076220108222089	10.187774670395523
low_clip_control	0.0565835283663675	-1.73719826815121	14.037985136251033
low_clip_control	0.0565835283663675	-0.553146151065513	5.658242172764994
low_clip_control	0.0564133089052663	-1.1673014507337574	8.130081300813009
low_clip_control	0.0562525464414143	-1.0521075819293702	10.684798445847498
low_clip_control	0.0559874317214792	-1.0159519161343942	9.644789461303224
low_clip_control	0.0554951125917037	-0.0147970019280807	5.714285714285714
low_clip_control	0.0548917584960723	-1.5909789829679044	10.135135135135137
low_clip_control	0.0544477840223765	0.2072546321923538	9.263157894736842
low_clip_control	0.0541557700469054	-0.2184664057528004	6.732927220262905
low_clip_control	0.0539529477832979	-1.1787711271765051	9.584664536741212
low_clip_control	0.0535293964167951	-0.8411171328770548	11.488250652741511
low_clip_control	0.0534975484926247	-0.5619211563346869	6.161570059333638
low_clip_control	0.0534392589614604	-1.311630165234487	12.532133676092544
low_clip_control	0.0534392589614604	-1.7638941507666006	12.366737739872068
low_clip_control	0.0517435750939981	-1.5350575948948422	43.85964912280701
low_clip_control	0.051459599356547	-1.6491488330378763	13.200688731585997
low_clip_control	0.0508043706714911	-1.3124018722843185	14.819587628865978
low_clip_control	0.0506260730699681	-0.9399752289277826	12.923235978288965
low_clip_control	0.0505079017105301	-1.1966027344399344	7.699275362318841
low_clip_control	0.0498011928538335	-1.6050047400017715	9.375
low_clip_control	0.0497530351970997	-0.8122286739205452	10.021668472372696
low_clip_control	0.0490847804994833	-1.8562161511968869	15.188335358444714
low_clip_control	0.0489096004809465	-0.5547588482785973	8.35800104475013
low_clip_control	0.0489096004809465	-1.2301651162033973	6.823609689525759
low_clip_control	0.0487260398164212	-1.4933564681110791	12.037580739870815
low_clip_control	0.0486347752508765	-1.8032642773657857	12.018381053375752
low_clip_control	0.0481835335099651	-1.4653825827131608	11.200389578767956
low_clip_control	0.0480942882010448	-1.6516891745231963	10.26615969581749
low_clip_control	0.0479800289018216	-1.230262787280578	11.986301369863012
low_clip_control	0.047857114539036	-1.3750153369210487	17.641129032258068
low_clip_control	0.0475656832520558	-1.9466444944878607	11.904761904761903
low_clip_control	0.0473057147783568	-1.843437998324933	17.15102429728442
low_clip_control	0.0473057147783568	-1.043468028576109	8.746355685131196
low_clip_control	0.046424337091352	-0.8056731324276085	11.722731906218144
low_clip_control	0.0461701814329259	-1.371294172208342	11.056511056511056
low_clip_control	0.0459862052741804	-1.6656366136583842	12.0197467267654
low_clip_control	0.0458036896131247	-1.2055489111730335	8.153946510110893
low_clip_control	0.0458036896131247	-0.089221527772943	6.169909824394874
low_clip_control	0.0452415884623529	-2.075108790957674	14.34012995742774
low_clip_control	0.0450878895285381	-1.5708873155094336	11.526479750778815
low_clip_control	0.0447698701200223	-1.5029156915721356	14.936984596234636
low_clip_control	0.0443941193584534	-0.955468840029628	13.828867761452033
low_clip_control	0.0435892685476828	-0.2116902654903525	9.836065573770492
low_clip_control	0.0435016386365864	-1.0483747737682825	12.857798867289146
low_clip_control	0.0433274316641006	-1.3879701531835875	13.788098693759071
low_clip_control	0.0430687218918859	-1.3886475185335885	10.302197802197805
low_clip_control	0.0426443374084937	0.5639330240394366	7.556675062972292
low_clip_control	0.0421965636542075	-1.5499732049253214	13.196480938416425
low_clip_control	0.0419069517339235	-1.375450563509553	12.866483864163678
low_clip_control	0.040756807613399	-1.616861890697172	14.21188630490956
low_clip_control	0.0406419844973457	-0.6651600970568874	11.428571428571429
low_clip_control	0.0406419844973457	-1.0475544400682757	11.29032258064516
low_clip_control	0.0406419844973457	-1.3577815425428623	6.896551724137931
low_clip_control	0.0406419844973457	-1.042768375575877	10.025461489497134
low_clip_control	0.0398927271235125	-1.22926184670913	11.50817686250757
low_clip_control	0.0398468148079139	-1.7126736689097006	13.10615989515072
low_clip_control	0.0398010080579748	-0.8598223419517396	6.85483870967742
low_clip_control	0.0395283641866372	-0.5197934862411002	5.877742946708464
low_clip_control	0.0391978877126488	-1.2572077729552391	11.252446183953031
low_clip_control	0.0384741478146356	-1.6216479918840423	8.211143695014663
low_clip_control	0.0382193222304901	-0.7742546637972498	9.313841075218107
low_clip_control	0.0381351288867709	-0.2594427097337169	7.807807807807808
low_clip_control	0.0378433511446724	-0.1241416180271083	6.165228113440198
low_clip_control	0.0376049536958142	-1.806308918517936	12.992732878220655
low_clip_control	0.0368652937518622	-1.386071614566575	11.991279069767442
low_clip_control	0.036658470578848	-1.118066420235532	11.131245146259385
low_clip_control	0.0360692547075216	-1.387579503772097	11.348161597821152
low_clip_control	0.035302734755673	-1.130453521316243	8.004268943436498
low_clip_control	0.0347654181606766	-1.1333185301801232	4.11946446961895
low_clip_control	0.0343515047907771	-1.3538153593084914	14.411131356634089
low_clip_control	0.0342834756003608	-1.7924971218985268	12.645249487354752
low_clip_control	0.0340756285033145	-1.1231668620838815	14.06502190454231
low_clip_control	0.0339473319233375	0.0196288067489323	5.190311418685121
low_clip_control	0.0339473319233375	-1.4440853202382788	14.084507042253522
low_clip_control	0.0339473319233375	-0.3917677199559964	6.700701978302489
low_clip_control	0.0338147129922438	-1.1514959504427666	8.902077151335313
low_clip_control	0.033770736655244	-1.367907412358868	8.0
low_clip_control	0.0336831262562885	-1.84799690655495	8.74794969928923
low_clip_control	0.0332432920358127	-1.9658520796473	10.584677419354838
low_clip_control	0.0331668639351993	0.0861893131044761	6.046863189720333
low_clip_control	0.0324214776923774	-0.675849296383268	10.009624639076035
low_clip_control	0.0318488660393398	-0.7498148171917327	10.20714500150105
low_clip_control	0.031708859727338	-0.6438561897747247	7.61990138951143
low_clip_control	0.0316096065168218	-0.958872963429792	9.154315605928508
low_clip_control	0.0301357179733187	-0.6954438928254894	13.445378151260504
low_clip_control	0.0295947821882959	-0.7627020191032655	7.94392523364486
low_clip_control	0.0295442756140153	0.0572472327497456	8.786381109280615
low_clip_control	0.0285178116497684	-0.5902547088993281	11.691884456671252
low_clip_control	0.0281968918306519	-0.9604208345534446	11.798753339269812
low_clip_control	0.0280143761695964	-0.966239800649944	11.01749837977965
low_clip_control	0.027393766832251	-1.2303480824191195	13.266998341625207
low_clip_control	0.0271702011654701	0.0100485719033461	7.376807317792859
low_clip_control	0.0258091863496052	-0.6364610600447206	10.520163646990063
low_clip_control	0.0255350921071374	-1.9098621621398093	15.533980582524272
low_clip_control	0.0243645483991999	-1.2950448007364148	14.586709886547812
low_clip_control	0.0238467419543676	-0.7569382417282307	6.465517241379311
low_clip_control	0.0236512680646452	-0.7599930023961781	13.5013501350135
low_clip_control	0.0227200765000834	-0.4240262825060985	12.124406958355298
low_clip_control	0.0226754379678969	-1.4128205383993684	23.23856613102596
low_clip_control	0.0223678130284545	-0.8684539315464644	11.725293132328307
low_clip_control	0.0218594339637393	-1.7314060688243058	16.65741254858412
low_clip_control	0.0217605187388107	-0.8998449240147673	11.60092807424594
low_clip_control	0.0210896053818545	-1.298888677877372	7.559721802237678
low_clip_control	0.0207585601667974	-1.572375788670362	18.91891891891892
low_clip_control	0.0205613224823163	-1.529283291343211	12.783053323593863
low_clip_control	0.0196337536775054	-1.930402066089289	18.50094876660341
low_clip_control	0.019279062494883	-1.057870468052568	10.165553296543711
low_clip_control	0.0184963436173894	-0.8029280049618305	13.608748481166463
low_clip_control	0.0183785293148545	-1.0626820906450387	10.280373831775702
low_clip_control	0.0183785293148545	-1.165275068978671	6.989515726410384
low_clip_control	0.0183785293148545	-0.6784134118110934	10.169491525423728
low_clip_control	0.0182622063927283	-1.2877331750037655	12.584704743465634
low_clip_control	0.0181473467102595	-0.9463561700793552	12.165839603009443
low_clip_control	0.0179665465294488	-0.91712770423491	15.675426463808206
low_clip_control	0.017702001733459	-0.9519817539563756	11.132437619961612
low_clip_control	0.0174298061263762	-1.2680676907559505	14.143530644316396
low_clip_control	0.0172779914318354	-0.7838788223853328	14.634146341463415
low_clip_control	0.0171072562701681	-0.9381076475512676	9.332711152589829
low_clip_control	0.0163018123291006	-0.8093134225275221	16.0
low_clip_control	0.0161196653632769	-1.2030918653775116	6.742738589211618
low_clip_control	0.0159857041726994	-1.1272997959321769	12.48642779587405
low_clip_control	0.0159415438690215	-1.1376726358168134	5.02092050209205
low_clip_control	0.015853951200837	-1.1665636379733724	7.042253521126761
low_clip_control	0.0157673158583165	-0.7963112155945148	13.284470911589557
low_clip_control	0.0154714087624398	-0.913967848362024	8.387251377905583
low_clip_control	0.0147970019280804	-1.805424333496608	10.11804384485666
low_clip_control	0.0146467759644012	-0.8697605790078587	9.407858328721638
low_clip_control	0.0144995696951151	-0.6546306613688999	8.213552361396305
low_clip_control	0.0135465318379479	-0.814294415867109	6.16937745372967
low_clip_control	0.0127110517495539	-1.2156813647957074	8.177570093457943
low_clip_control	0.0125634614639124	-1.2325691251067423	9.561060408518037
low_clip_control	0.0121747139461022	-1.1028986662680873	7.820136852394917
low_clip_control	0.0119726416660759	-1.3248396903072654	13.94169835234474
low_clip_control	0.0119528027617654	-1.571897061962779	9.466019417475728
low_clip_control	0.0114047632722493	-0.7908037457937561	5.414185165132647
low_clip_control	0.0111837384926757	-0.6665762662748079	10.7747562852745
low_clip_control	0.0106866787972474	-1.857295876417227	7.643312101910828
low_clip_control	0.0099496604076051	-1.06168391685366	9.564801530368245
low_clip_control	0.0083634729346267	-0.4324936876985153	14.196479273140262
low_clip_control	0.0079927907535306	-1.680414078256801	15.369194787838287
low_clip_control	0.0078764256106309	-1.84090282954694	10.081696506170694
low_clip_control	0.0078195044592991	-1.4082530839672696	12.34132581100141
low_clip_control	0.0062589904716822	-1.5353253252192502	8.775137111517367
low_clip_control	0.0062522093123389	-1.7550885401196696	14.059335160252592
low_clip_control	0.0056245491938781	-0.5495749300432189	7.587253414264037
low_clip_control	0.0054751300661509	-1.6462417739331063	12.88056206088993
low_clip_control	0.0048009862638212	-0.7329760016048065	11.949685534591197
low_clip_control	0.0043651925614017	-1.1481532155827554	5.44464609800363
low_clip_control	0.0026495784139494	-1.1953750075306242	12.56348569901096
low_clip_control	0.0024819744798923	-2.13001524110146	10.447761194029852
low_clip_control	0.0017583122723587	-1.7714750221779685	9.472551130247576
low_clip_control	0.000801274689239	-1.232118706587031	11.14723641430562
low_clip_control	0.0	2.250543461650597	24.89019033674964
low_clip_control	0.0	1.0621217119077977	2.819548872180451
low_clip_control	0.0	0.903912895808623	9.328358208955224
low_clip_control	0.0	0.765534746362977	10.832383124287343
low_clip_control	0.0	0.4093642908636494	14.285714285714285
low_clip_control	0.0	0.0151608909245306	6.381039197812215
low_clip_control	0.0	0.0022101051632323	2.4752475247524752
low_clip_control	0.0	-1.2394659346953891	11.226944667201282
low_clip_control	0.0	-0.2198537921069151	17.605633802816904
low_clip_control	0.0	-1.582714728195477	14.56071076011846
low_clip_control	0.0	-1.997285615302964	11.167512690355329
low_clip_control	0.0	-1.272576782235436	9.28332714444857
low_clip_control	0.0	-0.127167627942961	6.4
low_clip_control	0.0	-2.3975125851837857	14.019715224534504
low_clip_control	0.0	-1.30533191388157	6.176305446378439
low_clip_control	0.0	-0.717600269299275	7.542790832608064
low_clip_control	0.0	-0.732620123890242	11.26346718903036
low_clip_control	0.0	-1.9929452424660496	11.74496644295302
low_clip_control	0.0	-1.4678258746895176	9.22671353251318
low_clip_control	0.0	-0.1255308820838588	4.158004158004158
low_clip_control	0.0	-1.58104035501352	5.933791380387258
low_clip_control	0.0	-1.3923174227787605	14.120202751629254
low_clip_control	0.0	-1.3225253604893057	9.615384615384617
low_clip_control	0.0	-0.758991900496205	6.172839506172839
low_clip_control	0.0	-0.6473283816815298	9.03225806451613
low_clip_control	0.0	-0.1423205400477106	5.331478905887807
low_clip_control	0.0	-1.437474888398599	15.255530129672003
low_clip_control	0.0	-1.8866998530765648	8.310249307479225
low_clip_control	0.0	-1.415847889753974	17.868145409735057
low_clip_control	0.0	-0.2630344058337938	11.46350783339702
low_clip_control	0.0	-0.5462371314493948	10.93643198906357
low_clip_control	0.0	-0.2247062871746944	12.831858407079643
low_clip_control	0.0	-1.7284697578165698	10.8991825613079
low_clip_control	0.0	-0.5324950808270207	9.487666034155597
low_clip_control	0.0	-0.9107326619029124	13.106940720881738
low_clip_control	0.0	-0.8986229796249181	8.384819064430713
low_clip_control	0.0	-0.6314724653188923	8.280757097791799
low_clip_control	0.0	-1.8861320354417213	7.450331125827814
low_clip_control	0.0	-0.9341535503046648	15.609756097560975
low_clip_control	0.0	-1.1263869446815007	15.977443609022556
low_clip_control	0.0	-0.94164468564949	10.376134889753567
low_clip_control	0.0	-0.4474589769712214	12.37396883593034
low_clip_control	0.0	-0.9493739269300322	10.7893242475866
low_clip_control	0.0	-2.243925582886089	11.150234741784038
low_clip_control	0.0	-1.481839830277991	11.205564142194746
low_clip_control	0.0	-1.3598959450863828	8.956252152945229
low_clip_control	0.0	-2.105221877448453	10.432190760059614
low_clip_control	0.0	-1.4925468664997592	8.334510524085324
low_clip_control	0.0	-0.9747308845395932	12.387387387387388
low_clip_control	0.0	-0.9925248794378536	10.29018316526034
low_clip_control	-0.002174371234337	-1.6980983384175372	11.272141706924316
low_clip_control	-0.0026254694068233	-1.1061250353310776	10.005265929436549
low_clip_control	-0.0026890875276402	-1.28182031589106	16.519823788546255
low_clip_control	-0.0031882776310473	-0.7642246501884532	8.806262230919765
low_clip_control	-0.0033657290006973	-1.3433587092688188	12.910798122065728
low_clip_control	-0.00337867845497	-0.4099242443571717	15.151515151515152
low_clip_control	-0.0041337995070133	-0.1915609700576205	5.180892167193537
low_clip_control	-0.0050978676396787	-0.7627873380543864	10.466760961810468
low_clip_control	-0.0057592692886849	-0.5806957470281091	9.345794392523365
low_clip_control	-0.0068645412978137	-1.2067485269111793	11.156462585034014
low_clip_control	-0.0081739314457001	-2.150727734708356	12.287070650656242
low_clip_control	-0.0098095232580054	-1.0401921021038367	11.280427468830398
low_clip_control	-0.0098142898269557	-0.3195219059234608	4.077471967380225
low_clip_control	-0.0101777850040317	-1.400577821341987	11.221294363256783
low_clip_control	-0.0110834991290163	-1.209400230934684	12.65022137887413
low_clip_control	-0.0114105828319623	-1.7317609641147376	13.046701260192734
low_clip_control	-0.0119726416660759	-1.796069114511089	7.723995880535531
low_clip_control	-0.012939055707498	-0.7354541272486067	7.680491551459293
low_clip_control	-0.0138057995250304	-1.2943305363233326	11.64665830496327
low_clip_control	-0.0138721745815575	-0.8905812559915838	13.850415512465371
low_clip_control	-0.0140751852117227	-1.471183759394353	9.953785993601135
low_clip_control	-0.0152667566533105	0.0641967124762426	9.098786828422876
low_clip_control	-0.0160004786937152	-0.9409595371136972	12.33970481490443
low_clip_control	-0.0179219079972624	-0.3610947073385422	28.95322939866369
low_clip_control	-0.0183785293148545	-1.6189866064539944	13.33907056798623
low_clip_control	-0.0185956822555123	-1.7469292731438115	22.968197879858657
low_clip_control	-0.018696093709905	-0.1903167462706332	7.447722715554283
low_clip_control	-0.0188590272513158	-0.6311197487335237	13.62984218077475
low_clip_control	-0.0190583358156846	-1.274296240946278	14.954172696575013
low_clip_control	-0.0191088229477046	-0.7503487610180114	9.223128769067046
low_clip_control	-0.019270026930317	-0.8988026865728427	12.521343198634035
low_clip_control	-0.0199782921249233	-1.9096956766751167	13.975542800099824
low_clip_control	-0.0218594339637393	-0.8194454020758976	8.164852255054432
low_clip_control	-0.0221389772692486	-1.0651621662278483	8.730964467005077
low_clip_control	-0.0225425686510883	-0.8537105577493436	8.889766890557093
low_clip_control	-0.0230836131130413	-1.0269670476002692	18.441403926234383
low_clip_control	-0.0230836131130413	-1.459431618637297	4.689331770222743
low_clip_control	-0.0236512680646453	-0.4191176867531184	11.152416356877325
low_clip_control	-0.0236944292514848	-1.8148172163735503	17.25909184302445
low_clip_control	-0.0238467419543677	-0.9480603464482426	10.309278350515465
low_clip_control	-0.0243841586269592	-1.0481219496181713	11.07011070110701
low_clip_control	-0.0248746686390293	-1.3799064984465894	12.195121951219512
low_clip_control	-0.0250909809628304	-0.4821809792213938	10.752688172043012
low_clip_control	-0.0250909809628304	-0.4351531518274211	11.009174311926609
low_clip_control	-0.0253555742768942	-1.4208784734786863	9.46969696969697
low_clip_control	-0.0257960008773375	-1.2470762209578914	11.389521640091116
low_clip_control	-0.0259952085329445	-1.231538788061729	12.393036293892004
low_clip_control	-0.0262315415731796	-0.5366691617130817	6.039689387402934
low_clip_control	-0.0266983213907877	-1.5814162364527655	10.829103214890017
low_clip_control	-0.0284084151857541	-1.2632784726459594	9.255898366606171
low_clip_control	-0.0289998717225523	0.6045681117108271	15.533980582524272
low_clip_control	-0.0291463456595165	-0.7311509728920895	10.150722854506306
low_clip_control	-0.0292645945051947	-1.733541521287575	9.781790820165538
low_clip_control	-0.0303736490435188	-1.326625115403235	7.191994996873046
low_clip_control	-0.0310268956206245	-1.1200474740274475	12.413793103448276
low_clip_control	-0.0317088597273381	-1.8735886204576908	10.800657431321907
low_clip_control	-0.0323729747744925	-1.369855164721246	12.66891891891892
low_clip_control	-0.0327434205754649	-0.96316258389849	13.206162876008804
low_clip_control	-0.0328313924673723	-1.5546458283606437	13.215859030837004
low_clip_control	-0.0331491403000306	-1.5125915636781069	17.1545483160214
low_clip_control	-0.0331668639351992	-1.4296842752432453	11.14723641430562
low_clip_control	-0.0338229713097833	0.0379031348595076	9.83358547655068
low_clip_control	-0.0340006712353277	-1.963527791935882	11.201298701298702
low_clip_control	-0.0347654181606766	-1.352314063774446	14.936519790888724
low_clip_control	-0.0349337901093871	-0.7781435122959641	9.141494435612085
low_clip_control	-0.0360774549834281	-1.328315070793362	11.899610558199914
low_clip_control	-0.036525876025114	0.2750002251876231	7.14694110920526
low_clip_control	-0.036525876025114	-0.3267697930122072	12.129380053908356
low_clip_control	-0.0368171824452635	-1.692528400906888	15.899122807017545
low_clip_control	-0.0372729891334824	-0.8344722573062575	7.282658170232135
low_clip_control	-0.0375527458828524	-0.6400418684423091	16.949152542372882
low_clip_control	-0.0381831938878879	-0.549670597466213	8.899297423887589
low_clip_control	-0.0382193222304902	-1.3167184641464291	8.317929759704251
low_clip_control	-0.0385884976772476	-1.5725545972202164	14.905906465436928
low_clip_control	-0.0388192488905281	-1.2724058521625132	13.754045307443365
low_clip_control	-0.0389941316158635	-1.6003636428285144	11.078453538322409
low_clip_control	-0.0389941316158635	-1.47525658579898	13.293943870014772
low_clip_control	-0.0391705972806777	-0.2844766918178548	6.863140896245458
low_clip_control	-0.0393129240248259	-2.1994024441177045	12.611275964391693
low_clip_control	-0.0400774393753351	-0.013321378497834	5.047318611987382
low_clip_control	-0.0402638702137271	-1.1861542878707798	9.834492684096906
low_clip_control	-0.040357737616141	-2.0090603250762404	10.232300884955752
low_clip_control	-0.0410272682600547	-0.3581613795124185	4.135079255685734
low_clip_control	-0.041105203329673	-0.017152880771756	12.81722635221738
low_clip_control	-0.041820175694627	-2.068501601039288	9.31439914490762
low_clip_control	-0.0420232148957065	-1.0408406498312668	3.911342894393742
low_clip_control	-0.0420820164663624	-1.565549748903606	17.06796708320634
low_clip_control	-0.043015212441705	-0.6757537576631218	3.676470588235294
low_clip_control	-0.0430687218918859	0.2156878325034615	10.583941605839415
low_clip_control	-0.0430687218918859	-0.6769042036803031	10.806916426512968
low_clip_control	-0.0430687218918859	-1.6863395210962384	10.620915032679738
low_clip_control	-0.0432840977287999	-0.131167229462746	16.351118760757316
low_clip_control	-0.0433925955133806	-0.8745565914205626	6.861063464837049
low_clip_control	-0.0436565182551263	-1.4661218848471451	11.12781954887218
low_clip_control	-0.0446329959283987	-1.2669516071883795	13.289036544850498
low_clip_control	-0.0449474060539746	-0.7965995697531932	14.213197969543147
low_clip_control	-0.0452688629004606	-0.9714588586215108	8.135593220338983
low_clip_control	-0.045379903504009	-1.491593828642592	14.824363519174993
low_clip_control	-0.0457000440050562	-1.720114658921865	9.533898305084746
low_clip_control	-0.0458036896131247	0.7596190228885572	6.849315068493151
low_clip_control	-0.0458036896131247	-0.7715478994969972	12.20008133387556
low_clip_control	-0.0458036896131247	-1.2576426682767974	13.585351447135263
low_clip_control	-0.0458036896131247	-2.203060028991129	26.790914385556203
low_clip_control	-0.0458036896131247	-0.8930847960834881	9.316770186335404
low_clip_control	-0.0463645040189773	-1.949438559715415	12.783135232114825
low_clip_control	-0.0464134937958801	-1.329241309933458	16.63019693654267
low_clip_control	-0.0468291321475108	-1.7761641617938833	10.14786894752102
low_clip_control	-0.0469210473874925	-1.249526757485461	13.151822796492848
low_clip_control	-0.0473057147783566	-0.9969959574952184	11.479591836734697
low_clip_control	-0.0473057147783566	-0.4897812563056734	9.652953344058838
low_clip_control	-0.0476180202327397	-0.3702681814150804	7.979481333713308
low_clip_control	-0.0478285250906151	-0.6424691292808086	14.258555133079849
low_clip_control	-0.0480384192333587	-1.7799346675120529	14.00437636761488
low_clip_control	-0.0489096004809464	-1.4324546151427866	15.24390243902439
low_clip_control	-0.0491660568038844	-1.5327909151096182	10.874704491725767
low_clip_control	-0.0492275147706615	-0.682296755494835	10.940919037199125
low_clip_control	-0.0497530351970996	-0.8482878018157176	8.487654320987653
low_clip_control	-0.0498759066395695	-1.1836563730434688	14.476614699331847
low_clip_control	-0.0500066691072989	-1.3295581935910972	12.330705478067514
low_clip_control	-0.0500406824995954	-1.7410175652804454	12.150668286755772
low_clip_control	-0.0501234794258364	-1.5612800629622436	10.366051182377714
low_clip_control	-0.0504049534372432	-1.133999083119136	11.632916846186989
low_clip_control	-0.0506260730699679	-2.360075228675639	5.684302579798863
low_clip_control	-0.0524674198941355	-1.6124334560604665	12.295081967213116
low_clip_control	-0.0529744648650487	-1.6814809229859535	11.57830591102986
low_clip_control	-0.0537712564409808	-1.2297203734505215	8.363826450601149
low_clip_control	-0.0539388071108037	-0.5042244226243675	6.351039260969976
low_clip_control	-0.0544477840223764	-1.1520030934450498	10.043668122270743
low_clip_control	-0.0545985752470643	-0.6810042237358978	10.306153379812065
low_clip_control	-0.054705892090135	0.2406639778193139	6.777746399322226
low_clip_control	-0.054742964594432	-0.1899700616035393	13.001083423618637
low_clip_control	-0.0558532347335174	-2.1084224598859858	9.527299377061194
low_clip_control	-0.0560081346766177	-1.5278815671176689	9.45273631840796
low_clip_control	-0.0563695474437857	-1.0140309387144104	11.565836298932384
low_clip_control	-0.0565835283663674	-1.6457165318002522	8.326724821570183
low_clip_control	-0.0570309450363788	-1.3482230624853415	8.71459694989107
low_clip_control	-0.0571439071036087	-0.95622578960782	16.1837640302793
low_clip_control	-0.0572068574064763	-1.7684538798750684	10.012515644555696
low_clip_control	-0.0573331750659516	-1.361588087476166	9.286618826509075
low_clip_control	-0.0573916638883366	-1.9868100666563075	12.897678417884782
low_clip_control	-0.0582146139452956	-1.1640779979863674	10.19607843137255
low_clip_control	-0.0598714559773986	-0.686815251233526	10.711553175210405
low_clip_control	-0.0608251926960435	0.188307894421426	4.76396708531832
low_clip_control	-0.0614005446641432	-1.197446064206217	6.2358276643990935
low_clip_control	-0.0614005446641432	-0.8881295131129874	9.52078705172961
low_clip_control	-0.0614005446641432	-0.7727253572838059	16.525331593824745
low_clip_control	-0.0614005446641432	-1.3795372532452548	9.85663082437276
low_clip_control	-0.0614005446641432	-1.0752666587877688	5.919962112242482
low_clip_control	-0.0618392538178627	-0.054228645311024	11.22894572676232
low_clip_control	-0.0622842782543427	-0.3081222953623318	5.72155117609663
low_clip_control	-0.0641303374197155	-1.1786851360975554	10.44841097083152
low_clip_control	-0.0641303374197155	-0.7990300574066724	9.928295642581356
low_clip_control	-0.065887935656457	-1.7134396144773645	12.282091917591124
low_clip_control	-0.0662081510878862	-1.3020283565084223	10.677808727948005
low_clip_control	-0.0665676169389896	-0.9490035777967216	11.713933415536376
low_clip_control	-0.0671141958585369	-0.1864131242308813	10.5433901054339
low_clip_control	-0.0674059440983358	-1.6446326599044672	11.358368103847935
low_clip_control	-0.0676076358089271	-1.103701153827944	11.68511685116851
low_clip_control	-0.0677446066358341	0.6343912938453998	6.417874970287616
low_clip_control	-0.0677711309096809	-1.3599100090856815	7.244277021153288
low_clip_control	-0.0682692760170284	-1.213647496179303	16.185930691014732
low_clip_control	-0.0694648196630998	-1.1861217751480757	13.634426927993182
low_clip_control	-0.0695045102979534	-1.2350059459173324	8.008008008008009
low_clip_control	-0.070598126653017	-2.193887262447345	11.53581267217631
low_clip_control	-0.0712442583110172	-1.7434897482302616	12.623490669593854
low_clip_control	-0.0712586831698219	-1.3974389049896536	13.919821826280623
low_clip_control	-0.0715151141684924	-1.400477434413239	10.159651669085632
low_clip_control	-0.0717906830680101	-0.8251776664398234	11.866727521679598
low_clip_control	-0.0721497857558354	0.1644515786681716	11.07266435986159
low_clip_control	-0.0727563424353142	-1.1149374015811924	9.843856076035305
low_clip_control	-0.0732489820306386	-1.5867327436383163	12.553292278540976
low_clip_control	-0.073718336496992	-1.856554593200632	15.236902525568777
low_clip_control	-0.0740005814437769	0.3070555090740433	12.63001485884101
low_clip_control	-0.0740005814437769	-1.9162648653736656	13.806706114398422
low_clip_control	-0.0752881273042371	-1.121101216187454	17.780172413793103
low_clip_control	-0.0759488532332986	-1.2474150653719565	6.50310375406444
low_clip_control	-0.0761029790857916	-1.1592666272476864	11.216263582194182
low_clip_control	-0.0766212816029125	-1.4939888406736657	7.882882882882882
low_clip_control	-0.0768155970508308	-0.7849359922278654	7.351518668988199
low_clip_control	-0.0780025120012732	0.5375495582463744	17.292490118577074
low_clip_control	-0.0781433795540763	-0.3966126069874864	12.987012987012989
low_clip_control	-0.0783710635528722	-1.9506119730378368	10.625737898465172
low_clip_control	-0.0789363384046034	-1.7111246763174246	9.442248572683356
low_clip_control	-0.0800813236590629	-0.1355065975038193	12.32394366197183
low_clip_control	-0.0801703486839833	-1.2926596339268124	9.028794533918983
low_clip_control	-0.0801703486839833	-0.4743960056357768	7.177033492822967
low_clip_control	-0.0811809356141445	-1.9967310553913769	13.597398758498374
low_clip_control	-0.081254300805267	-1.7293235876152069	12.118736383442265
low_clip_control	-0.0813883268406549	-1.830367723534017	6.955351133049136
low_clip_control	-0.0815298854965983	-0.7735813401979456	8.751458576429405
low_clip_control	-0.0823173476406956	-1.2151861615005466	12.461059190031152
low_clip_control	-0.0824621601919729	-0.5460162204806397	5.422503389064619
low_clip_control	-0.0831800082181722	-2.1997229203286577	13.57605677260105
low_clip_control	-0.0833364148793065	-1.2679137334034845	9.50734658599827
low_clip_control	-0.0834160081876375	-0.2646145758065406	8.862629246676514
low_clip_control	-0.0834849855030812	-0.687878401554724	12.06801974766868
low_clip_control	-0.0835233555622834	-1.2397151352486686	7.797270955165692
low_clip_control	-0.0842689168976039	-1.3034863142436872	13.98176291793313
low_clip_control	-0.0853720506522775	-0.9831442823573626	8.221993833504625
low_clip_control	-0.0862998463942203	-0.9440099073275638	9.986382206082617
low_clip_control	-0.0874628412503394	-1.888491684783009	12.825994014536128
low_clip_control	-0.0874628412503394	-2.725249290976772	5.838760386256457
low_clip_control	-0.0883558744208469	-1.3331671612013896	14.09313725490196
low_clip_control	-0.0884687878623139	-1.106178640276909	10.79447322970639
low_clip_control	-0.0885366746016573	-0.7747864368910865	8.149010477299184
low_clip_control	-0.0888930495904118	-1.5656608497365945	14.59188326493388
low_clip_control	-0.0890631686921817	-1.2859102052592686	10.005885815185405
low_clip_control	-0.0893263126726131	-1.874646380313841	9.312320916905444
low_clip_control	-0.0897966703506456	-1.7248609261443304	11.907124429450288
low_clip_control	-0.0911478880581952	-1.0228279294542617	9.777082518576456
low_clip_control	-0.0916007824398423	-1.925667595949887	11.022222222222222
low_clip_control	-0.0916806902213516	-1.0991991964299137	10.613751730503
low_clip_control	-0.0921574445807031	-1.245307685512703	18.99335232668566
low_clip_control	-0.0923640181486596	-1.197536600761113	12.956419316843345
low_clip_control	-0.092446248764595	-0.9452418602837138	15.723270440251572
low_clip_control	-0.0931094043914814	0.7004397181410922	7.665505226480836
low_clip_control	-0.0931094043914814	-0.4644496934039217	8.978451715881883
low_clip_control	-0.0942153416176507	-1.5012561490395524	12.99907149489322
low_clip_control	-0.0949484040552625	-0.8889972511961922	9.713453132588636
low_clip_control	-0.09515723304034	-0.4767597509441839	9.285943003522256
low_clip_control	-0.0955498251158699	-1.3450597751541755	12.027491408934708
low_clip_control	-0.0962716562290207	-0.6895782150931278	17.33232856066315
low_clip_control	-0.0964297626830928	-0.7815192537972987	12.099644128113878
low_clip_control	-0.0970244543948646	-1.0891002208846037	10.948905109489052
low_clip_control	-0.0972972013549148	-0.9083356648122914	9.783368273934313
low_clip_control	-0.0978473233981445	-0.5525410230287786	14.637904468412945
low_clip_control	-0.098118255679353	-1.975018830124983	9.34094447327452
low_clip_control	-0.0988533869262853	-1.444337727899331	10.824313072439637
low_clip_control	-0.0989150260726872	-1.341018467022405	8.869179600886918
low_clip_control	-0.0995356735509144	0.1261126139630672	7.29594163246694
low_clip_control	-0.0995356735509144	-0.0931094043914813	9.65360590573538
low_clip_control	-0.0995356735509144	-3.029062465602463	11.363636363636363
low_clip_control	-0.0998058158681327	-1.535802848532141	15.5195681511471
low_clip_control	-0.1000669551039223	-0.5378505340910642	9.764758100310695
low_clip_control	-0.1004018969578375	-1.309457395598594	5.900865460267506
low_clip_control	-0.1004479056653353	-1.3358754652084273	10.597519729425027
low_clip_control	-0.1007449737398171	-1.1502906730974387	8.377344745947914
low_clip_control	-0.1013936197714968	-1.637882814996939	12.602739726027398
low_clip_control	-0.1018796140192136	-1.6471240562218796	12.112036336109009
low_clip_control	-0.1018796140192136	-1.1293902366723307	11.031439602868174
low_clip_control	-0.102685663974564	-1.2953355034484269	15.698587127158554
low_clip_control	-0.1027955693614158	-0.7905354137649402	14.88095238095238
low_clip_control	-0.1028108055837754	-0.5544419356948155	8.223684210526315
low_clip_control	-0.1032986252040182	-1.0701081383708442	4.666666666666667
low_clip_control	-0.1033777398453086	-0.9012458957168568	8.537279453614115
low_clip_control	-0.1035561918265972	-0.7677173229102306	9.330223258913694
low_clip_control	-0.1039008661123163	-1.999057621263577	9.023146331894862
low_clip_control	-0.104788902808124	-1.433627246778084	12.227538543328018
low_clip_control	-0.1053530001462286	0.0230519975968863	9.325681492109036
low_clip_control	-0.1069152039165119	-2.332575339086871	8.591885441527447
low_clip_control	-0.1069152039165119	-1.2871621703925595	7.133592736705577
low_clip_control	-0.1069152039165119	-0.0232697793228471	6.960556844547564
low_clip_control	-0.1076755175261456	-1.6101807090786533	6.844292349058909
low_clip_control	-0.1079826808730116	-1.426882615527981	10.526315789473683
low_clip_control	-0.1088134871389251	-1.7112565116463416	8.28188525824424
low_clip_control	-0.1093066319192827	-1.0744006845222132	10.814249363867685
low_clip_control	-0.1095641336787928	-1.611867618001693	19.58195819581958
low_clip_control	-0.1097454059833431	-1.3443822354954365	11.494252873563218
low_clip_control	-0.1098306542787938	0.1302604591472769	9.876543209876544
low_clip_control	-0.1099728420251316	-0.6655188547695529	6.517690875232775
low_clip_control	-0.1102595081489166	-1.364968575433225	14.149792632349351
low_clip_control	-0.1115083152169903	-0.2977189350347403	11.34133042529989
low_clip_control	-0.1124747292584125	-0.6215086902481524	11.008704557091653
low_clip_control	-0.1126351980913335	-1.925092783097374	11.594202898550725
low_clip_control	-0.1126578007694619	-1.4492811257478475	8.30670926517572
low_clip_control	-0.1129642485893169	-1.159625739205703	11.134307585247043
low_clip_control	-0.1130089618291863	-1.7618067476466253	9.401709401709402
low_clip_control	-0.1132106104479909	-1.4134304373677584	11.906786868515054
low_clip_control	-0.1139990906855347	-1.8951984427948336	21.51217968997153
low_clip_control	-0.1154772174199359	-2.1150662737785213	10.94391244870041
low_clip_control	-0.1154772174199359	-0.5827599124446423	9.910802775024775
low_clip_control	-0.1154772174199359	-0.5305147166987796	9.431737797689223
low_clip_control	-0.1154772174199359	-0.8084969002890967	9.22266139657444
low_clip_control	-0.1154772174199359	-1.104616937393912	17.76461880088823
low_clip_control	-0.1163507839261233	-1.6652212856614668	16.233766233766232
low_clip_control	-0.1165377886952874	-1.2930009633395632	6.29822075263738
low_clip_control	-0.1166091869098558	-1.3529554883126944	22.418478260869563
low_clip_control	-0.1168136649827498	-1.446965112898285	6.761442441054091
low_clip_control	-0.1169177517791507	-1.2611586610913708	8.690928843020098
low_clip_control	-0.1169883677004359	-0.5491596624644478	5.9880239520958085
low_clip_control	-0.1185144712593899	-0.9807893960341652	9.500459699662889
low_clip_control	-0.118644496498619	-1.3306538158127057	10.20408163265306
low_clip_control	-0.1190526716437632	-1.578471833367633	11.800923550538736
low_clip_control	-0.1190526716437632	-0.750728811587571	11.248185776487665
low_clip_control	-0.1192989283723444	-1.442039117602112	12.952605239917574
low_clip_control	-0.1202942337177117	-1.348597621533336	4.411764705882353
low_clip_control	-0.1202942337177117	-0.871943355191651	14.221073044602456
low_clip_control	-0.1213062962221336	-3.728381747945511	6.086142322097379
low_clip_control	-0.1213062962221336	-0.7679433428567826	12.354152367879204
low_clip_control	-0.1213308935545732	-0.9513788254644094	9.67117988394584
low_clip_control	-0.1215619798809133	-1.485463695982063	7.911001236093944
low_clip_control	-0.1225258923682162	-1.7082940059420253	14.648236022281823
low_clip_control	-0.1231594692976107	-1.4774905361983024	11.293179805137289
low_clip_control	-0.1237675552712815	-1.1124080100317453	13.11541565778854
low_clip_control	-0.1239610287832707	-0.8417243790644394	7.980356046654389
low_clip_control	-0.12417941122073	-0.3977092469298394	9.191176470588236
low_clip_control	-0.1247550310079467	-0.8099541131055613	5.251312828207052
low_clip_control	-0.1255308820838589	0.5474877953024933	11.25
low_clip_control	-0.1255308820838589	-1.2444720578574429	9.70873786407767
low_clip_control	-0.1255308820838589	-1.2865165745891731	6.145741878841089
low_clip_control	-0.1255308820838589	-2.1699250014423126	11.422637590861893
low_clip_control	-0.1255308820838589	-1.4040467153608676	7.473309608540925
low_clip_control	-0.1255308820838589	-4.746425923415273	12.491559756921
low_clip_control	-0.1255308820838589	-1.6687940915246269	9.933774834437086
low_clip_control	-0.1255308820838589	-0.5864883549521164	7.569011576135352
low_clip_control	-0.1255308820838589	-2.170303910187993	10.85883514313919
low_clip_control	-0.1255308820838589	-0.7202275522750914	6.936416184971098
low_clip_control	-0.1271119179033393	-0.3370099499010873	13.20754716981132
low_clip_control	-0.1274731586126702	-1.2547643045344958	10.52939455981281
low_clip_control	-0.1276332797258736	-1.7962601725670255	13.58490566037736
low_clip_control	-0.1277003487195762	-0.8344771006954194	10.420168067226893
low_clip_control	-0.1277555471983727	-1.6988436902760289	12.675731735422907
low_clip_control	-0.1281739882415688	-0.54665892937581	8.896797153024911
low_clip_control	-0.1291316508958071	-1.5469527462269517	11.363636363636363
low_clip_control	-0.1292830169449665	-1.1062492709401408	15.125472671020969
low_clip_control	-0.1293485478228088	-1.5940323314955112	11.46857313077152
low_clip_control	-0.1294038912310652	-1.812575625212382	10.662177328843995
low_clip_control	-0.130396637255675	-2.3082280237114	12.303290414878395
low_clip_control	-0.1308474794596217	-0.3819760716147765	11.76470588235294
low_clip_control	-0.1312445332782526	-0.514165113135088	12.549019607843135
low_clip_control	-0.1312445332782526	-1.029326671269512	9.394572025052192
low_clip_control	-0.1312445332782526	-0.8904875098092104	8.008008008008009
low_clip_control	-0.1319116755055809	-0.8570678969699466	7.9479768786127165
low_clip_control	-0.1326377685781188	-0.8231719668722776	5.8236272878535775
low_clip_control	-0.1328942704973453	-1.1561795543631015	31.29251700680273
low_clip_control	-0.1334133476387284	-1.1202648652221132	8.394895903290799
low_clip_control	-0.1335742565705742	-1.2572209287624638	14.261460101867572
low_clip_control	-0.1337984980674593	-0.8305688152463564	10.12461059190031
low_clip_control	-0.1338557467347906	-0.5728824477427503	7.004310344827586
low_clip_control	-0.1340173479716875	-0.7972465582010516	13.745704467353953
low_clip_control	-0.1340283447515406	-1.827502955596454	10.566356720202874
low_clip_control	-0.1340479651137157	-2.0588492604706787	11.396011396011396
low_clip_control	-0.1344853321870204	-1.66965800221385	10.060362173038229
low_clip_control	-0.1345860403676405	-0.1492204291586463	13.038548752834467
low_clip_control	-0.134902716007586	-0.900452725437505	17.1875
low_clip_control	-0.1353518528948862	-1.5009645080845078	12.74312541918176
low_clip_control	-0.1356550993575663	-1.3065994255720552	12.937062937062937
low_clip_control	-0.1375035237499349	-0.6938968722743203	26.737967914438503
low_clip_control	-0.1375035237499349	-0.7927223847094347	9.133611691022963
low_clip_control	-0.1375035237499349	-0.8735250029460345	10.976948408342482
low_clip_control	-0.13862406364385	-1.5806480421397158	17.163504968383016
low_clip_control	-0.1387640699558517	-1.6576949425940926	8.845643520566123
low_clip_control	-0.1389764131488104	-0.8537318775522739	10.49097775912715
low_clip_control	-0.1394030566654163	-1.610843330327534	9.876543209876544
low_clip_control	-0.1401776580482602	0.1486648080198278	6.254886630179828
low_clip_control	-0.1401776580482602	-0.6780719051126377	18.05251641137856
low_clip_control	-0.1404812235498304	-0.1299093225944332	9.03694515814654
low_clip_control	-0.1420190048724278	-0.7472669530604376	12.997562956945572
low_clip_control	-0.1420190048724278	-0.2863580998779252	10.262257696693274
low_clip_control	-0.14268841716851	-1.5785312471828907	11.868533171028607
low_clip_control	-0.1428347781714548	-1.1767092622647026	12.753188297074267
low_clip_control	-0.1430699686750422	-1.333609899934998	9.366219169528566
low_clip_control	-0.1430869559470951	-1.3184810072111397	12.133285041651575
low_clip_control	-0.143784201520992	-1.8700565729351988	14.246741436799027
low_clip_control	-0.1443363621498335	-1.750184533666439	15.245866437620784
low_clip_control	-0.1443899093351748	0.0383552028771128	12.219959266802444
low_clip_control	-0.145050332803283	-1.0486129453775546	7.655266082232375
low_clip_control	-0.1451023865292142	-1.6584252326630111	8.860011813349086
low_clip_control	-0.1455965051379645	-0.6879334663942683	4.695885509838998
low_clip_control	-0.1458508664634547	-0.488911927146253	7.077856420626896
low_clip_control	-0.1459793058172799	-0.8597597474439692	15.00789889415482
low_clip_control	-0.1466498589508432	-1.2769330682262423	16.730401529636712
low_clip_control	-0.1468413883292711	-0.4426079009747444	7.505773672055427
low_clip_control	-0.1471268726560933	-1.7613255745970973	10.32448377581121
low_clip_control	-0.1476771680422599	-0.8141419100689948	7.739938080495356
low_clip_control	-0.1478312305916956	-0.9678244582314026	19.44167497507477
low_clip_control	-0.1479900309384265	-1.0304432553466172	10.769230769230768
low_clip_control	-0.1480986389891338	-1.3948959668805363	26.785714285714285
low_clip_control	-0.1480986389891338	-1.2977911890058522	9.94679620633819
low_clip_control	-0.1480986389891338	-0.4374990562819014	12.060301507537687
low_clip_control	-0.1480986389891338	-1.302094847098672	13.280865715691098
low_clip_control	-0.149747119504682	-1.127204736594506	5.9680114585820006
low_clip_control	-0.1502927256799471	-1.2783414932074255	8.241758241758243
low_clip_control	-0.1505596765753812	-0.220986970625307	8.032128514056224
low_clip_control	-0.1509418980747394	-1.2019628177434805	9.89010989010989
low_clip_control	-0.1514706354058304	-1.1237650372601091	9.166302924487123
low_clip_control	-0.1520030934450499	0.7858751946471525	11.555806087936864
low_clip_control	-0.1520030934450499	-1.925999418556224	11.102886750555143
low_clip_control	-0.1520030934450499	-1.6698513983076693	11.422413793103448
low_clip_control	-0.152793936299382	-1.292745309224836	11.181513231457323
low_clip_control	-0.1529960012893961	-1.1869546402305582	9.00900900900901
low_clip_control	-0.1545263910553045	-1.193414926493311	13.571428571428571
low_clip_control	-0.1552782254779109	-1.781541468801252	5.826271186440678
low_clip_control	-0.1561192019172818	-1.628031222613042	9.212950776520138
low_clip_control	-0.1575412769864799	-2.8639384504239715	13.81657989587505
low_clip_control	-0.1575412769864799	-0.7555812723335531	6.634499396863691
low_clip_control	-0.1578796597817192	-0.3107270148139846	7.290400972053463
low_clip_control	-0.1582620839167323	-0.3216712276133129	8.501416902817137
low_clip_control	-0.158503822362487	-0.8881882873008815	8.477842003853564
low_clip_control	-0.1595458556623132	-1.1107485190035085	12.855209742895806
low_clip_control	-0.159674533176637	-1.321789126280917	11.2
low_clip_control	-0.1596848791679971	-1.57516457835834	11.212333566923617
low_clip_control	-0.1599409128696902	-1.3392026667151524	10.582010582010582
low_clip_control	-0.1600078701500442	-0.8960235238868749	10.11378002528445
low_clip_control	-0.1602748314085931	-0.6596949175712454	7.343124165554071
low_clip_control	-0.1604646721932461	-1.497946854242349	19.607843137254903
low_clip_control	-0.1604646721932461	-3.0942360698457656	9.548292324641938
low_clip_control	-0.1604646721932461	-2.0588936890535687	7.325240686479699
low_clip_control	-0.1604646721932461	-0.5563933485243852	12.911843276936777
low_clip_control	-0.1607203105461589	-0.3218943432926318	8.951406649616368
low_clip_control	-0.1609624965739238	-1.0227087808653528	17.915309446254074
low_clip_control	-0.1611547918145803	-1.129776447158844	15.659955257270694
low_clip_control	-0.161381425760911	-1.9254797732989035	12.264564169951818
low_clip_control	-0.1622372842910797	-0.8762108387281453	8.806912595546693
low_clip_control	-0.1622714288988771	-1.090944722517209	11.936850211782826
low_clip_control	-0.162620200819079	-1.777678539370711	7.079646017699115
low_clip_control	-0.1628146122791225	-1.2903756163905593	13.41492115791951
low_clip_control	-0.1632303488683041	-1.662809892563053	10.575296108291033
low_clip_control	-0.1633057425105511	-0.856537114894749	8.577194752774973
low_clip_control	-0.1634987322828793	-0.6946738724497677	14.129736673089274
low_clip_control	-0.1634987322828793	-0.5756193197386833	9.25925925925926
low_clip_control	-0.1634987322828793	-1.7145977811377515	12.591119946984758
low_clip_control	-0.1638860849609719	-0.6068747963281914	7.087411407357409
low_clip_control	-0.1643868179008823	-0.8991241240965538	10.217113665389528
low_clip_control	-0.1660099514389292	-0.6020800530624083	12.784751278475127
low_clip_control	-0.1662493432989141	0.0431258396669131	3.594771241830065
low_clip_control	-0.1665914910348786	-1.710821636280285	13.57745319893026
low_clip_control	-0.1666498694094514	-0.3862161056196086	11.67411823149528
low_clip_control	-0.1667689151131115	-1.844067627784056	11.62190082644628
low_clip_control	-0.1675999484960684	-1.2273009286258725	10.60230092488157
low_clip_control	-0.1676703835005373	-0.863382230737506	10.6951871657754
low_clip_control	-0.1677274457380664	-1.1570019938378446	8.161044613710555
low_clip_control	-0.1677274457380664	-1.606371216392823	10.899944102850752
low_clip_control	-0.1678897788605071	-1.497244988175037	9.54426151276545
low_clip_control	-0.1682714825897986	-0.8278948356305313	8.142493638676845
low_clip_control	-0.1682714825897986	-0.6373356299031318	6.798096532970768
low_clip_control	-0.1683370045391202	-1.7803359736224589	7.510729613733906
low_clip_control	-0.169490520173891	-0.919073989116533	11.958146487294467
low_clip_control	-0.1699250014423124	-1.7308133671846109	7.013201320132013
low_clip_control	-0.1699250014423124	-1.6044721279611702	8.550185873605948
low_clip_control	-0.1703349162173072	-0.0214513610440001	3.0
low_clip_control	-0.170932821979901	-0.7090988007332623	11.045655375552284
low_clip_control	-0.1709861968126229	-1.4463981633289271	8.945935433683392
low_clip_control	-0.1719160494278362	-0.4233132327718809	9.09090909090909
low_clip_control	-0.1722463133524334	-1.3382137132628	10.566242210782985
low_clip_control	-0.1723314991494075	-1.1128637456630102	5.7747834456207885
low_clip_control	-0.1726031069837534	-1.9021952145282013	15.022091310751104
low_clip_control	-0.1728365968622156	-1.273018494406416	9.005556620042155
low_clip_control	-0.1728365968622156	-1.2767581244529966	6.020469596628537
low_clip_control	-0.1733316028855617	-1.7884958948062886	14.227642276422763
low_clip_control	-0.1733316028855617	-1.3418760505641023	8.776741634668129
low_clip_control	-0.1735362549946912	-1.3491089331532735	6.475006475006476
low_clip_control	-0.1740293997750489	-0.8854881188762943	6.815600151457781
low_clip_control	-0.1746045223821825	-1.1708170198277716	8.98110870238464
low_clip_control	-0.174732844638022	-1.4793860560556622	12.669683257918551
low_clip_control	-0.1750867065580913	-1.7657488756770117	9.57510472770796
low_clip_control	-0.1768777620840793	-0.4580490984429139	19.35483870967742
low_clip_control	-0.1768777620840793	-0.5615458362899878	7.322508755173511
low_clip_control	-0.1768777620840793	-1.1153212972329938	10.955569080949484
low_clip_control	-0.1783372412585124	-1.4459693588307347	7.067137809187279
low_clip_control	-0.1789510121059746	-2.313584157816764	10.946327683615818
low_clip_control	-0.1805722456418209	-0.6402449362223459	3.895714713814804
low_clip_control	-0.1805722456418209	-0.953490035402264	9.25925925925926
low_clip_control	-0.1805722456418209	-2.819427754358179	9.321595028482651
low_clip_control	-0.180972493956467	-1.3138550336992365	12.027491408934708
low_clip_control	-0.1812081342826745	-1.2248448413203847	7.439824945295404
low_clip_control	-0.1812403146701465	-1.2312343776625003	14.653323802716226
low_clip_control	-0.1828640571498105	-1.612443237143263	10.037641154328732
low_clip_control	-0.1829484939166152	-2.1939785006684924	8.106116433308769
low_clip_control	-0.1832218240557701	-1.2580797412927551	6.892230576441103
low_clip_control	-0.1844245711374274	-0.2812861103900164	15.161086544535692
low_clip_control	-0.1844245711374274	-1.3089074541181605	7.899461400359067
low_clip_control	-0.1844245711374274	-1.8195909478676744	10.57014734144779
low_clip_control	-0.1852394229189819	-0.0968451730093683	7.57002271006813
low_clip_control	-0.1854135087113199	-0.8849235814407402	14.735980352026198
low_clip_control	-0.1854231621062186	-1.7558199409025812	10.554885404101327
low_clip_control	-0.1856246502646235	-0.2811552477620625	9.251101321585905
low_clip_control	-0.1857914069013334	-1.0487202284697372	8.884940026654819
low_clip_control	-0.1861900558050965	-0.6681758689701376	8.092854861037164
low_clip_control	-0.1864131242308813	-2.1305087161678977	11.87335092348285
low_clip_control	-0.1864131242308813	-2.1248870613037183	6.840796019900497
low_clip_control	-0.1867685116057266	-0.6248526107796467	9.10643141718839
low_clip_control	-0.1870855526004952	-1.4390098885339673	8.919722497522299
low_clip_control	-0.1883035307571668	-1.3060319180736075	7.2311639841380915
low_clip_control	-0.1888114607889466	-2.246741429597104	14.647137150466046
low_clip_control	-0.1896953835170004	-0.600189947676084	5.368472425573451
low_clip_control	-0.1911878770058936	-0.9898554803369026	7.004532344458179
low_clip_control	-0.1926450779423958	-2.22554355846302	9.552757273122015
low_clip_control	-0.1926450779423958	-0.3036763903311396	8.907641819034223
low_clip_control	-0.1926450779423958	-0.2908078078499442	10.20408163265306
low_clip_control	-0.1926450779423958	-1.648777379643871	13.559969442322384
low_clip_control	-0.1926450779423958	-1.7317227243158142	7.974481658692184
low_clip_control	-0.1936039979118228	-0.7289137727808219	10.21566401816118
low_clip_control	-0.1937017651945642	-1.8106637147668907	23.75419571391686
low_clip_control	-0.1940106199666254	-0.6873448835347555	7.7619663648124195
low_clip_control	-0.194816176984023	0.2553348810028966	8.166598611678236
low_clip_control	-0.19546009354945	0.0157427365457469	10.480182926829269
low_clip_control	-0.1955951744803236	-1.2234198347432923	9.171075837742505
low_clip_control	-0.1957870647542784	-1.397717112424184	11.7096018735363
low_clip_control	-0.1963972128035035	-1.21978120787991	11.380215932302306
low_clip_control	-0.1965180870896022	-1.1288249137878532	7.087172218284904
low_clip_control	-0.1966293252713661	-1.7630057336248002	13.089906992766103
low_clip_control	-0.1969155153206244	-0.5069264834718691	5.698005698005698
low_clip_control	-0.1970368470595536	-0.3744352136889929	23.214285714285715
low_clip_control	-0.1978067830581748	-0.6353303768902849	11.91546762589928
low_clip_control	-0.1987942199318315	-1.134947511832863	10.122921185827911
low_clip_control	-0.1998145733612381	-1.487237226499959	11.164274322169058
low_clip_control	-0.2001137488462458	-1.296650515713766	10.736764161421696
low_clip_control	-0.2007821273807342	-0.3865943726531857	11.015911872705018
low_clip_control	-0.2016338611696505	-0.2490872880018683	10.048510048510048
low_clip_control	-0.2016338611696505	-1.730539325006773	7.263922518159807
low_clip_control	-0.2016338611696505	-2.7197310567498523	6.7658998646820026
low_clip_control	-0.2016338611696505	-0.7900217490372484	5.53213909378293
low_clip_control	-0.2016338611696505	-1.4633101037531682	10.822510822510822
low_clip_control	-0.2019030458034921	-1.29295206201018	12.338062924120914
low_clip_control	-0.2022880810678969	-1.7260985429273794	7.288629737609329
low_clip_control	-0.2025339516891591	-0.7246217539452298	13.5
low_clip_control	-0.2028168829996871	-1.205702960965503	8.941344778254651
low_clip_control	-0.2028168829996871	-0.4604804700400107	15.906680805938493
low_clip_control	-0.2032835983887433	-0.5295039792867836	7.132018209408194
low_clip_control	-0.203533394085132	-1.5619748401897664	13.469119579500658
low_clip_control	-0.203533394085132	-1.0966695531023465	11.781609195402298
low_clip_control	-0.2037133148985957	-0.4551227391329825	6.600660066006601
low_clip_control	-0.2040756587188001	-0.7603240364173299	10.832383124287343
low_clip_control	-0.2043584985061862	-1.033203214390393	8.264462809917356
low_clip_control	-0.2047246492735733	-0.8979300975584126	7.763221737020864
low_clip_control	-0.2050103431082115	-1.6296825678337024	14.714537963507944
low_clip_control	-0.2053841897730735	-0.9842615455827348	7.379065318393003
low_clip_control	-0.205790453999318	-0.7142230727417364	16.901408450704224
low_clip_control	-0.2058361799545525	-1.4394491948559165	9.329187027987562
low_clip_control	-0.2064508774674263	-0.7182290315846203	6.2061521856449
low_clip_control	-0.2064508774674263	-1.008194190175308	10.107816711590296
low_clip_control	-0.2064508774674263	-1.7216988375128957	6.849315068493151
low_clip_control	-0.2064508774674263	-0.2134036381091932	8.468834688346883
low_clip_control	-0.2064508774674263	-0.7604938289380565	11.038635223281483
low_clip_control	-0.2067661861870486	-0.7841720014794213	9.604829857299672
low_clip_control	-0.2073249732475062	-1.608702221790427	11.238132144933152
low_clip_control	-0.2078048851134016	-0.8453598183439687	3.796867584243
low_clip_control	-0.209176801832284	-0.5433601348070736	16.014234875444842
low_clip_control	-0.2096138166151452	-0.772629809959229	14.538558786346398
low_clip_control	-0.2110463662533858	-0.6582707739502177	10.467980295566502
low_clip_control	-0.2110548774021671	-0.4932071039756499	6.041222459132907
low_clip_control	-0.2112972227038055	-1.560239616562062	10.38604742308446
low_clip_control	-0.2115041051937117	-1.4460643948994685	10.21059349074665
low_clip_control	-0.2118648691468017	-1.118507482470262	11.490479317137227
low_clip_control	-0.2129278844275862	-1.481576918122634	12.170889220069547
low_clip_control	-0.2141248053528475	-0.2548482689598794	7.78642936596218
low_clip_control	-0.2141248053528475	-0.8620549475424446	7.696007696007697
low_clip_control	-0.2141248053528475	-0.7391334308489161	9.42211055276382
low_clip_control	-0.2141248053528475	-1.0395283641866373	9.030704394942806
low_clip_control	-0.2148092499173837	-1.5021499526722573	7.410296411856475
low_clip_control	-0.2148092499173837	-1.5428305594843348	13.35940045617465
low_clip_control	-0.2148324300236029	-0.4511534657232798	14.563106796116504
low_clip_control	-0.2150128909708503	-0.8787511986394495	3.667481662591687
low_clip_control	-0.2156277432863801	-1.5885915246602835	14.819205690574984
low_clip_control	-0.2173473494751801	-0.911909741179348	9.202453987730062
low_clip_control	-0.2174769309223313	-1.5556191220871662	16.206261510128915
low_clip_control	-0.2184235191335023	-1.1210943902877717	6.257822277847309
low_clip_control	-0.2185707103840395	-1.1794906095924842	12.222222222222223
low_clip_control	-0.2195663772576846	-1.4084926203920594	16.424751718869366
low_clip_control	-0.2210664147716942	-0.6914239669554878	12.285012285012284
low_clip_control	-0.2212340952678892	-0.906289597873983	5.803298717165546
low_clip_control	-0.2215151363955269	-0.210990772048774	6.134969325153374
low_clip_control	-0.2217209318940771	-1.4961197501921206	21.73256866888017
low_clip_control	-0.2218569991588832	-1.1269080260915456	10.984182776801406
low_clip_control	-0.222392421336448	0.018859027251316	9.199318568994888
low_clip_control	-0.222392421336448	-0.8275328039952344	12.09469891919712
low_clip_control	-0.222392421336448	-0.3125902303080261	7.377979568671964
low_clip_control	-0.222392421336448	-1.2201506850637456	15.525758645024702
low_clip_control	-0.222392421336448	-1.0496248006392637	11.023407729994556
low_clip_control	-0.2231837521980509	-1.4904859505363957	8.652842011039834
low_clip_control	-0.2234382314879988	-1.101823662122901	10.617760617760617
low_clip_control	-0.2241233094155639	-1.0167698391808389	13.076923076923077
low_clip_control	-0.2247062871746944	-0.0444943099929524	12.83422459893048
low_clip_control	-0.2249663650002743	-1.1426043954428005	11.2599495243642
low_clip_control	-0.2256809913514242	-0.4318489299608124	10.404624277456648
low_clip_control	-0.2258814074163277	-1.7858893317169455	7.760532150776053
low_clip_control	-0.2267708618470223	-1.2772627667602017	10.596026490066226
low_clip_control	-0.2275174535143154	-0.564470556464224	15.151515151515152
low_clip_control	-0.2277357424107576	-1.784199174684328	10.815487778498811
low_clip_control	-0.2294818461227673	-0.9605713997664108	14.653865588681152
low_clip_control	-0.2299098502914153	-1.1369021681401783	11.31770412287793
low_clip_control	-0.2304590488771365	-1.0225965906087298	14.077425842131724
low_clip_control	-0.2312487722969551	-1.2523156748721007	6.190476190476191
low_clip_control	-0.2313255461064556	-1.0097874165395604	15.32567049808429
low_clip_control	-0.2314565037646847	-1.7594915598677097	8.419441255262152
low_clip_control	-0.232362710091376	-1.7000261844320408	7.633587786259541
low_clip_control	-0.2324111771614388	-0.5593596748624681	11.862917398945518
low_clip_control	-0.232660756790275	-0.5888730897235743	15.517241379310343
low_clip_control	-0.232660756790275	-1.0179219079972626	12.154696132596683
low_clip_control	-0.2336723462024507	-0.717922311506045	8.983111749910169
low_clip_control	-0.2344652536370229	-0.2630344058337938	14.74604041507373
low_clip_control	-0.2344652536370229	-0.1343492288811752	6.67693888032871
low_clip_control	-0.2344652536370229	-0.5729499830191764	7.874015748031496
low_clip_control	-0.2356282484931421	-1.0038981246112082	27.99552071668533
low_clip_control	-0.2358129370987695	-0.8294118429308012	8.424182358771061
low_clip_control	-0.2359291756711958	-0.6074747997691128	13.138686131386862
low_clip_control	-0.2360673582335244	-0.3352288026941363	14.78494623655914
low_clip_control	-0.2361661594279809	-0.5010032282777735	15.20158625247852
low_clip_control	-0.2374993137266562	-0.9774951084803776	7.050943063634761
low_clip_control	-0.2374993137266562	-0.5932707611537992	14.367816091954024
low_clip_control	-0.2382701658404527	-1.7070980211757774	9.968847352024923
low_clip_control	-0.2391876638794261	-1.3404197220862362	12.028869286287089
low_clip_control	-0.2391876638794261	-1.7317625505369516	16.324381253291207
low_clip_control	-0.2393383133904373	-1.3638974474435337	10.399334442595674
low_clip_control	-0.2410080995037949	0.1030934929641034	11.308068459657704
low_clip_control	-0.2410080995037949	0.0878727560253347	5.931198102016607
low_clip_control	-0.2410080995037949	-0.7826813118874238	9.603340292275574
low_clip_control	-0.2410080995037949	-2.9693777818585385	12.326656394453003
low_clip_control	-0.2410080995037949	-1.9584990127735613	6.684491978609626
low_clip_control	-0.2414782624673463	-1.6762240200091152	6.3145809414466125
low_clip_control	-0.2417577462033789	-1.453078448916394	15.904572564612325
low_clip_control	-0.2418517808383002	-0.8230143957111621	8.8638195004029
low_clip_control	-0.2422009024166282	-1.4940761523837351	9.831460674157302
low_clip_control	-0.2426553252289538	-1.4382106532457102	12.606005042402018
low_clip_control	-0.2434055990848612	0.1395106503257992	8.144020574367767
low_clip_control	-0.2438347588097024	-1.356078388024653	7.560337307356789
low_clip_control	-0.243846159007576	-0.8063379369309791	10.448171569975251
low_clip_control	-0.2446009168030194	-1.0873078747108107	8.130081300813009
low_clip_control	-0.2447025830615365	-1.3217904536198493	14.153511159499184
low_clip_control	-0.2448518718687214	-0.7113627373081077	9.9009900990099
low_clip_control	-0.2451124978365314	-0.7821992916575304	8.521516829995738
low_clip_control	-0.2451124978365314	-1.3684706808243925	8.99685110211426
low_clip_control	-0.2456354218485232	-1.4816991650422058	11.986997155627792
low_clip_control	-0.2461605872693976	-0.7078774345980037	7.314099959366111
low_clip_control	-0.2461605872693976	-0.9277522235765432	7.166482910694598
low_clip_control	-0.24619454621913	0.337744800719104	3.8535645472061657
low_clip_control	-0.2466399675831252	-0.1095176605510713	4.277566539923955
low_clip_control	-0.2469147404705169	-0.2298675418985946	15.182186234817811
low_clip_control	-0.2479275134435855	-0.4753731625063189	13.60706612556696
low_clip_control	-0.2479275134435855	-1.106915203916512	7.265774378585086
low_clip_control	-0.2479275134435855	-0.3719759864105901	7.18816067653277
low_clip_control	-0.2479275134435855	-0.7382809043728799	9.90916597853014
low_clip_control	-0.2480257394889604	-0.547540026330044	8.150328277111162
low_clip_control	-0.2482184087043531	-0.6514786882640264	12.131715771230503
low_clip_control	-0.2495247024419389	-1.7060050798063102	20.080321285140563
low_clip_control	-0.2497200525529131	-0.5726422290852883	11.331971019877392
low_clip_control	-0.2499782530083474	0.0152667566533102	7.396449704142012
low_clip_control	-0.2503233540842399	-1.592100603535009	10.95100864553314
low_clip_control	-0.250543461650597	-0.3289027998761115	7.131537242472267
low_clip_control	-0.250543461650597	-0.8087924232277764	17.716535433070867
low_clip_control	-0.2510777684169056	-1.8656913515141	11.156782149148562
low_clip_control	-0.2510998576403159	-1.3830740927256977	8.955223880597016
low_clip_control	-0.2515387669959644	-0.7183344363315618	8.67976244860667
low_clip_control	-0.2520632880127907	-0.32634170272514	10.833022039596564
low_clip_control	-0.2523871616342854	-1.137494333468079	9.45945945945946
low_clip_control	-0.2525420320161515	-1.0847804201970197	7.880910683012259
low_clip_control	-0.253756592245783	-1.6541890870853355	9.75975975975976
low_clip_control	-0.2546951049210644	-0.6666771505125255	7.550335570469799
low_clip_control	-0.2548138990288253	-1.4710953794223116	9.229534510433387
low_clip_control	-0.2548138990288253	-1.4863986662375668	9.5068330362448
low_clip_control	-0.2560139781560215	-0.8514817261684533	12.39504198320672
low_clip_control	-0.2568330666654775	-1.2813089733619116	11.148561057816956
low_clip_control	-0.258818051032724	-1.2990099106654938	12.237762237762238
low_clip_control	-0.2599681027860103	-0.1213951075146536	7.503410641200546
low_clip_control	-0.2599756041446042	-1.7378566596355989	16.190690353047
low_clip_control	-0.2600628393025029	-0.8966147587960976	8.740204942736588
low_clip_control	-0.2608665691510836	-2.342755002690004	15.246188452886775
low_clip_control	-0.26104585274034	-0.9173577767735468	7.057163020465773
low_clip_control	-0.2612653129807382	-2.065993655964621	11.337164155924832
low_clip_control	-0.2615165781915405	-1.4046558869608048	7.783815538258187
low_clip_control	-0.2625683437910105	-1.8174320723265387	15.53980370774264
low_clip_control	-0.2630344058337938	1.8690393221168369	7.0298769771529
low_clip_control	-0.2630344058337938	-1.1379146065396912	4.68384074941452
low_clip_control	-0.2630344058337938	-1.095347876587481	8.138020833333334
low_clip_control	-0.2630344058337938	-0.9769163868869588	13.294797687861273
low_clip_control	-0.2630344058337938	-0.4020984435713456	8.71459694989107
low_clip_control	-0.2630344058337938	-0.4378804706287619	5.235602094240838
low_clip_control	-0.2630344058337938	-1.617877123193891	11.483940427059036
low_clip_control	-0.2630344058337938	-0.5443205162238103	9.1478093403948
low_clip_control	-0.2630344058337938	-1.5090136474878575	10.08533747090768
low_clip_control	-0.2630344058337938	-2.900464326449085	10.575016523463317
low_clip_control	-0.2630344058337938	-1.358453970912476	10.793650793650794
low_clip_control	-0.2640195168593617	-0.480832056315996	14.9195131527287
low_clip_control	-0.264115481224125	-1.4240573784102355	11.805555555555555
low_clip_control	-0.2656598752406172	-0.9705629776988736	6.557377049180328
low_clip_control	-0.2665149745687556	-1.208769137472473	9.322560596643878
low_clip_control	-0.2666010208539862	-2.439033958432031	10.827197921177998
low_clip_control	-0.2666456593861727	-1.1948243298531958	8.977900552486188
low_clip_control	-0.267933205246633	-0.9994292007676724	7.952796305797845
low_clip_control	-0.268290131285289	-0.9017268192944382	8.009858287122611
low_clip_control	-0.2683384376937209	-1.5467402499381124	10.616578195181708
low_clip_control	-0.2684888359259018	-1.4253454876205645	13.937282229965156
low_clip_control	-0.269186632815389	-0.4727692639428243	8.204480908804038
low_clip_control	-0.269186632815389	-1.0421483729719343	11.342155009451796
low_clip_control	-0.269344577715562	-1.6611312608567312	11.908137227105188
low_clip_control	-0.2700891633677443	-1.19960902569216	6.53433608679571
low_clip_control	-0.2700891633677443	-1.0509369652252256	12.02843083652269
low_clip_control	-0.2704913442034515	-1.0086184452944882	11.510791366906474
low_clip_control	-0.270647589943669	-1.2484034320348552	11.668372569089048
low_clip_control	-0.2713020218173942	-1.1860664891881545	10.766721044045676
low_clip_control	-0.271618252054489	-1.7624762855631393	9.04109589041096
low_clip_control	-0.2718046154615259	-1.583591315011705	6.538084341288003
low_clip_control	-0.2718046154615259	-0.6980247309625144	6.197854588796186
low_clip_control	-0.2720231890610484	-1.0086871255624557	10.852713178294572
low_clip_control	-0.2722235772884543	-1.6985960181574038	10.6312292358804
low_clip_control	-0.2723722704131299	-0.7734845341407965	28.98550724637681
low_clip_control	-0.2724594186230626	-0.9777630160923227	8.347978910369068
low_clip_control	-0.2729462892543331	-1.1862027185036108	8.996539792387544
low_clip_control	-0.2730184944064159	0.2812033134637756	8.535336292249914
low_clip_control	-0.2730184944064159	-0.8769495628752632	8.390541571319604
low_clip_control	-0.2730184944064159	-1.399710863314556	8.022322985699336
low_clip_control	-0.2733763500552529	-1.2446346652503175	8.458390177353342
low_clip_control	-0.2735014048848626	-1.1922531583939562	11.716461628588169
low_clip_control	-0.2736816500333024	-1.5339652208973358	13.299556681443953
low_clip_control	-0.2736816500333024	-1.6912293193677117	10.548523206751057
low_clip_control	-0.2737608124268523	-0.4456730947036976	5.134788189987162
low_clip_control	-0.2738435422042267	-1.7342722059268365	12.043924902585902
low_clip_control	-0.2745383779522444	-1.7392423341956973	13.66982124079916
low_clip_control	-0.2748598412305834	-1.464137129069068	11.910433539780849
low_clip_control	-0.2756344426134273	-0.0655883416275768	9.67982129560685
low_clip_control	-0.275941889613182	-1.1385157357438545	17.475728155339805
low_clip_control	-0.2772282874165481	-1.5122104654746384	10.669456066945608
low_clip_control	-0.2783011624871043	-0.6579209720592022	14.37699680511182
low_clip_control	-0.2785641041273982	-1.048219781788528	10.095238095238097
low_clip_control	-0.2787602357309887	-0.8493213243114144	12.03079884504331
low_clip_control	-0.2788593729954764	-1.1291247085866911	7.340753019180677
low_clip_control	-0.2791150113483892	-0.9289023506060984	17.996870109546165
low_clip_control	-0.2793823999212775	-2.014188122315366	11.89767995240928
low_clip_control	-0.2795225286223628	-0.7417319580747115	7.049345417925478
low_clip_control	-0.2795661297236819	-0.6743406528008327	8.080808080808081
low_clip_control	-0.2801079191927353	0.4525122046975064	10.833169194406146
low_clip_control	-0.2801079191927353	0.0072116873032376	12.325390304026294
low_clip_control	-0.2801079191927353	-0.0465425859370303	10.05429318318922
low_clip_control	-0.2801079191927353	-0.4151985053658242	18.36969001148105
low_clip_control	-0.2803271904205894	-1.4317622629045157	9.52154248988336
low_clip_control	-0.2817082466345776	-0.2709468016553292	15.384615384615383
low_clip_control	-0.2817709684153795	-1.2410754359162606	11.452682338758288
low_clip_control	-0.2817709684153795	-0.5929306003033388	9.467455621301776
low_clip_control	-0.2821762995339644	-0.7879260605800829	11.404366243075922
low_clip_control	-0.282399730700725	-0.5161236243931582	14.99605367008682
low_clip_control	-0.2827492510196761	-1.4504758968650324	10.819165378670789
low_clip_control	-0.2829339632714988	-2.2145303035634774	12.511443393347571
low_clip_control	-0.2835817832378794	-1.6444539503139948	13.157894736842104
low_clip_control	-0.2837929660005913	0.4342994014394767	7.556675062972292
low_clip_control	-0.2837929660005913	-1.6164026199368875	7.663922793074085
low_clip_control	-0.2839645145896543	-1.765434580234804	8.064516129032258
low_clip_control	-0.2843030225874451	-1.2157314172339666	8.33664152441445
low_clip_control	-0.2846572175335892	-2.004158407032256	13.415315818893236
low_clip_control	-0.2863041851566411	0.2116221685649187	11.583011583011585
low_clip_control	-0.2863041851566411	-0.4023112952864737	7.077856420626896
low_clip_control	-0.2867134023033044	-1.6037853430860292	13.403072899640406
low_clip_control	-0.288548970269089	-1.3153220007357729	13.591338401290026
low_clip_control	-0.2895066171949848	-0.0767870990895484	6.781750924784217
low_clip_control	-0.2895066171949848	-1.500767373304728	9.433962264150942
low_clip_control	-0.2895066171949848	-1.2815703572712216	7.121661721068249
low_clip_control	-0.2895066171949848	-0.8157917592062438	13.306451612903224
low_clip_control	-0.2895066171949848	-1.1503915875418875	7.886435331230284
low_clip_control	-0.2895066171949848	-1.7609566727413115	11.20162932790224
low_clip_control	-0.2895066171949848	-1.9354597478052893	14.8975791433892
low_clip_control	-0.2895066171949848	-1.2791532805785175	12.163129024564752
low_clip_control	-0.2895066171949848	-0.968291140272662	12.568555758683727
low_clip_control	-0.2895066171949848	-0.3145975981578153	8.62422997946612
low_clip_control	-0.2902558745688181	-1.107195793813809	9.792401096748922
low_clip_control	-0.2902656307812881	-1.9438069293851623	17.02127659574468
low_clip_control	-0.2917661243771099	-1.009898461066238	9.452411994784876
low_clip_control	-0.2926722924514276	-0.9486203010177908	8.234519104084322
low_clip_control	-0.2927817492278458	2.5443205162238103	10.24590163934426
low_clip_control	-0.2927817492278458	-0.6363273641681335	13.21003963011889
low_clip_control	-0.2927817492278458	-1.5179982601723312	6.672226855713094
low_clip_control	-0.2935739867931766	-1.1888319586367335	17.64425369575584
low_clip_control	-0.2943560168563807	-1.3744950551025517	10.4419168375909
low_clip_control	-0.2949049211208158	-0.6760943252628185	15.58846453624318
low_clip_control	-0.2954558835261713	-1.0716813325643344	19.23076923076924
low_clip_control	-0.2954558835261713	-1.5078777386353293	12.42871764877906
low_clip_control	-0.2954558835261713	-0.9331119290931672	11.086474501108649
low_clip_control	-0.2954558835261713	-1.097297201354915	11.780821917808218
low_clip_control	-0.2955048590007034	-1.8157914399208688	11.715481171548118
low_clip_control	-0.2957758070313939	-1.2485199438796362	9.713835652402206
low_clip_control	-0.2959848276350804	-0.8764390519559938	9.42951438000943
low_clip_control	-0.2965313178218808	-0.7661793516405605	14.78743068391867
low_clip_control	-0.2967175320900825	-0.4337715168210138	6.532663316582915
low_clip_control	-0.2983412745697465	-1.1834311878422474	16.086793864571643
low_clip_control	-0.2992902912076307	-0.7386708788561014	9.486999297259311
low_clip_control	-0.2995602818589078	-2.242639185082723	8.288928359976317
low_clip_control	-0.2995602818589078	-0.0317088597273381	5.32319391634981
low_clip_control	-0.2995602818589078	-1.6659990728120626	9.24214417744917
low_clip_control	-0.3010813099817581	-1.931752581832063	24.945770065075923
low_clip_control	-0.3011154130226279	-0.847496713077702	10.714285714285714
low_clip_control	-0.3017055536904646	-1.2085033995582293	7.499464323976859
low_clip_control	-0.3018903416508173	-0.4147627263914522	29.97601918465228
low_clip_control	-0.302269569116894	-1.2640988041147312	10.504201680672267
low_clip_control	-0.3023607260398631	-1.451541640323416	9.635036496350365
low_clip_control	-0.3025627700204312	-1.6400243281836977	15.60758082497213
low_clip_control	-0.3036763903311396	-1.8236808524281	8.138351983723295
low_clip_control	-0.3048545815284209	-1.550736945997323	12.091898428053204
low_clip_control	-0.3048545815284209	-1.0510741845942693	10.638297872340424
low_clip_control	-0.3054130081043456	-0.2362393441779114	10.65830721003135
low_clip_control	-0.305936062119461	-1.4111857490345658	11.165387299371949
low_clip_control	-0.3066613382340519	-1.1312715700384206	6.304176516942475
low_clip_control	-0.307156344257398	-1.9845541633300927	8.602788490062297
low_clip_control	-0.3076674017621926	-1.1483640970910571	5.609573672400898
low_clip_control	-0.3079076245724276	-1.7056280115227669	14.74604041507373
low_clip_control	-0.3081222953623318	0.4909863525121424	12.673081436282564
low_clip_control	-0.3081222953623318	0.148768349845749	13.480392156862743
low_clip_control	-0.3081222953623318	-1.870680857426433	9.017713365539452
low_clip_control	-0.3091688641720209	-1.2557505553463904	22.651006711409394
low_clip_control	-0.3093280581077289	-1.386798794442526	9.113001215066827
low_clip_control	-0.3095972929766429	-0.1259347211354854	9.194970913867516
low_clip_control	-0.3096844991326153	-1.5492177606305129	11.343495214462957
low_clip_control	-0.3102295735034883	-0.8456986132444249	16.210984756835227
low_clip_control	-0.3103401206121506	1.0995356735509143	12.81085154483798
low_clip_control	-0.3103401206121506	-0.9240591123745092	16.53696498054475
low_clip_control	-0.3112016882943039	-0.2439045843337248	6.369426751592357
low_clip_control	-0.3112016882943039	-1.5336294377655553	15.564914850759934
low_clip_control	-0.3115203197706571	-1.813026022916479	10.671256454388985
low_clip_control	-0.3117082525694833	-1.406746331662185	10.721944245889922
low_clip_control	-0.3118466551867375	-0.8456834005478076	6.911217437533227
low_clip_control	-0.3119440063147402	0.4701764609318835	12.21840397098129
low_clip_control	-0.3119440063147402	-0.0052366483661469	3.714710252600297
low_clip_control	-0.3125902303080261	-0.959200124764435	13.782542113323125
low_clip_control	-0.3131578852596302	-0.8436574193753053	6.177606177606178
low_clip_control	-0.3131578852596302	-0.7374504521915692	9.864712514092448
low_clip_control	-0.31392919165381	-1.0729310233892415	9.581881533101043
low_clip_control	-0.3145106233248793	-1.2797983176716965	12.53731343283582
low_clip_control	-0.3153720344417199	-0.8674064045324389	9.184845005740527
low_clip_control	-0.3155018257279293	-1.2308475317748937	6.012506012506012
low_clip_control	-0.315641832039931	-1.4499408068028767	5.46448087431694
low_clip_control	-0.3166723694358671	-1.5461331502807336	19.12442396313364
low_clip_control	-0.3171110785895865	-1.5187766649199594	11.825572801182558
low_clip_control	-0.3179212244308391	-0.6966402577866083	10.355029585798816
low_clip_control	-0.3191774838713276	-1.5229528384457314	8.374183006535947
low_clip_control	-0.3194296665448126	-1.3960425882970458	10.427528675703858
low_clip_control	-0.3198712830533699	-1.7830954756398547	10.846745976207137
low_clip_control	-0.319936797068271	-1.258851715047525	7.407407407407407
low_clip_control	-0.3201992809706113	-1.2309053644551708	11.504047720494247
low_clip_control	-0.3206182484076411	-0.8586011724985322	6.263048016701462
low_clip_control	-0.3207871734827927	-0.6150482269104478	9.561231172233136
low_clip_control	-0.3212553529582268	-1.5803392286474038	10.954018596357152
low_clip_control	-0.3219280948873623	1.1699250014423124	8.756567425569177
low_clip_control	-0.3219280948873623	0.7927673858345577	11.592741935483872
low_clip_control	-0.3219280948873623	0.7754397419808421	6.266318537859008
low_clip_control	-0.3219280948873623	0.4183126313117046	10.790114862513052
low_clip_control	-0.3219280948873623	0.0390998196889405	11.307420494699643
low_clip_control	-0.3219280948873623	-2.411426245726465	13.925380977404098
low_clip_control	-0.3219280948873623	-2.7999753916920063	7.724719101123595
low_clip_control	-0.3219280948873623	-0.6667907050054296	8.152173913043478
low_clip_control	-0.3219280948873623	-1.035103800955916	12.746234067207416
low_clip_control	-0.3219280948873623	-1.1486443232168009	7.9155672823219
low_clip_control	-0.3219280948873623	-1.7632164863579305	5.913476501711796
low_clip_control	-0.3219280948873623	-1.9593580155026544	9.095043201455209
low_clip_control	-0.3219280948873623	-0.0931094043914814	14.03061224489796
low_clip_control	-0.3219280948873623	-1.2289412071653858	20.50405809483127
low_clip_control	-0.3219280948873623	-1.2843138030875847	5.934718100890208
low_clip_control	-0.3230591769060115	-0.5837007478545019	8.81057268722467
low_clip_control	-0.3233736812216269	-1.3861009163552305	6.83526999316473
low_clip_control	-0.3244792804166946	-1.071826623689165	10.660349422564408
low_clip_control	-0.3255035491111896	-1.1417248858469442	11.262596324836988
low_clip_control	-0.3258851215420619	-0.9914172225060256	5.685856432125089
low_clip_control	-0.3268634582605118	-1.1326491685337392	6.046511627906977
low_clip_control	-0.3270531270652297	-1.9618878730829343	15.70210856886496
low_clip_control	-0.3271647432535094	-0.6346174874449245	8.150160533465053
low_clip_control	-0.3273619809379905	-0.9632822889847904	12.3094958968347
low_clip_control	-0.3275746580285044	-0.3525809250893453	11.043622308117062
low_clip_control	-0.3278046612240317	-1.724277009583863	14.044943820224718
low_clip_control	-0.3281600485988769	-0.4265373860288262	8.614501076812635
low_clip_control	-0.3283575461663428	-0.8297553826492691	13.71951219512195
low_clip_control	-0.3286227474613706	-1.2213720720770314	6.077606358111267
low_clip_control	-0.3293076252529598	-0.8170730515473662	12.218963831867056
low_clip_control	-0.3297054454790817	0.2073249732475062	9.395973154362416
low_clip_control	-0.329920885640893	-1.909897777605895	7.8125
low_clip_control	-0.3301486016923309	0.2117451771369395	3.179190751445087
low_clip_control	-0.3318435637524451	-1.051798465800991	8.450704225352112
low_clip_control	-0.3319418835153815	-1.7881547434317908	7.737656595431098
low_clip_control	-0.3328046841379682	-1.515997734318221	9.051929490233444
low_clip_control	-0.3334946295723222	-0.7066977113774967	11.579434923575729
low_clip_control	-0.3339007365534382	-0.6431788830129919	7.829977628635347
low_clip_control	-0.3344190390705592	-0.2517188956026084	7.515822784810127
low_clip_control	-0.3351841915896291	-1.10781183881313	10.014306151645208
low_clip_control	-0.3358672858452362	-1.1582180469154235	9.759271307742356
low_clip_control	-0.3364276645824773	-1.6355248493210943	13.425393172228617
low_clip_control	-0.337695410745679	-1.1808510542311297	6.25
low_clip_control	-0.3388019134517586	-1.0062157945906187	19.876952200662565
low_clip_control	-0.3388019134517586	-0.5641955232094409	9.510869565217392
low_clip_control	-0.3388019134517586	-0.7650075418839186	17.26263871763255
low_clip_control	-0.3398500028846248	-1.8769949925751688	12.954796030871004
low_clip_control	-0.3403849995949234	-1.1360357292994994	9.19963201471941
low_clip_control	-0.3410369178350669	-0.6567350505542285	6.887504099704822
low_clip_control	-0.3410369178350669	-1.6680726263589594	7.922218221101909
low_clip_control	-0.3421059768249927	-1.2864925670613474	9.030231645072634
low_clip_control	-0.34225269654859	-1.2595125295094407	9.26612305411416
low_clip_control	-0.342268543171538	-1.4518455369450514	13.649425287356324
low_clip_control	-0.3427486384719643	-1.8572367584737968	10.017980991523247
low_clip_control	-0.3443345079356419	-1.4475204087684113	10.083549409392106
low_clip_control	-0.3445295238244948	-1.5498755144907446	8.960047003525263
low_clip_control	-0.3445642913303922	-1.2533740236241822	9.498853586636097
low_clip_control	-0.3447279642605002	-1.032005205832238	9.174311926605505
low_clip_control	-0.3451354860486875	-1.3314351806317382	9.001800360072014
low_clip_control	-0.3468027635263916	-1.5279074946064042	19.944598337950136
low_clip_control	-0.3469224743542319	-1.2729491574024667	6.6640010662401705
low_clip_control	-0.3479233034203068	0.7629608026991507	7.718924673941975
low_clip_control	-0.3479233034203068	0.4780472968046442	13.35559265442404
low_clip_control	-0.3479233034203068	-1.4704136635832683	10.510510510510512
low_clip_control	-0.3479233034203068	-1.094842371615937	5.973715651135007
low_clip_control	-0.3479233034203068	-3.2094533656289497	13.716647876738069
low_clip_control	-0.3479233034203068	-1.4759893749793682	6.420878210439105
low_clip_control	-0.3479233034203068	-0.8300749985576876	13.41653666146646
low_clip_control	-0.3479233034203068	-0.7043924502057107	6.727534839019702
low_clip_control	-0.3483370980713263	-0.7446430264221849	10.596026490066226
low_clip_control	-0.3487642798596778	-1.2255963610829628	10.60070671378092
low_clip_control	-0.3502423764817763	-1.213002231019807	3.37609723160027
low_clip_control	-0.3514723705013777	0.1882666374318216	11.3452188006483
low_clip_control	-0.3514723705013777	-0.9626783737942656	10.05586592178771
low_clip_control	-0.3517633244281255	-1.6982322802333345	9.513742071881609
low_clip_control	-0.3519274554242055	-0.8085153979552329	9.714127116291978
low_clip_control	-0.3523017439308811	-1.9868415366444416	9.205983889528191
low_clip_control	-0.3524529619008208	-1.1654738609372208	6.284038542103058
low_clip_control	-0.3527890585921229	-1.0444558046809724	9.80872976949485
low_clip_control	-0.3529009795746921	-1.601263358675102	10.319410319410318
low_clip_control	-0.3548427173600975	-0.9322155150990252	10.06711409395973
low_clip_control	-0.354916506841273	-1.593411690556974	14.154411764705882
low_clip_control	-0.3550949588225616	0.0590091462214817	5.804311774461028
low_clip_control	-0.3565650965593797	-0.7045007331363284	16.587677725118485
low_clip_control	-0.3570699010076194	-0.8424609626094086	9.892086330935252
low_clip_control	-0.3580110187932801	-0.4022015856296428	23.968042609853526
low_clip_control	-0.3584539709124763	-1.606988807051155	8.145363408521304
low_clip_control	-0.3585968049347591	-1.6404667385475435	7.313829787234042
low_clip_control	-0.3587933886392246	-0.0334162103975756	14.75409836065574
low_clip_control	-0.3591842645453265	-0.7359025300623487	6.518010291595197
low_clip_control	-0.3600434674589116	-1.4109733822500397	5.54016620498615
low_clip_control	-0.3609976595659547	-0.8571545326139718	11.235955056179774
low_clip_control	-0.3615551690080732	-0.8606954217721123	6.698564593301436
low_clip_control	-0.3621171850030611	-2.107373475721172	17.474447741510055
low_clip_control	-0.3625700793847082	-3.1458508664634546	8.894818768067601
low_clip_control	-0.3625700793847082	-1.118217852982013	8.097165991902834
low_clip_control	-0.3625700793847082	-1.0037521348611076	9.480222294867604
low_clip_control	-0.3625700793847082	-0.8479969065549502	12.437810945273633
low_clip_control	-0.364572432295856	-1.6244908649077936	15.37958115183246
low_clip_control	-0.3649968167792483	-1.1735152854376316	12.483745123537062
low_clip_control	-0.3653961234634717	-0.9620431104054288	9.16955017301038
low_clip_control	-0.3656494723166802	-1.3129779327458737	8.718626155878468
low_clip_control	-0.3656494723166802	-1.58177778007981	12.751348700343303
low_clip_control	-0.366154416733747	-1.4178382920331043	9.681093394077449
low_clip_control	-0.3663953369376732	-1.410124279581468	6.8807339449541285
low_clip_control	-0.3664275550542222	-1.3745187427730658	7.681053401609363
low_clip_control	-0.3667823306716227	-1.811230866013604	11.7096018735363
low_clip_control	-0.3667823306716227	-1.898774685302297	7.600184246890834
low_clip_control	-0.3670574703770221	-1.5178483048626192	8.512363194162951
low_clip_control	-0.368151111648008	-1.251609833966787	12.336719883889696
low_clip_control	-0.3688673178459178	-0.9126241627099304	10.869565217391305
low_clip_control	-0.3699496097503057	-1.0373650777364665	9.645061728395062
low_clip_control	-0.3703684499451154	-1.4808733408834078	9.026434558349452
low_clip_control	-0.3705338150795638	-0.3432637953310977	6.720430107526882
low_clip_control	-0.3705919599574917	-1.0832152763347205	4.804804804804805
low_clip_control	-0.3708376953683088	-0.8186211444894063	10.942463819272856
low_clip_control	-0.3719687773869579	-1.5008982359326817	14.424584509250549
low_clip_control	-0.3719687773869579	-1.1408790905380235	9.04014889657006
low_clip_control	-0.3721021482673717	-1.238179464327992	10.828976848394325
low_clip_control	-0.3723710344761076	-0.7772721474344021	6.659267480577136
low_clip_control	-0.3725724912681736	-1.350084478738812	9.202453987730062
low_clip_control	-0.3738148365523308	-2.5386688484472213	11.101801424382067
low_clip_control	-0.3755091350922063	-0.5505100464624813	12.173128944995492
low_clip_control	-0.3755091350922063	-1.578011710544897	9.589041095890412
low_clip_control	-0.3755091350922063	-0.9133200468874988	7.751937984496124
low_clip_control	-0.3758669019981659	-1.4365228360578677	11.285038223516564
low_clip_control	-0.3767490145544699	-0.8401290774736884	9.950248756218905
low_clip_control	-0.3774740863223605	-0.8453474712532348	11.19664100769769
low_clip_control	-0.3776769717749166	-0.3108064442239703	9.0702947845805
low_clip_control	-0.3785116232537297	-0.2710742990787147	12.5
low_clip_control	-0.3785116232537297	-0.0947404899704097	13.907826561221707
low_clip_control	-0.3794933824211767	-0.5065483989534844	11.11111111111111
low_clip_control	-0.379588663274554	-1.507539580975232	9.37405503477472
low_clip_control	-0.3802720811181672	-0.6889358176043548	8.549819138441302
low_clip_control	-0.3811515051264338	-1.51342223934958	12.425868398757414
low_clip_control	-0.3820027200350517	-1.1348439312291472	11.484823625922887
low_clip_control	-0.3822475641611743	-0.5760843493747032	9.94288132007616
low_clip_control	-0.3827197790061155	-1.4716284890379203	9.846827133479213
low_clip_control	-0.3828472233129146	-1.116688949294652	12.137823022709476
low_clip_control	-0.3833286395515055	-0.7649059840776319	9.541478929234032
low_clip_control	-0.3833286395515055	-0.1473235725051798	7.135575942915392
low_clip_control	-0.3833286395515055	-0.7189078784553599	12.833168805528134
low_clip_control	-0.3837042924740521	-0.5477862918038121	6.39529859130585
low_clip_control	-0.38414349133306	-0.8597352023777288	14.032300767805136
low_clip_control	-0.38414349133306	-0.1529677842472192	8.48010437051533
low_clip_control	-0.3856243494482962	-1.1028458884521857	8.201763379126513
low_clip_control	-0.386416821339076	-1.1707408406437785	10.83509513742072
low_clip_control	-0.3870035644576164	-1.0518839437148424	6.65983606557377
low_clip_control	-0.3870231231092473	0.1855556531560764	17.22158438576349
low_clip_control	-0.3870231231092473	-1.860794181019064	6.702840727736993
low_clip_control	-0.3870231231092473	-1.2222004112728275	6.987577639751553
low_clip_control	-0.3870231231092473	-1.7016325210539256	18.441196938065413
low_clip_control	-0.3870231231092473	-2.2548138990288256	11.242973141786385
low_clip_control	-0.3870231231092473	-0.9244489669928232	5.73394495412844
low_clip_control	-0.3872390469352717	-1.0634204713205913	10.65619742007852
low_clip_control	-0.3874516676069442	-0.4991028354090628	13.341607198262489
low_clip_control	-0.3878160305438196	-0.6510722154499918	10.598834128245892
low_clip_control	-0.3882705897160584	-1.1209380716101354	14.010923771075753
low_clip_control	-0.3886769127419482	-1.6370477663148306	11.852353538774128
low_clip_control	-0.3888535674751889	-0.2961533286821881	13.477088948787063
low_clip_control	-0.3895668117627255	-0.3389783544517988	12.448132780082986
low_clip_control	-0.3896002853538566	-1.457768980111786	8.843296781039971
low_clip_control	-0.3899465183160133	-1.2247062871746943	5.6772100567721
low_clip_control	-0.3900705837622685	-1.80093560096137	13.644524236983845
low_clip_control	-0.3907899530321666	-0.8229670746902974	7.884362680683311
low_clip_control	-0.3913519690271544	-1.132787288621829	10.83658430862592
low_clip_control	-0.391603111212507	-0.8267525723819805	10.65496709495456
low_clip_control	-0.3918301081175186	-0.7157496783113372	7.380073800738007
low_clip_control	-0.3920065306235029	-1.4208318098375778	6.436955698599015
low_clip_control	-0.3935912235156655	-1.656132593163535	12.228728901136757
low_clip_control	-0.3936638484862769	-0.8654139596323595	4.057709648331831
low_clip_control	-0.3936638484862769	-0.636011215528585	5.793226381461676
low_clip_control	-0.3942789391120463	0.0450878895285378	4.854368932038835
low_clip_control	-0.3944761767965274	-0.8542665843969748	17.6242509693338
low_clip_control	-0.3945318438442022	-1.0120703686798906	8.521516829995738
low_clip_control	-0.3953416979379241	-1.17203019789376	9.040034438226431
low_clip_control	-0.3956276916034238	-0.9607235425453132	13.6986301369863
low_clip_control	-0.3959286763311392	0.2028408450482844	3.415883859948761
low_clip_control	-0.3959286763311392	-0.2814543449002517	12.488436632747456
low_clip_control	-0.3959286763311392	-1.2905506424895885	12.454212454212454
low_clip_control	-0.3966254621649634	-1.728678788009319	14.632405424696644
low_clip_control	-0.3970035764485822	-1.2407369578970189	9.22266139657444
low_clip_control	-0.3970295501280811	-1.038231884462212	14.753046824887749
low_clip_control	-0.3982942354442674	-1.5440078836029472	10.608739580702196
low_clip_control	-0.3997166999950878	-0.2504174338502213	9.216589861751151
low_clip_control	-0.4000204636381205	-1.5481436933751618	17.46724890829694
low_clip_control	-0.400129291982671	-0.6209668105499623	12.859304084720122
low_clip_control	-0.4005379295837287	-1.540568381362703	10.677707561560252
low_clip_control	-0.4005379295837287	-0.1913024189036689	12.5
low_clip_control	-0.4012052260992743	-1.1997484223031414	12.70772238514174
low_clip_control	-0.4013625623817673	-1.7875120680725418	13.022410660205937
low_clip_control	-0.4019219994885856	-0.8490860386629799	14.022140221402212
low_clip_control	-0.4020984435713456	-2.4747795829707337	8.943781942078365
low_clip_control	-0.4020984435713456	-0.1955304689859709	7.218975592987281
low_clip_control	-0.4025465550956469	-0.5336156207209359	5.555555555555555
low_clip_control	-0.4027591695004071	-1.5432084006035296	8.233910267181985
low_clip_control	-0.4030316460186898	-1.3715572374238882	8.719119784097987
low_clip_control	-0.4035418604410143	-1.2741711104563052	4.439511653718091
low_clip_control	-0.4038969416736434	-0.604080940065122	10.071942446043163
low_clip_control	-0.4041491831361075	0.1646410434873986	9.609012591119946
low_clip_control	-0.4042844429819693	-0.9393628634168903	11.137011137011138
low_clip_control	-0.4043902550793353	-1.3503599194898273	11.826042726347914
low_clip_control	-0.4043902550793353	-2.308692267730668	3.993610223642172
low_clip_control	-0.4045293680494922	-2.156884830956133	16.521340064249657
low_clip_control	-0.4045755604602193	-0.7682069895764392	11.532125205930807
low_clip_control	-0.4046639111096984	-1.3125879481261624	10.247855100095329
low_clip_control	-0.4049274716340027	-0.660523813983583	9.70873786407767
low_clip_control	-0.4049838346149209	-0.8565891040009002	10.057738871298191
low_clip_control	-0.4052564784862585	0.0461826373040146	10.980303373330315
low_clip_control	-0.4060487160515892	-0.955503757685644	9.00360144057623
low_clip_control	-0.4066252594626437	-1.9754070802225023	11.94475550578574
low_clip_control	-0.4080847386370768	-1.4197089390027415	6.030150753768844
low_clip_control	-0.4081642369173497	-1.219520736072566	13.805309734513274
low_clip_control	-0.4091949311050126	-1.4618168455614358	13.0718954248366
low_clip_control	-0.4096067601220264	-1.859794398339493	15.916325602546612
low_clip_control	-0.4106920290028796	-1.599280527640898	9.245451834178349
low_clip_control	-0.4120536408400225	-1.1347056294224491	30.63457330415755
low_clip_control	-0.4135019003676186	-0.8884916847830097	14.04816513761468
low_clip_control	-0.4150374992788438	0.3675224808696504	9.503239740820735
low_clip_control	-0.4150374992788438	0.0071750522927032	14.540647719762063
low_clip_control	-0.4150374992788438	-1.106915203916512	7.551240560949299
low_clip_control	-0.4150374992788438	-1.1156232317959414	22.953328232593726
low_clip_control	-0.4150374992788438	-1.3901232093658489	7.957559681697613
low_clip_control	-0.4150374992788438	-1.4306343543298623	5.936073059360731
low_clip_control	-0.4150374992788438	-1.3370349872775706	11.571841851494698
low_clip_control	-0.4150374992788438	-0.946335104115462	10.760667903525048
low_clip_control	-0.4150374992788438	-0.3946844373226763	6.453804347826087
low_clip_control	-0.4150374992788438	-0.0187365625815856	15.22732216663041
low_clip_control	-0.4150374992788438	-3.0163018123291003	16.441573693482088
low_clip_control	-0.4150374992788438	-1.599227466782794	2.0
low_clip_control	-0.4150374992788438	-1.2788593729954767	10.031527658354827
low_clip_control	-0.4162980454847608	-0.1435750180220368	7.6923076923076925
low_clip_control	-0.4176242230297569	-0.5033710626120107	10.37344398340249
low_clip_control	-0.4184043503772425	-1.68392624362399	18.79971077368041
low_clip_control	-0.4186041142990362	-1.4512111118323288	9.345794392523365
low_clip_control	-0.4186041142990362	-1.1080449171224696	11.734506784011735
low_clip_control	-0.4218911703199063	-2.242650941988965	13.385387618516454
low_clip_control	-0.4219902599206108	-0.3574155919655463	12.259194395796849
low_clip_control	-0.4230116885336134	-1.1053162954945122	8.806693086745927
low_clip_control	-0.42449782852791	-1.643417368249431	11.207970112079702
low_clip_control	-0.4250215878514658	-1.394781375360899	14.795474325500436
low_clip_control	-0.425305834732671	-1.0181578041412211	9.906439185470555
low_clip_control	-0.425305834732671	-1.422618866479997	12.060719484300272
low_clip_control	-0.4255298730964862	-0.9355877665849692	9.919177075679649
low_clip_control	-0.4257224574551761	-1.2272634726381642	15.556938394523955
low_clip_control	-0.4257639058719022	-0.8779754540846776	13.583441138421732
low_clip_control	-0.4274212237346761	-1.7393178947641983	7.350975674953221
low_clip_control	-0.4275201299178905	-1.504672486455446	10.624169986719789
low_clip_control	-0.4278615396364273	-2.1633940032319177	12.161223071577483
low_clip_control	-0.4278615396364273	-0.5786562200588758	9.298998569384835
low_clip_control	-0.4283343218923016	-0.6774348015061469	9.263547938860585
low_clip_control	-0.4288432988038742	-1.7243655573865726	10.285179990649835
low_clip_control	-0.4298345012069244	-1.084761197206621	9.121621621621625
low_clip_control	-0.4299878407448153	-0.8554920390599622	11.371884829421727
low_clip_control	-0.4306343543298623	-1.10994289661408	8.004802881729038
low_clip_control	-0.4317162404254741	-0.7310589531994841	13.71951219512195
low_clip_control	-0.4323847428427406	-1.3276890260210246	8.4726867335563
low_clip_control	-0.4330763240913483	-0.9804863263473832	6.41025641025641
low_clip_control	-0.4333228523065934	-1.489679299285065	8.61220472440945
low_clip_control	-0.4333493775557854	-0.4348451331101021	6.958250497017893
low_clip_control	-0.4335507969301708	-1.9523083776757253	11.252813203300825
low_clip_control	-0.4341825485455473	-1.2536075381036016	13.51845085860431
low_clip_control	-0.4344028241457749	-0.9018196060610968	9.27643784786642
low_clip_control	-0.4344852615070663	-1.0381833911974827	8.592910848549947
low_clip_control	-0.435838818001116	-1.7184100472531176	4.186602870813397
low_clip_control	-0.4360991148066735	-1.0450878895285378	11.357183418512207
low_clip_control	-0.436487859150218	-0.9083594859857654	8.186126669538993
low_clip_control	-0.4370638056088427	-0.2585723588504904	7.479102507699076
low_clip_control	-0.4370772655311346	-0.8211218939703587	11.267605633802818
low_clip_control	-0.4372933988491206	-1.8680517300132256	6.211180124223602
low_clip_control	-0.4374053123072982	-0.8200596054010707	6.666666666666667
low_clip_control	-0.438121112391885	-0.6002139157731274	4.3072505384063176
low_clip_control	-0.438121112391885	-1.1498872482057674	10.21753460777851
low_clip_control	-0.438121112391885	-0.5542869829708003	14.705882352941176
low_clip_control	-0.438121112391885	-0.58232188356342	16.393442622950822
low_clip_control	-0.4386441122311776	-0.527192086779624	12.079378774805868
low_clip_control	-0.4391116342577015	-0.2509989611176806	10.19367991845056
low_clip_control	-0.4401990632268051	-2.168247368786975	13.309671694764862
low_clip_control	-0.4404623820707076	-1.0950637516597754	6.329113924050633
low_clip_control	-0.4405725913859815	-1.8348215178072167	8.44475721323012
low_clip_control	-0.4405725913859815	-0.6155508205545792	6.017505470459519
low_clip_control	-0.4405725913859815	-1.5019067609935977	10.973451327433628
low_clip_control	-0.4405725913859815	-2.5208321633014403	12.411942301241194
low_clip_control	-0.4405725913859815	-0.7484612330040356	4.592901878914405
low_clip_control	-0.4409777176251684	-1.0554855743231126	7.510729613733906
low_clip_control	-0.4410753601803671	-0.5294828544970992	9.57889029459606
low_clip_control	-0.4417054497409237	-1.8203778149524608	11.961722488038278
low_clip_control	-0.4421057424770144	-1.075676510043732	11.482254697286011
low_clip_control	-0.4427099177633984	-1.1974460642062168	5.397070161912104
low_clip_control	-0.4433013514975651	-0.8246374986527475	12.318840579710146
low_clip_control	-0.4437202539829287	-1.3127896816854432	6.849315068493151
low_clip_control	-0.4443020937840384	-0.9326811256203286	18.57282502443793
low_clip_control	-0.4444569350775825	-0.8077879332887135	12.030075187969926
low_clip_control	-0.4447848426728957	-0.4888450929199085	3.68809272918862
low_clip_control	-0.4447848426728957	-1.3884460125638671	5.380288579114698
low_clip_control	-0.4448382768120855	-1.432992831987575	20.47244094488189
low_clip_control	-0.4449747834329475	-1.6248664172085776	15.032533094009423
low_clip_control	-0.4450434133413699	-1.542587349110039	7.364427583128766
low_clip_control	-0.4454111483223626	-0.806116557139604	13.77232623197762
low_clip_control	-0.4466831258953092	-0.1254076161257856	9.867301803334469
low_clip_control	-0.4474589769712214	0.3364276645824776	4.430379746835444
low_clip_control	-0.4474589769712214	-0.6141088463806724	9.627727856225931
low_clip_control	-0.4474589769712214	-0.5879861553384328	10.025993316004456
low_clip_control	-0.4481738902865885	-0.6340791395831848	3.287310979618672
low_clip_control	-0.4487581171228449	-1.5510990488548726	11.02651614597007
low_clip_control	-0.4493074013635899	-1.205214960231806	9.00900900900901
low_clip_control	-0.4506614090095652	0.4167704665032994	5.031145184475323
low_clip_control	-0.4506614090095652	-0.8596918234559544	14.604810996563574
low_clip_control	-0.4513793463425642	-0.3663044786270474	11.465603190428714
low_clip_control	-0.4525122046975067	2.584962500721156	5.760670332547788
low_clip_control	-0.4525122046975067	-0.3688628119784296	10.455104551045512
low_clip_control	-0.453050825215575	-0.444611593556269	14.803849000740191
low_clip_control	-0.4535116470934795	-1.185177922988057	9.533366783743102
low_clip_control	-0.4541373189677841	-1.2898284726871885	11.941618752764263
low_clip_control	-0.4542588090765623	-0.7420011840635047	10.95290251916758
low_clip_control	-0.4545658634654813	0.091315166745946	5.131128848346637
low_clip_control	-0.4546668748459453	-1.5858449941619512	9.538950715421302
low_clip_control	-0.4553695933140619	-1.1410116564048622	7.832898172323759
low_clip_control	-0.4563782946597434	-0.7935491225325738	12.36446642571809
low_clip_control	-0.4565437840397405	-1.978291566389841	14.074595355383533
low_clip_control	-0.4566384037456168	-0.6142194313976482	7.5
low_clip_control	-0.4584300947922245	-0.7764939583528435	8.635578583765112
low_clip_control	-0.4594316186372972	-1.0518692399206	15.06949524506218
low_clip_control	-0.4594316186372972	-1.0797671146938488	4.948453608247422
low_clip_control	-0.4594316186372972	-1.45126022401905	13.6986301369863
low_clip_control	-0.4594316186372972	-0.4054758861343184	5.043227665706052
low_clip_control	-0.4599499211544181	-0.6888902836013152	10.212588578574405
low_clip_control	-0.4610033532310241	-0.826642851921166	8.18926296633303
low_clip_control	-0.4613311515527787	-1.1560588873186866	11.863035858722029
low_clip_control	-0.461904104316818	-1.5317204794441768	11.45418326693227
low_clip_control	-0.4624435091694025	-1.448314586460801	15.329125338142472
low_clip_control	-0.4624504417536258	-0.9028955749430538	16.44398766700925
low_clip_control	-0.4629719763425458	-1.7387678368001915	14.105201292976783
low_clip_control	-0.4631142890470645	-1.1443246479895468	17.196904557179707
low_clip_control	-0.4634703596417033	-1.6156538060322096	24.584237165582067
low_clip_control	-0.4639470997597902	-1.5767524311729957	11.937059142702116
low_clip_control	-0.4639470997597902	-1.2583119955913906	5.2854122621564485
low_clip_control	-0.4644035765998234	-1.570425831566865	7.633587786259541
low_clip_control	-0.4656635723488118	-0.7552397656350976	8.368200836820083
low_clip_control	-0.4656635723488118	-0.4816746923091342	9.869298479594558
low_clip_control	-0.4668764307984619	-2.050413458665208	12.172284644194756
low_clip_control	-0.4671260104272979	-0.612195140192737	10.56228642435539
low_clip_control	-0.4694852833012202	-1.060695931687554	7.251908396946565
low_clip_control	-0.4698299721192232	-0.4711074939949519	19.53125
low_clip_control	-0.470142098719298	-0.3969119916313939	7.894736842105264
low_clip_control	-0.4727529971351312	-1.8365012677171204	12.289225492998
low_clip_control	-0.4736975345881347	-1.761877173876061	7.705986959098992
low_clip_control	-0.4739311883324124	-0.1204668188602217	10.938399539435808
low_clip_control	-0.4746804457062456	-0.4385534237493293	6.0036543983294175
low_clip_control	-0.4757334309663978	-0.8350086800752757	9.548611111111112
low_clip_control	-0.4764380439429871	-0.5058909297299574	11.373209772535803
low_clip_control	-0.4764380439429871	-1.8026363731550743	11.4305507447177
low_clip_control	-0.4773217775331864	-1.1413558492455416	9.244992295839754
low_clip_control	-0.4775789653475568	-0.6237225995616036	8.139104698483166
low_clip_control	-0.4778536074654408	-1.3828854324723814	9.153318077803204
low_clip_control	-0.4783023927368603	-1.891412435674244	10.0354913719251
low_clip_control	-0.4799929411196137	-1.192618873566068	14.296463506395789
low_clip_control	-0.4799929411196137	-0.7025343799505949	9.430255402750491
low_clip_control	-0.4799929411196137	-0.9607015607520312	7.29068673565381
low_clip_control	-0.4800335684000233	-1.055807672672032	4.753102719831
low_clip_control	-0.4806258409064206	-1.7803373714191244	12.071005917159765
low_clip_control	-0.4810115366822477	-1.4346522599371156	7.381258023106547
low_clip_control	-0.4814163390682011	-2.0834031972324656	14.985590778097984
low_clip_control	-0.4815329110657506	-0.7043735418548798	6.527742907356265
low_clip_control	-0.4823927670806084	-1.3085335656524368	11.122881355932202
low_clip_control	-0.4832557281286145	-1.5989143585020562	24.920802534318906
low_clip_control	-0.4850129138003421	-0.8909850176716533	9.21544209215442
low_clip_control	-0.4854268271702417	1.1770318879365722	10.95290251916758
low_clip_control	-0.4854268271702417	0.3610095653970913	2.4600246002460024
low_clip_control	-0.4854268271702417	0.0007126179650393	17.71117166212534
low_clip_control	-0.4854268271702417	-1.3155018257279296	7.909604519774011
low_clip_control	-0.4854268271702417	-0.5894254789654169	9.669621273166802
low_clip_control	-0.4854268271702417	-1.182591413278473	9.884678747940692
low_clip_control	-0.4893848407389251	-2.0288728677396413	15.32567049808429
low_clip_control	-0.4913118778937754	-0.6632412883666545	18.914473684210527
low_clip_control	-0.491327428609926	-0.8597132097443841	8.782201405152223
low_clip_control	-0.4923963819850835	-0.1927014673594676	8.700380641653071
low_clip_control	-0.493040011280117	-1.3765567575434474	6.150061500615006
low_clip_control	-0.4935394729575615	-1.2548919015181466	9.316770186335404
low_clip_control	-0.4935958866295684	-0.9538805934940924	8.097165991902834
low_clip_control	-0.494264190429419	-1.5088886684917306	13.370332996972754
low_clip_control	-0.494264190429419	-1.8487477153495349	13.489208633093524
low_clip_control	-0.4947646917495779	-1.7916983268446325	10.89822464404992
low_clip_control	-0.4947646917495779	-1.062755824276154	12.857142857142858
low_clip_control	-0.4947646917495779	-1.8667951900307205	17.79513888888889
low_clip_control	-0.49573797320111	-0.8956165727473975	11.896893588896232
low_clip_control	-0.4960440624246339	-1.176389486034095	16.277939747327505
low_clip_control	-0.4964258261194988	-1.0247896855946574	13.0718954248366
low_clip_control	-0.4974996594708167	0.2500953501262957	9.60279353993889
low_clip_control	-0.4987159946249745	-0.9772110776174768	14.823965410747377
low_clip_control	-0.4994110566059428	-0.7443494254544492	6.725297465080186
low_clip_control	-0.499795117458479	-1.5757374812004492	15.334947538337367
low_clip_control	-0.5008982359326817	0.0071750522927035	7.460265974699967
low_clip_control	-0.5018212654209103	-1.0708242655057292	8.474576271186441
low_clip_control	-0.5025003405291831	-3.16349873228288	13.29923273657289
low_clip_control	-0.5025003405291831	-2.793233813812951	7.32922896511287
low_clip_control	-0.5025003405291831	-2.5713244987081945	8.65693791738808
low_clip_control	-0.5029267318551448	-0.6190887493733013	5.398110661268555
low_clip_control	-0.5034326152245577	-1.485039058039863	9.198423127463863
low_clip_control	-0.5042312286082993	-0.2699918180122655	7.596310363537711
low_clip_control	-0.5044725828607883	-0.2304391780777374	8.130081300813009
low_clip_control	-0.5044725828607883	-0.7540659856174042	9.243409791167409
low_clip_control	-0.5052613513224741	-1.6212754119032486	10.781671159029653
low_clip_control	-0.5056400480597504	-1.026119060963882	11.3452188006483
low_clip_control	-0.5061853873370391	-1.7223880008891848	13.045659809332664
low_clip_control	-0.5061853873370391	-1.3829651528983435	11.787193373685888
low_clip_control	-0.5073615235039922	-1.864462361264116	10.78582434514638
low_clip_control	-0.5074391302191026	-1.5815286449760084	9.40623162845385
low_clip_control	-0.5076867872445183	-1.1377783229104412	8.720930232558139
low_clip_control	-0.5083412191182437	-1.7551498342018113	7.135826771653544
low_clip_control	-0.5084191726623098	-0.8191018451860956	16.152716593245227
low_clip_control	-0.5090136474878575	-1.3774403048066737	17.534811758638472
low_clip_control	-0.5092199383355515	-0.4340122143724761	5.161734342739161
low_clip_control	-0.50993179067889	-1.2527623721492025	10.016242555495396
low_clip_control	-0.5101947323191839	0.3885008401706233	10.464355788096796
low_clip_control	-0.5104155473561023	-1.1361405618716245	6.694768162658072
low_clip_control	-0.5107674241970879	-1.1892236804318137	15.062213490504258
low_clip_control	-0.5109619192773794	-1.8462164225503324	10.450313509405284
low_clip_control	-0.5109619192773794	-1.5064003113102924	5.048187241854061
low_clip_control	-0.5115893143909369	-0.7710476988770677	9.313556398758193
low_clip_control	-0.5133395728906478	-1.57550217147209	11.485451761102604
low_clip_control	-0.5145731728297583	0.1175163626935346	11.673151750972762
low_clip_control	-0.5145731728297583	-2.562242424221073	3.82262996941896
low_clip_control	-0.5145731728297583	-1.8594016698272	5.727376861397479
low_clip_control	-0.5145731728297583	-2.3890422907458992	9.421060629083726
low_clip_control	-0.5145731728297583	-0.951284714966972	7.96674748874264
low_clip_control	-0.5145731728297583	-1.511666647887291	12.761020881670532
low_clip_control	-0.5145731728297583	-0.8300749985576876	8.187134502923977
low_clip_control	-0.515838140066336	-0.8828027120185388	7.117437722419928
low_clip_control	-0.516138342542145	-0.9631725540240944	18.06853582554517
low_clip_control	-0.5163982142380849	-1.6873130842539177	10.965837199493883
low_clip_control	-0.5170094723801215	-1.462923679712157	12.14445509747523
low_clip_control	-0.5170584362193525	-1.158681228965269	7.628928898382667
low_clip_control	-0.5178483048626193	-0.4750848829487828	9.039103949695422
low_clip_control	-0.5184670889342495	-1.0932525218005456	7.763975155279503
low_clip_control	-0.5193741590935794	-1.0301619705102525	12.976799056232796
low_clip_control	-0.5203904994250725	0.1420770164891953	9.43040362127499
low_clip_control	-0.5205719134512014	-1.7007439166116043	11.8822576289495
low_clip_control	-0.5209572452367442	-1.6527039021219103	11.260709914320683
low_clip_control	-0.521050736900963	-1.5703404663563112	21.18770516263801
low_clip_control	-0.5215371205795225	-1.6490928381408716	6.514657980456026
low_clip_control	-0.521636565352327	-0.6898677103130584	15.416238437821171
low_clip_control	-0.5224210346524433	-0.6545473831551637	9.807023093957609
low_clip_control	-0.5231922080627917	-1.0768590916952954	10.08533747090768
low_clip_control	-0.523561956057013	-3.1699250014423126	14.327242524916944
low_clip_control	-0.523561956057013	-0.0931094043914814	9.124537607891492
low_clip_control	-0.523561956057013	-1.5043440405128716	11.611030478955009
low_clip_control	-0.5237215550439437	-1.3723891613472894	11.51315789473684
low_clip_control	-0.5260688116675877	0.3066551040212081	8.57449088960343
low_clip_control	-0.5262771581248621	-2.0924299538462177	6.005284650492433
low_clip_control	-0.5263024654118654	-0.5960080059450534	9.234828496042216
low_clip_control	-0.5269541722605098	-1.5075714036302978	12.025316455696204
low_clip_control	-0.5269979430502642	0.3371681898404577	1.0964912280701753
low_clip_control	-0.5272470028648688	-1.2293499720488883	7.70341839191141
low_clip_control	-0.527441740361864	-1.11769309901326	8.968609865470851
low_clip_control	-0.5283789723547887	-1.5806381961246163	15.855039637599091
low_clip_control	-0.5305147166987798	-2.143180146209784	18.173950670705324
low_clip_control	-0.5305147166987798	-1.5448850613458212	12.440758293838863
low_clip_control	-0.5305147166987798	-0.9396745772520332	14.553014553014554
low_clip_control	-0.5310549103026081	-1.3159271921617866	9.586056644880175
low_clip_control	-0.5314469913941544	-0.9377846035543024	8.328375966686496
low_clip_control	-0.5322210386491828	-0.4581062211707296	8.535784635587657
low_clip_control	-0.5324434536717291	-0.971563306072088	13.852242744063323
low_clip_control	-0.5324950808270207	-1.8121750610685392	20.55800293685756
low_clip_control	-0.5330347086772953	-1.1096244911744984	10.76289965178854
low_clip_control	-0.5331712913108742	-1.1139495892004698	8.593396653098146
low_clip_control	-0.5338236517293553	0.5658766595902577	4.535147392290249
low_clip_control	-0.5343364276511882	-2.097217752892639	14.647664291369754
low_clip_control	-0.5343364276511882	-0.9551337970553192	8.333333333333334
low_clip_control	-0.5346191150315164	-1.5900181974204877	7.936507936507936
low_clip_control	-0.5349743648894797	-2.1128903698874635	11.576626240352812
low_clip_control	-0.5360529002402097	-0.1395024990955254	10.29512697323267
low_clip_control	-0.5360529002402097	-1.9248870249023649	11.805859204197638
low_clip_control	-0.5378499048830369	-1.0864975212149086	11.336515513126493
low_clip_control	-0.53830106195703	-1.3588538859024573	6.970260223048327
low_clip_control	-0.5393656342810456	-1.0941495594768331	6.901840490797546
low_clip_control	-0.5405683813627028	0.0721497857558354	9.252120277563607
low_clip_control	-0.5405683813627028	-0.968291140272662	5.76161325171048
low_clip_control	-0.5405683813627028	-0.3838805856301202	9.282178217821782
low_clip_control	-0.5405683813627028	-0.8253607101119204	10.6951871657754
low_clip_control	-0.5405683813627028	-1.591059835633155	6.88298918387414
low_clip_control	-0.5405683813627028	-1.3495043392397872	9.097801364670204
low_clip_control	-0.5413732321734733	-1.0279059965698845	9.153318077803204
low_clip_control	-0.5417093027672722	-2.57550217147209	7.818998502744968
low_clip_control	-0.5425272344007596	-1.628083769280961	13.614262560777956
low_clip_control	-0.5431423250265291	-1.2995602818589078	7.72499034376207
low_clip_control	-0.5435865729256172	-1.324642450410459	12.452107279693486
low_clip_control	-0.5440545571409502	-1.8862188496597203	12.287887653598595
low_clip_control	-0.5443205162238103	-0.7045441164738286	8.811568007230004
low_clip_control	-0.5443205162238103	-1.459286796394862	10.715520221223644
low_clip_control	-0.5443205162238103	-0.1092290697547583	11.780104712041885
low_clip_control	-0.5443205162238103	-0.885828980080689	11.12080244221544
low_clip_control	-0.5444574527756562	0.001538001477727	5.115089514066496
low_clip_control	-0.5459683691052926	-1.0238890503471887	12.01478743068392
low_clip_control	-0.546089609076866	-0.6023325970793034	7.194244604316547
low_clip_control	-0.5462820325570963	0.021448883240679	10.278113663845224
low_clip_control	-0.5474877953024933	0.1290419450017388	10.989010989010987
low_clip_control	-0.5474877953024933	-0.2172307162206692	7.616974972796518
low_clip_control	-0.5474877953024933	-1.1926450779423958	11.658031088082902
low_clip_control	-0.5479586103644801	-1.3227205227850338	11.514104778353484
low_clip_control	-0.5490854643925597	-1.537293233250616	15.762925598991174
low_clip_control	-0.5498342773175544	-1.343803683087225	13.818181818181818
low_clip_control	-0.5501970825604795	-1.7756272145353111	18.73884592504461
low_clip_control	-0.5511741872648727	-0.1987589348647888	10.846745976207137
low_clip_control	-0.551241882877155	-1.2127217406922597	10.057909174032307
low_clip_control	-0.5514099410101296	-1.0100740461745774	18.04123711340206
low_clip_control	-0.5515394991837059	-1.3049580247458157	9.38207699773536
low_clip_control	-0.5525410230287788	-0.7014429152099523	13.386880856760374
low_clip_control	-0.5525410230287788	-1.253969498004467	9.790209790209792
low_clip_control	-0.554002191537711	-0.6661158475069129	10.24428684003152
low_clip_control	-0.5543122878809716	-1.576133395205016	8.425720620842572
low_clip_control	-0.5545888516776374	-0.7178567712185016	7.301490721022208
low_clip_control	-0.5545888516776374	-0.529324387460165	10.579937304075235
low_clip_control	-0.5548005302109037	-0.7705087821472911	10.7424206254476
low_clip_control	-0.5552151573271041	-0.5040425053375887	14.554794520547944
low_clip_control	-0.5553373316118779	-0.2848619957368052	9.950248756218905
low_clip_control	-0.5563933485243852	-0.9175378398080268	11.875309252845126
low_clip_control	-0.5563933485243852	-2.013089999440444	9.978832778953734
low_clip_control	-0.5563933485243852	-2.0372224639561987	9.657320872274145
low_clip_control	-0.5570565041512717	-0.7162808272548858	11.222681630242176
low_clip_control	-0.5571026962601652	-1.2670084822414485	10.427010923535256
low_clip_control	-0.557481764299049	-1.290563923978027	8.449669360764144
low_clip_control	-0.5583927803172535	-0.8358276306613508	9.081383164512747
low_clip_control	-0.5587939350977387	-1.0129603826688724	12.744265080713678
low_clip_control	-0.5594274086140185	-0.1522523248301813	9.189640768588136
low_clip_control	-0.5607149544744789	-0.294997671376201	5.797101449275362
low_clip_control	-0.5611157587667883	-1.048356329358601	13.276686139139672
low_clip_control	-0.561878887608115	-1.2689289038700338	15.925680159256803
low_clip_control	-0.5639008851933265	-1.1403212883974143	7.838745800671893
low_clip_control	-0.5647846187835259	-0.184264580242145	7.643312101910828
low_clip_control	-0.5650305983992843	-1.287793474620099	6.150297905054776
low_clip_control	-0.5662015726124946	-1.3982395108246566	12.602132668605456
low_clip_control	-0.5676479154189872	-1.6712029510619073	15.873015873015872
low_clip_control	-0.5676845092893208	-0.8154762666130365	11.024182076813656
low_clip_control	-0.5686172304497107	-0.1280844477267972	12.953367875647668
low_clip_control	-0.5693656456701377	-1.0206898587671849	11.104256631708822
low_clip_control	-0.5698556083309478	-0.6412699416231102	3.635041802980734
low_clip_control	-0.5705354300858764	-0.6366917254417113	10.861328618337964
low_clip_control	-0.5709998476831086	-2.0125747581516853	10.093457943925234
low_clip_control	-0.5714159688832084	-1.6361026286837494	9.278785322648671
low_clip_control	-0.5715419849588347	-1.2713636858460884	9.02884827130588
low_clip_control	-0.5725082898383594	-1.8687615270385207	15.221707478491066
low_clip_control	-0.5737352452979021	-0.1869781332905994	5.8972198820556025
low_clip_control	-0.5739073122121605	-0.7279410116104001	12.88968824940048
low_clip_control	-0.5739913829001531	-1.3243597813275445	9.92282249173098
low_clip_control	-0.5744318332289868	-2.063574669668462	13.608087091757389
low_clip_control	-0.5746941652673292	-1.193537558664263	13.038548752834467
low_clip_control	-0.5755021714720899	-0.4675910209199262	11.1100823997778
low_clip_control	-0.5756246361418199	-1.080229695648795	11.769321302471557
low_clip_control	-0.5783141247117904	-1.352274015526016	11.348005502063272
low_clip_control	-0.5784930053915985	-0.9818317091072726	11.017686285879966
low_clip_control	-0.5788623011847384	-1.3332051601256691	12.71420674405749
low_clip_control	-0.5791287077299725	-1.1428976694440196	20.0
low_clip_control	-0.5793597944917803	-0.6868942038215187	7.60233918128655
low_clip_control	-0.581170921558782	-2.0767136001586475	9.570855202222909
low_clip_control	-0.5817313794581431	-1.2981382067897096	9.723261032161554
low_clip_control	-0.5849625007211563	0.0413943678473259	11.457670273711011
low_clip_control	-0.5849625007211563	-0.5991107627671269	7.957559681697613
low_clip_control	-0.5849625007211563	-0.8249730336038622	8.84433962264151
low_clip_control	-0.5849625007211563	-1.8465389023470888	15.018125323666494
low_clip_control	-0.5849625007211563	-2.7500217469916524	7.79423226812159
low_clip_control	-0.5849625007211563	-1.0454514261414958	4.552352048558422
low_clip_control	-0.5849625007211563	-1.9893527558004915	16.877637130801688
low_clip_control	-0.5849625007211563	-2.853451336647058	5.473025801407349
low_clip_control	-0.5849625007211563	-1.1283240969755393	13.68421052631579
low_clip_control	-0.5849625007211563	-2.352257704948571	5.9790732436472345
low_clip_control	-0.5849625007211563	-0.1165977573138513	7.154650522839846
low_clip_control	-0.5849625007211563	-0.4244978285279098	7.792930698580574
low_clip_control	-0.5849625007211563	-0.8519013610108661	5.956320317670417
low_clip_control	-0.5849625007211563	-0.8602941911289229	11.522633744855968
low_clip_control	-0.5849625007211563	-1.2166787701420545	13.214146910221531
low_clip_control	-0.58583185599958	-1.448129815838411	16.0
low_clip_control	-0.5866226793173506	-1.947101277682162	21.73913043478261
low_clip_control	-0.5880418936531282	-1.3692212637068035	16.683022571148182
low_clip_control	-0.5895791287915262	-1.370652233824885	16.059957173447536
low_clip_control	-0.5906090638622983	-1.639448019525223	7.698229407236336
low_clip_control	-0.5910370151308406	-0.8903641689783751	18.06083650190114
low_clip_control	-0.5914340689494714	-1.863106710513148	19.83521513579493
low_clip_control	-0.5916262310021669	-1.4217321518528525	16.292134831460675
low_clip_control	-0.5917198668964649	-0.6668024560672817	11.033821060206284
low_clip_control	-0.5930903816045566	0.2556032710135149	6.682258603407952
low_clip_control	-0.5930903816045566	-1.9816357938641227	9.395973154362416
low_clip_control	-0.5939512839484108	-0.3944083252457923	10.974539069359086
low_clip_control	-0.5941370629016661	-1.1074906018902972	13.1551901336074
low_clip_control	-0.5953791166664946	-1.3469628939489868	9.107468123861567
low_clip_control	-0.5961030583263566	-1.976210569813024	10.0
low_clip_control	-0.5961030583263566	-1.1348666909765015	10.87493821057835
low_clip_control	-0.5964060341327704	-1.30907694006754	7.005787389582699
low_clip_control	-0.5969351423872321	-0.9257348252421592	14.285714285714285
low_clip_control	-0.5975625375007898	-0.8663916077520374	11.45374449339207
low_clip_control	-0.5979015564286544	-1.1071670446881756	15.532544378698224
low_clip_control	-0.5994620704162712	-1.1795703488869198	8.949117872666838
low_clip_control	-0.5997435444276781	-1.582326305316014	4.805382027871216
low_clip_control	-0.6003925412907622	-2.0767403583251416	13.257575757575758
low_clip_control	-0.6007298165794727	-1.7708941403863516	8.87705281846427
low_clip_control	-0.6014506235097252	-1.1404210071322292	9.832272990167729
low_clip_control	-0.6026645024546151	-0.2352894153508894	11.744386873920552
low_clip_control	-0.6034526059405447	-1.4822737501637833	17.220172201722015
low_clip_control	-0.603482588691954	-0.8998336038759606	12.055837563451776
low_clip_control	-0.6049655253687802	-1.4241903028726095	13.56907894736842
low_clip_control	-0.6050002539577012	-2.013455897188381	10.425716768027804
low_clip_control	-0.6057210608879536	-0.4574124510006452	20.42900919305413
low_clip_control	-0.6060857922869104	-0.464744942660246	7.778738115816767
low_clip_control	-0.6061977242684873	-1.2546151588639571	5.598320503848845
low_clip_control	-0.6071977191958765	-2.0856890588044017	11.029411764705882
low_clip_control	-0.6076825772212398	-2.0500541424218874	7.675087943716021
low_clip_control	-0.6084214735451452	-0.3079790927178262	5.718954248366012
low_clip_control	-0.6092100469678334	-0.8119849881100891	15.178571428571429
low_clip_control	-0.609657027974185	-1.277217364564037	11.130638547158757
low_clip_control	-0.6102937906777776	-1.1785232371817342	8.455718736092567
low_clip_control	-0.6105883083966507	-1.0566511709611774	12.180267965895249
low_clip_control	-0.6107255967862378	-2.1075496515248213	12.186115214180209
low_clip_control	-0.6108245640331222	-0.7518671217150932	9.2210628488231
low_clip_control	-0.6109577092541006	-1.7360579533430074	8.77742946708464
low_clip_control	-0.6112281554149618	-0.8231222379159209	8.502598016060462
low_clip_control	-0.6120743463383974	-0.3680240426100715	7.303077725612937
low_clip_control	-0.6123957308442687	-0.7051306100698025	7.482014388489209
low_clip_control	-0.6125426310213907	-0.9649710284723628	9.60953655273081
low_clip_control	-0.6129768768907528	-1.4398670716298994	9.45594079758805
low_clip_control	-0.6129768768907528	-1.1887488757339677	14.136904761904765
low_clip_control	-0.6135316529179271	-1.2595417435170535	12.62214983713355
low_clip_control	-0.6147098441152083	-0.2402094861200535	5.061460592913956
low_clip_control	-0.6166713604484944	-0.9098021910284216	3.629764065335753
low_clip_control	-0.6167789479828214	-1.1288044929989984	12.831990450611755
low_clip_control	-0.6168597141325387	-1.8816885023063208	11.89812232757018
low_clip_control	-0.6177524358388256	-1.585522879458397	8.81575080811049
low_clip_control	-0.6190778581555897	-2.2377648124556693	8.502468458584751
low_clip_control	-0.6190951856403022	-1.2046000817794849	12.12733703890854
low_clip_control	-0.6193512262660763	-1.4603310163024028	8.1374321880651
low_clip_control	-0.6197279188818328	-0.4599872493165661	2.6917900403768504
low_clip_control	-0.6201519291834563	-2.08395146375212	8.218154650728428
low_clip_control	-0.6204113367254459	-0.83823919183499	7.41942963134709
low_clip_control	-0.6207125256703581	-1.125186686677028	14.539579967689823
low_clip_control	-0.6214883767462701	1.1768777620840791	7.756748371082843
low_clip_control	-0.6214883767462701	-1.2288441908456953	10.56444310292786
low_clip_control	-0.6214883767462701	-1.8042306437198947	10.95890410958904
low_clip_control	-0.6226329186872112	-0.5559883246472476	10.864197530864198
low_clip_control	-0.6238515141147511	-0.436750880433573	5.657708628005658
low_clip_control	-0.6244908649077935	-1.26693886028971	10.17901017901018
low_clip_control	-0.6244908649077935	-0.2115982265580856	12.77139208173691
low_clip_control	-0.6244908649077935	-1.1710062388764857	2.691065662002153
low_clip_control	-0.6251515908368549	-0.633161514663666	10.404624277456648
low_clip_control	-0.6255256731105975	-0.9103422235104576	8.331163759437647
low_clip_control	-0.6256044852185021	-1.1467761519935369	10.093727469358328
low_clip_control	-0.6261851634476692	0.333871191566261	15.037593984962406
low_clip_control	-0.6265416044725556	-1.213262951549022	9.162717219589258
low_clip_control	-0.6273977670415528	-0.7417588931492736	6.718924972004479
low_clip_control	-0.6274458320426696	-1.504974591355243	10.516252390057362
low_clip_control	-0.6280312226130421	-1.8783055967888	11.26488574187319
low_clip_control	-0.6280312226130421	-1.0478160173850817	8.276533592989288
low_clip_control	-0.6280312226130421	-1.9779736936700008	6.114130434782609
low_clip_control	-0.6280312226130421	-1.4360991148066735	10.550113036925396
low_clip_control	-0.6296315500548845	-1.355272270325383	10.76762764848906
low_clip_control	-0.6300503902496941	-1.1908846200779584	8.205689277899342
low_clip_control	-0.6316935510661473	-0.5375887982230158	13.205282112845138
low_clip_control	-0.632268215499513	-1.7414837355352542	12.066085019491368
low_clip_control	-0.6343505276833197	-1.0689164384925225	14.52020202020202
low_clip_control	-0.6343505276833197	-1.0386937127078242	13.888888888888888
low_clip_control	-0.6352357072023798	-0.6561453644744359	10.211524434719184
low_clip_control	-0.6361165886712593	-0.6387190772026259	9.49796472184532
low_clip_control	-0.636499722438242	-0.5681599040783457	6.528189910979229
low_clip_control	-0.6366072627604817	-1.0622353550665595	11.210762331838565
low_clip_control	-0.6374299206152917	-0.7972436060903152	5.203816131830009
low_clip_control	-0.6382607268812053	-1.2601955287304405	9.133964817320704
low_clip_control	-0.6387337571621369	-0.4251617165525511	10.592389172224404
low_clip_control	-0.6389125150147803	-1.6407679129552295	9.3603744149766
low_clip_control	-0.6402449362223459	-1.125302530495471	10.013908205841446
low_clip_control	-0.6411055787586901	-1.364170099012645	8.351893095768375
low_clip_control	-0.6415460290875236	0.4874987721492163	6.414368184733804
low_clip_control	-0.642843416801656	-1.9540841649446417	4.575048389934893
low_clip_control	-0.6435690577126985	-1.184372047426094	7.162534435261708
low_clip_control	-0.6457165318002526	-1.1502395116773965	12.546125461254611
low_clip_control	-0.6459710619456136	-1.3140742816470872	9.285051067780872
low_clip_control	-0.6462358179906328	-1.0352911094136386	11.453950444132774
low_clip_control	-0.6467058504340525	-1.548627225960465	12.763868433971526
low_clip_control	-0.6476982560691188	-1.6933205903234978	7.11864406779661
low_clip_control	-0.6487563382880819	-1.355800366586397	10.497798848628516
low_clip_control	-0.6506657477719858	-1.540422267695274	16.223776223776227
low_clip_control	-0.6520766965796931	2.5025003405291835	10.23541453428864
low_clip_control	-0.6520766965796931	0.0911478880581954	6.545454545454545
low_clip_control	-0.6520766965796931	-0.7802087256436916	14.557217953902144
low_clip_control	-0.6520766965796931	-2.511405893751076	6.939625260235947
low_clip_control	-0.6520766965796931	-2.343407822297814	9.572072072072071
low_clip_control	-0.6520766965796931	-0.478047296804644	7.890583903208837
low_clip_control	-0.6520766965796931	-0.340228911630306	9.433962264150942
low_clip_control	-0.6520766965796931	-0.7104933828050153	3.970504821327282
low_clip_control	-0.653268514112065	-0.95090703138661	5.828476269775187
low_clip_control	-0.6538243588659605	-0.9523509248918692	6.738544474393532
low_clip_control	-0.6545034339742333	-0.5543326638863092	8.977556109725686
low_clip_control	-0.6567531837891664	-0.1810364123426993	6.849315068493151
low_clip_control	-0.6568554192029418	-1.5861617485382489	12.048192771084338
low_clip_control	-0.6571122864769915	-0.2868811477881615	9.358288770053475
low_clip_control	-0.6571122864769915	-0.954646626739504	8.604206500956023
low_clip_control	-0.6571122864769915	-0.5478433259899373	10.937927262783704
low_clip_control	-0.6575539052879157	-1.5445859493487604	10.61061061061061
low_clip_control	-0.6576078025529222	-0.6128462777112152	6.24512099921936
low_clip_control	-0.6599245584023782	-1.764751437655477	8.845437616387336
low_clip_control	-0.6601499971153753	-1.3641914267952386	12.647312446105202
low_clip_control	-0.6609113539544548	-0.8523229777077068	11.998154130133829
low_clip_control	-0.6611792694822516	-1.952612676664388	9.52781280650133
low_clip_control	-0.6629650127224294	-0.1534099146592956	4.3478260869565215
low_clip_control	-0.6629650127224294	-0.2572366427921737	6.294964028776978
low_clip_control	-0.6652641288120175	-1.5478349616815084	13.150973172014728
low_clip_control	-0.6655809609294407	-0.5104308333001363	6.046863189720333
low_clip_control	-0.6655809609294407	-1.1203088783713575	6.243496357960457
low_clip_control	-0.6659990728120627	-1.6874340083163288	13.157894736842104
low_clip_control	-0.6685908521017524	-1.6660132855924408	9.480337078651688
low_clip_control	-0.6691755046242415	-1.0825153916125074	12.69474899019042
low_clip_control	-0.6693950177352266	-1.6223896383236691	9.276018099547512
low_clip_control	-0.6694587748079297	-1.0467719789441752	7.241606319947333
low_clip_control	-0.6697047009623915	-0.1170576416528259	9.074410163339383
low_clip_control	-0.6712073638148239	-1.1780009985936544	11.394101876675604
low_clip_control	-0.6713772525386293	-1.915111102413487	8.419533317296127
low_clip_control	-0.6713772525386293	-0.4852212747944801	12.180267965895249
low_clip_control	-0.6716168829753382	-1.0393560780919453	9.27536231884058
low_clip_control	-0.6717673282584288	-1.537978728825887	12.432012432012431
low_clip_control	-0.6721144498162381	-1.865966255685888	9.81625975333501
low_clip_control	-0.6721734968035542	-0.3896633094714232	18.21862348178137
low_clip_control	-0.67224282631044	-2.148837188827473	13.553329404832056
low_clip_control	-0.6725218852874141	-1.4517268552011713	7.037126910943946
low_clip_control	-0.6728352567464905	-1.4098408841220356	8.93719806763285
low_clip_control	-0.6765297403042323	-0.9910449391054194	12.634238787113077
low_clip_control	-0.6765929761867244	-1.345673043464836	9.20096852300242
low_clip_control	-0.6767597676498469	-1.683110148762554	6.864161849710983
low_clip_control	-0.6771350563212472	-0.6893101284731028	11.837655016910936
low_clip_control	-0.6773416114797877	-1.83574466570506	8.77808988764045
low_clip_control	-0.6780719051126377	0.2384427136943892	1.194743130227001
low_clip_control	-0.6780719051126377	-1.8851408649144663	9.767092411720512
low_clip_control	-0.6780719051126377	-1.2821534035693558	11.400247831474598
low_clip_control	-0.6780719051126377	-0.8305270436576807	9.762900976290098
low_clip_control	-0.6780719051126377	-1.9475325801058645	8.0953451765235
low_clip_control	-0.6780719051126377	-0.0840642647884744	7.68775872264932
low_clip_control	-0.6780719051126377	-1.1684353833018255	10.946555054732777
low_clip_control	-0.6780719051126377	-1.5389762954469757	15.822784810126585
low_clip_control	-0.6780719051126377	-0.6679934520870868	4.930156121610517
low_clip_control	-0.6783154184967738	-1.1110387764898015	10.707635009310987
low_clip_control	-0.6783636828547362	-1.1612232931420596	18.10613943808533
low_clip_control	-0.6805401607033873	-1.0783427583997276	9.027777777777777
low_clip_control	-0.6807214835265869	-0.7033513135609952	8.370044052863436
low_clip_control	-0.6807214835265869	-1.031615979555648	6.266318537859008
low_clip_control	-0.6827135492447186	-1.9032890356479408	9.254627313656828
low_clip_control	-0.6835263352047458	-0.7025247656032653	5.524861878453039
low_clip_control	-0.6839725065523219	-1.216160555310899	9.171907756813418
low_clip_control	-0.6841379058119916	-0.8005428102493024	17.543859649122805
low_clip_control	-0.6844981742720706	0.1923420225813634	11.039558417663294
low_clip_control	-0.6849039385950629	-0.5194542309704357	8.934828311142256
low_clip_control	-0.6849913190524282	-1.9344680930086724	9.15654164465575
low_clip_control	-0.6868421147403697	-1.19665581618881	7.945516458569807
low_clip_control	-0.6868421147403697	-0.8742218361102682	14.553014553014554
low_clip_control	-0.6880559936852597	-0.7530589447424639	12.575177692728268
low_clip_control	-0.6880559936852597	-1.259396311693124	10.827197921177998
low_clip_control	-0.6884138493340967	-1.006417498922272	8.438818565400844
low_clip_control	-0.6892991605358918	-1.0654003449507945	10.60695344725987
low_clip_control	-0.6897438359191606	-1.438258208618293	9.896324222431668
low_clip_control	-0.6900630607895949	-1.0013833833786732	9.77050670302204
low_clip_control	-0.6918777046376681	-0.7978945928085381	9.405074365704287
low_clip_control	-0.6918777046376681	-0.1224440853715079	7.801418439716312
low_clip_control	-0.6924271980897077	-1.4435108531507463	10.993249758919962
low_clip_control	-0.6925714748077527	-1.671065116007579	10.996563573883162
low_clip_control	-0.693338661765948	-1.1994934731888924	10.15744032503809
low_clip_control	-0.6948204798362523	-1.3805466653795526	5.552128315854411
low_clip_control	-0.6984761253437501	-1.0091061074157344	11.730205278592376
low_clip_control	-0.6997669762119568	-0.4229876273632206	15.32567049808429
low_clip_control	-0.6999052216703082	-1.818155272680332	15.743073047858942
low_clip_control	-0.7004397181410921	-1.0621341366691646	8.196721311475411
low_clip_control	-0.7004397181410921	-0.8579809951275721	6.756756756756757
low_clip_control	-0.7004397181410921	-1.5210937004662637	7.818317200297841
low_clip_control	-0.7004397181410921	-0.4878304101897874	7.208073041806823
low_clip_control	-0.7026140893754292	-1.3349810048184527	15.960374243258116
low_clip_control	-0.7026140893754292	-1.872122532252113	10.4091888011486
low_clip_control	-0.7036069972197752	-1.3979398334570037	12.850773669027014
low_clip_control	-0.7036069972197752	-1.0243890881285262	12.333965844402275
low_clip_control	-0.7042241929686062	-2.516238932322741	13.803680981595091
low_clip_control	-0.7050149699508831	-1.748623722013782	11.114448783418444
low_clip_control	-0.7062687969432897	-1.1662031160091315	10.429447852760736
low_clip_control	-0.7062687969432897	-1.15754127698648	14.022140221402212
low_clip_control	-0.7075218162737241	-1.6607792538277648	10.501750291715286
low_clip_control	-0.7080021111776853	-0.8216800016482414	12.2554289400129
low_clip_control	-0.7089512179966095	-2.2538910848219014	10.5318588730911
low_clip_control	-0.7098719332839311	-1.3305537726576155	10.942760942760945
low_clip_control	-0.710493382805015	1.1025697336405478	12.146892655367232
low_clip_control	-0.710493382805015	-1.169475913488215	10.30368763557484
low_clip_control	-0.710493382805015	-0.0465425859370301	15.252621544327932
low_clip_control	-0.710493382805015	-1.655351828612554	9.854771784232366
low_clip_control	-0.7106734024008228	-1.3611069491004075	8.238636363636363
low_clip_control	-0.7109410771579915	-1.3872355340402682	10.935143288084465
low_clip_control	-0.7116039415321176	-1.2246784122416483	8.727272727272728
low_clip_control	-0.7127180479195288	-1.692765790255671	13.37400281557954
low_clip_control	-0.7132169913935971	-1.314225347535177	9.328968903436987
low_clip_control	-0.7147056340919296	-1.5187425522547608	10.777269758327892
low_clip_control	-0.7150824762677563	-1.410607169986694	9.67379077615298
low_clip_control	-0.7162070339994087	-0.5444500143751551	5.219660722053066
low_clip_control	-0.7162070339994087	-1.2709513804515715	14.950166112956811
low_clip_control	-0.7162070339994087	-0.5343822791676913	8.18274803954995
low_clip_control	-0.7171571130860258	-1.2550368250095891	10.98054324792911
low_clip_control	-0.7172697928252866	-1.669661008951347	18.5356811862836
low_clip_control	-0.7187033877734779	-1.9160080183788004	12.06896551724138
low_clip_control	-0.7188182474559467	-0.7645514258381058	10.036496350364963
low_clip_control	-0.7198920808072649	-0.1870855526004952	17.995169082125603
low_clip_control	-0.7207880862280865	-1.1527904164992795	6.910850034554251
low_clip_control	-0.7208459288029291	-1.4388200586973483	4.791431792559188
low_clip_control	-0.7215355535966002	-0.8213550878486852	14.951321279554936
low_clip_control	-0.7215355535966002	-1.4726304399802042	8.314606741573034
low_clip_control	-0.7219634308269595	-0.9779212463359632	11.518324607329845
low_clip_control	-0.7230264032083323	-1.6536523332409994	13.256206314774644
low_clip_control	-0.7231597946411757	-1.4691067625146474	8.743523316062175
low_clip_control	-0.7236687715527484	-0.8411538819912097	18.34862385321101
low_clip_control	-0.7243655573865726	-0.343676332320121	10.832932113625422
low_clip_control	-0.7243655573865726	-0.2738792679610483	11.319111885067478
low_clip_control	-0.7243655573865726	-1.5786893107746516	13.125
low_clip_control	-0.7245138531199498	-1.903439557718508	12.23615784643622
low_clip_control	-0.7246872643877695	-0.6473050817785777	11.294526498696786
low_clip_control	-0.7248927618656312	-1.2318894489651546	9.583917718560077
low_clip_control	-0.7254239722835151	-1.0735236502924654	6.163328197226503
low_clip_control	-0.7256057320016585	-0.988521560404444	8.363826450601149
low_clip_control	-0.7267698270603177	-1.5408794522750855	11.03129810159056
low_clip_control	-0.7286979781826057	-1.708413801324018	7.174509390166702
low_clip_control	-0.729352410056331	-1.43263128589016	5.3724928366762175
low_clip_control	-0.7299108366322558	-1.5139093273071278	13.008130081300813
low_clip_control	-0.7303929402427201	0.5849625007211564	11.13895850737956
low_clip_control	-0.7307133848538672	-1.4288266744458171	11.997767857142858
low_clip_control	-0.7311832415721999	-1.3554806545983888	16.958424507658645
low_clip_control	-0.7318038890504273	-0.8288518572882467	10.30640668523677
low_clip_control	-0.7319821866519505	-0.9182964280383454	11.352885525070956
low_clip_control	-0.732066794753367	-0.3423125103504303	7.796780684104628
low_clip_control	-0.732243183923803	-1.3381925291220969	13.676212741087085
low_clip_control	-0.7327777972027728	-0.8478919894946385	8.707607699358386
low_clip_control	-0.7328079686925499	-0.7499478343933901	11.058451816745656
low_clip_control	-0.7340183101158694	-1.6744445096081475	10.61865189289012
low_clip_control	-0.7351723123431554	-1.3769884139638984	9.404388714733544
low_clip_control	-0.7356229276747961	-1.2256810635638893	10.089932002632157
low_clip_control	-0.7369655941662062	0.0365258760251138	8.318478906714201
low_clip_control	-0.7369655941662062	-1.1876270031757714	12.048192771084338
low_clip_control	-0.7369655941662062	-0.9595209306449296	10.251903925014648
low_clip_control	-0.7369655941662062	-1.8365012677171204	8.363201911589009
low_clip_control	-0.7369655941662062	-1.2517680006987877	12.134583563154992
low_clip_control	-0.7369655941662062	-1.2150128909708504	8.222932846048424
low_clip_control	-0.7369655941662062	-1.064379228137298	14.29388221841052
low_clip_control	-0.7369655941662062	-0.4405725913859815	9.569377990430622
low_clip_control	-0.7369655941662062	-0.3074285251922473	12.420275260154416
low_clip_control	-0.7369655941662062	-0.2787702324572239	7.708911501695961
low_clip_control	-0.7369655941662062	-0.3325516701117438	10.703363914373089
low_clip_control	-0.7369655941662062	-1.9068905956085185	6.910167818361304
low_clip_control	-0.7369655941662062	-0.5111845745816083	7.054673721340388
low_clip_control	-0.7369655941662062	-2.1367077735693143	15.810276679841897
low_clip_control	-0.738130937558235	-1.4185794313690865	15.855039637599091
low_clip_control	-0.7390856460405756	-1.0247928625016811	13.927576601671309
low_clip_control	-0.7396850955197982	-1.7302448673996915	12.546468401486988
low_clip_control	-0.7415383239560304	-1.4454106788050374	9.98573466476462
low_clip_control	-0.7428421605028755	-0.3660478513562253	5.959849435382686
low_clip_control	-0.7438192652072688	-1.6261306749125124	14.043381535038932
low_clip_control	-0.7453452597821792	-1.6046770204553678	13.84493670886076
low_clip_control	-0.7459195098952199	-1.395987894293819	9.784735812133071
low_clip_control	-0.7478129764031985	-1.1987794736355262	8.207572147206777
low_clip_control	-0.7481277004535063	-1.4719330298576263	11.879378617118489
low_clip_control	-0.7483348249569127	-1.6503308545726538	12.199771254288985
low_clip_control	-0.7484612330040356	-1.9848931076097915	11.538461538461538
low_clip_control	-0.7490384264667812	-0.2681629850331415	16.393442622950822
low_clip_control	-0.7491216564721439	-1.0070547575339504	15.479876160990711
low_clip_control	-0.7491918964994657	-0.5063708415958528	11.786600496277917
low_clip_control	-0.7513208871432763	-1.3708580507102948	8.884243532793311
low_clip_control	-0.7520724865564145	-0.8845809170890029	10.363747205852468
low_clip_control	-0.7525430175416001	-0.9565660018653056	10.884776862074329
low_clip_control	-0.7529071380352277	-0.3952627658457929	13.404825737265416
low_clip_control	-0.7536443353128366	-1.558961919432534	9.90693485439808
low_clip_control	-0.7556368707319603	-1.8639087894151145	10.813148788927334
low_clip_control	-0.7568260165270491	-1.1148242664964167	13.977514433302948
low_clip_control	-0.7571050651814074	-0.6274397317361484	7.570295602018745
low_clip_control	-0.7574296967259218	-1.0529357513512232	8.879023307436182
low_clip_control	-0.7580596258008305	-1.3807984919905538	6.568575932737782
low_clip_control	-0.758991900496205	-1.4747795829707333	12.096774193548386
low_clip_control	-0.760812336120574	-1.0952764807893387	4.646840148698885
low_clip_control	-0.760812336120574	-1.105906678855596	4.743083003952569
low_clip_control	-0.7613320389507215	-1.239527802491234	15.078407720144751
low_clip_control	-0.7618402628052354	0.2276777690913113	6.556580864497329
low_clip_control	-0.7618402628052354	-1.3635071986387617	6.283662477558349
low_clip_control	-0.7643717515068579	-1.8180284235720563	9.838500092816036
low_clip_control	-0.7645119210518689	-0.5154584840315534	13.278388278388276
low_clip_control	-0.765534746362977	-0.2199656839419079	7.133377571333776
low_clip_control	-0.765534746362977	-1.381678902332413	10.221465076660987
low_clip_control	-0.765534746362977	-1.059796155692229	8.209338122113904
low_clip_control	-0.765534746362977	-1.3483140070190167	15.525758645024702
low_clip_control	-0.765534746362977	-1.5090136474878575	16.319639842431062
low_clip_control	-0.765534746362977	-0.3719687773869579	12.276785714285714
low_clip_control	-0.765534746362977	-0.6503385095731802	10.33434650455927
low_clip_control	-0.7656844112877328	-1.0659867638510794	15.348539756981454
low_clip_control	-0.7673392432097249	-1.3619321421464168	9.969325153374232
low_clip_control	-0.7686744538935442	-0.1508288253385042	9.376723662437948
low_clip_control	-0.7705181538772329	-1.2995602818589078	14.231896190874842
low_clip_control	-0.7713756249520375	-1.7026563014019132	11.129296235679217
low_clip_control	-0.7714684415661455	-1.396546573158	10.425020048115478
low_clip_control	-0.7717310123268827	-1.778842234315191	8.77808988764045
low_clip_control	-0.7717310123268827	-1.4046849532809298	10.500138159712629
low_clip_control	-0.7725895038969276	-1.157195428472202	6.948640483383686
low_clip_control	-0.7726332146433484	-2.22330132237815	14.34099704074664
low_clip_control	-0.7737241441763241	-1.075475729875866	11.303692539562924
low_clip_control	-0.7747870596011734	0.0268165819193078	12.679346012679346
low_clip_control	-0.7752937128253057	0.4231653801622441	8.739076154806492
low_clip_control	-0.7767233034039408	-1.2349924581160816	12.302960399846214
low_clip_control	-0.776793186860448	-1.928010319478657	13.925925925925927
low_clip_control	-0.777607578663552	-1.2423109268239945	11.707109408258834
low_clip_control	-0.777607578663552	-0.9289169019385176	5.232029117379436
low_clip_control	-0.777607578663552	-0.8569024597768422	5.368098159509203
low_clip_control	-0.777607578663552	-0.1040705491005673	3.858520900321544
low_clip_control	-0.777607578663552	-1.4223634146072004	8.880994671403197
low_clip_control	-0.7779111441651221	-1.987221910955074	8.491710473109585
low_clip_control	-0.777992862426261	-0.0843518756993226	9.968186638388122
low_clip_control	-0.7782085763980876	-1.892795150515789	18.21493624772313
low_clip_control	-0.7784035483614751	-0.4994543816601297	10.970464135021098
low_clip_control	-0.7794996380047606	-1.2800366267607597	14.991181657848324
low_clip_control	-0.7808827106964131	-1.8778506846861247	7.91651673263764
low_clip_control	-0.7824085649273732	0.3536369546147004	7.221259387637204
low_clip_control	-0.783188610926852	-1.7675275723061203	5.371783997738197
low_clip_control	-0.7839959066260994	-1.2240010145852371	15.250544662309368
low_clip_control	-0.7842713089445628	-1.3655132903207667	14.386376981796827
low_clip_control	-0.7842713089445628	-0.67893864893017	9.914375844975217
low_clip_control	-0.7845228467432802	-1.5157343041188858	7.708119218910586
low_clip_control	-0.7875145363296419	-1.525560682471056	8.112386228729719
low_clip_control	-0.7876472506401181	-0.8218065828790798	17.312448474855728
low_clip_control	-0.7884958948062882	0.1890338243900171	10.440835266821344
low_clip_control	-0.7887392438902572	-1.9709860051992791	23.286180631120786
low_clip_control	-0.788945122597833	-1.2214018380886702	8.093716719914802
low_clip_control	-0.7892601016084191	-1.4341144257308636	7.092198581560283
low_clip_control	-0.7909044012770099	-0.369409185970095	12.761020881670532
low_clip_control	-0.7926750267524938	-0.8178855895497736	6.889598386825743
low_clip_control	-0.7939482635064543	-0.5799750479934422	3.081664098613252
low_clip_control	-0.7950685487297744	-1.2122042783495408	21.263289555972484
low_clip_control	-0.7951802081115018	-1.4208865749755313	6.112144565506245
low_clip_control	-0.7970129778361451	-0.7496604096195635	13.019739605207896
low_clip_control	-0.797507136101257	-1.3506892352460893	11.38594424813506
low_clip_control	-0.7980484850910566	-1.6849710325495062	14.84658528538436
low_clip_control	-0.7988450417528846	-1.5972694546912731	5.472350230414746
low_clip_control	-0.7989914491229775	-1.035302547128919	11.844331641285956
low_clip_control	-0.7990873060740037	-0.7140424498860861	4.264392324093817
low_clip_control	-0.8006911917765933	-1.3341338542546295	10.473815461346634
low_clip_control	-0.8010411481254018	-1.0182138170899155	8.933889219773675
low_clip_control	-0.801378271223269	-0.9289028178804464	11.676396997497914
low_clip_control	-0.8023193321603057	-0.7935491225325738	7.952286282306162
low_clip_control	-0.8025539357937829	-1.538111335567181	13.45291479820628
low_clip_control	-0.803915838090833	-0.4514998142186298	12.229016120066705
low_clip_control	-0.8042755291256322	-1.4779331188899083	7.939372067845544
low_clip_control	-0.8048696586680096	-0.2296739791718011	6.825938566552901
low_clip_control	-0.8051275091697411	-1.7349524332247304	8.200599274562371
low_clip_control	-0.8069245879631712	-2.2345638834979176	15.237159007127058
low_clip_control	-0.8073549220576042	0.0299947402978372	10.034735623311462
low_clip_control	-0.8073549220576042	-1.1023617176296778	6.618863761720904
low_clip_control	-0.8073549220576042	-3.1488633859144826	8.210505490157287
low_clip_control	-0.8073549220576042	-1.8023346645659288	8.553809429082952
low_clip_control	-0.8073549220576042	-0.7784422301423655	5.68561872909699
low_clip_control	-0.8073549220576042	-3.3625700793847084	17.232890201871
low_clip_control	-0.8073549220576042	-0.1742574222383455	10.030090270812437
low_clip_control	-0.8073549220576042	-1.0524674198941355	9.082652134423252
low_clip_control	-0.8093164383908903	-0.7213687391151875	16.343595591030027
low_clip_control	-0.8103387804964255	-1.864153383307649	9.420289855072465
low_clip_control	-0.8114131386319575	-1.3362474655908874	12.470151233749004
low_clip_control	-0.8129144473995048	-0.4886773618706629	6.738544474393532
low_clip_control	-0.8132314883942735	-1.2826134474688944	11.45435612634502
low_clip_control	-0.8138486841431043	-2.253286429282232	12.846246487354476
low_clip_control	-0.8142085930986667	-1.6951015402179257	8.780181875195987
low_clip_control	-0.8144443468439235	-0.5557100784437553	11.76470588235294
low_clip_control	-0.8163399731522667	-1.431976086751235	12.150026413100898
low_clip_control	-0.8171359428501895	-2.187631263179642	20.905923344947738
low_clip_control	-0.817796668779251	-0.5760162742420614	7.385998715478484
low_clip_control	-0.8185531286624681	-1.279265047634627	11.757520232096503
low_clip_control	-0.8191320898339577	-0.3919875689398737	10.261194029850746
low_clip_control	-0.8194277543581792	-0.2951832396548337	10.9204368174727
low_clip_control	-0.8194277543581792	-1.1723539189265086	9.182209469153516
low_clip_control	-0.8197806641057532	-1.758185093975163	17.17622810030917
low_clip_control	-0.8205062897089094	-1.1663775246087866	16.602316602316602
low_clip_control	-0.8206235232131157	-1.4824933168721983	10.985352862849531
low_clip_control	-0.8231222379159209	-0.8982759376473942	14.06563965170797
low_clip_control	-0.8238170940598233	-0.9264912526198876	9.082652134423252
low_clip_control	-0.8241501646005824	-2.2973248217984508	11.326860841423947
low_clip_control	-0.8259706002249511	0.6865005271832186	15.423443634324173
low_clip_control	-0.8262814253992415	-2.150227797798731	13.653963725290405
low_clip_control	-0.8286315816880189	-1.2385785773895743	8.460236886632826
low_clip_control	-0.8292359784462885	-1.783801511073809	13.882567137005006
low_clip_control	-0.8298209805905046	-1.6673143315529435	8.452688424512797
low_clip_control	-0.8300749985576876	-0.931219924970259	11.061946902654867
low_clip_control	-0.8300749985576876	-0.8454900509443752	11.968734733756715
low_clip_control	-0.8311230879905538	-0.732327700973058	9.200507614213198
low_clip_control	-0.831962108101953	-2.0846104758639727	13.882461823229988
low_clip_control	-0.8322725542619335	-1.0736053886922077	14.434643143544507
low_clip_control	-0.8328900141647417	-1.4152017739134075	10.97560975609756
low_clip_control	-0.8336416135778799	-1.6656678253148194	8.461131676361713
low_clip_control	-0.8339900485610707	-0.566189696184401	9.300444803881923
low_clip_control	-0.8343219696578735	-0.8645424080068049	5.242463958060289
low_clip_control	-0.8365012677171204	-0.3336390774140592	10.425471963933504
low_clip_control	-0.8365012677171204	-0.9842326841416834	12.88056206088993
low_clip_control	-0.8365012677171204	-0.4536211171586277	7.946210268948655
low_clip_control	-0.8372704999618917	-1.0973298707096766	9.742120343839542
low_clip_control	-0.8374469872140401	-1.0636904746041922	11.12565445026178
low_clip_control	-0.838248930003388	-1.459431618637297	8.952996766973389
low_clip_control	-0.8383818176782287	-1.4867649132088985	21.071115013169447
low_clip_control	-0.8428990389152713	-1.2645889849906553	10.432190760059614
low_clip_control	-0.8430670187770071	-1.9460381092508623	10.097232610321615
low_clip_control	-0.8438807980827181	0.5062698690985489	13.94647568790049
low_clip_control	-0.8442423304842814	-1.3995589263130084	17.487344684767603
low_clip_control	-0.8447217745220892	-1.2960955092147022	18.28761429758936
low_clip_control	-0.8454900509443752	-1.1797547611089378	14.232209737827716
low_clip_control	-0.845720411378448	-1.7616833820190818	11.475409836065571
low_clip_control	-0.8472476491811168	-1.4164816941810674	8.001730103806228
low_clip_control	-0.8474943129108184	-0.885516609179379	8.39033287733698
low_clip_control	-0.84799690655495	-0.1134495360729536	8.517228029423151
low_clip_control	-0.84799690655495	-0.7057709725626119	6.353240152477763
low_clip_control	-0.84799690655495	-0.8554776847321983	9.509875640087785
low_clip_control	-0.8494403234246186	-1.020858991546752	10.915994304698623
low_clip_control	-0.8500160741916022	-1.3327318245142112	20.49371215649744
low_clip_control	-0.85042364394949	-0.8132065282890675	10.50080775444265
low_clip_control	-0.8516354836182981	-1.0747471950639675	11.760094080752646
low_clip_control	-0.8516772530428988	-1.2434550668059154	9.416195856873822
low_clip_control	-0.8524428115861421	-1.539975045947846	14.678899082568808
low_clip_control	-0.853995647176393	-1.4144321193880187	13.51922264469793
low_clip_control	-0.8552649070189894	-1.2018806208599149	9.683098591549294
low_clip_control	-0.8556100906648251	-0.6918777046376681	13.333333333333334
low_clip_control	-0.8566358248288225	-0.4450453745094302	9.128847157016173
low_clip_control	-0.8579809951275721	-1.0902462202030658	8.556149732620321
low_clip_control	-0.8579809951275721	-1.2076137032869276	7.830342577487765
low_clip_control	-0.8579809951275721	-0.3640056618858833	6.131207847946046
low_clip_control	-0.8579809951275721	-0.3106000890858496	14.400921658986174
low_clip_control	-0.8593771344058861	-1.7620217823409268	10.256410256410255
low_clip_control	-0.8608372523283745	-1.2248607766836306	8.389803162310423
low_clip_control	-0.8610235868511895	-1.268441107829067	9.349435138293728
low_clip_control	-0.861616515844078	-1.7546007702099893	10.54713249835201
low_clip_control	-0.862496476250065	0.2999017885573633	5.643340857787811
low_clip_control	-0.8637956164016887	-1.5899074972055929	14.052193862919417
low_clip_control	-0.8650704199138913	0.0184483994795964	9.254498714652955
low_clip_control	-0.8656989082884089	-2.354916506841273	11.667810569663692
low_clip_control	-0.866269169497517	-1.9614284193793	9.036144578313252
low_clip_control	-0.8687554667217473	-0.8806566926178272	8.374040474528961
low_clip_control	-0.8687554667217473	-1.0886497562007815	9.745762711864408
low_clip_control	-0.8688419877593392	-2.118116085011519	22.333461686561417
low_clip_control	-0.8694158901898555	-1.1240505211598106	10.536879076768692
low_clip_control	-0.8694979757658722	-1.6798753295817062	11.342155009451796
low_clip_control	-0.8695774371404628	-1.7751229096573236	7.248477819657872
low_clip_control	-0.8707169830550335	-0.6357158011857911	6.654343807763401
low_clip_control	-0.873366561468983	-1.95160851589772	14.114627887082978
low_clip_control	-0.8739061149662101	-1.8184207174163964	8.015675097969362
low_clip_control	-0.8744691179161412	0.4639470997597903	7.89980732177264
low_clip_control	-0.8744691179161412	0.2730184944064158	21.490626428898032
low_clip_control	-0.8744691179161412	-1.3625700793847084	11.21262458471761
low_clip_control	-0.8744691179161412	-3.454378390911012	13.95754579819715
low_clip_control	-0.8744691179161412	-1.4187896341399515	5.206247496996396
low_clip_control	-0.8744691179161412	-0.0179831130559605	9.895833333333332
low_clip_control	-0.8752449689920532	-1.4703777870438586	10.749477455957004
low_clip_control	-0.8757418970378542	-1.749837811880689	10.777881911902533
low_clip_control	-0.876193798385602	-1.4541705846390087	8.943543879262158
low_clip_control	-0.8775639243390069	-1.2045768126917813	7.618080243778568
low_clip_control	-0.878594052937496	-1.831383507682473	11.978521272201569
low_clip_control	-0.8819679828316961	-1.4237402078260053	8.556981719175418
low_clip_control	-0.8820366626457102	-0.6706404988997081	11.025641025641026
low_clip_control	-0.8839762036605167	-1.837461815659962	10.00938379730998
low_clip_control	-0.8845227825800641	-0.5364639830299661	7.232084155161078
low_clip_control	-0.8845227825800641	-2.4310860072370204	13.066871637202151
low_clip_control	-0.8845227825800641	-0.3774543164706875	5.785920925747349
low_clip_control	-0.8845227825800641	-0.3093280581077289	10.617490919251187
low_clip_control	-0.8866182005822575	-1.2663707194900544	7.678883071553229
low_clip_control	-0.888968687611256	-1.2425703032740782	16.129032258064516
low_clip_control	-0.8896395525574944	-0.8934210494449657	8.855154965211891
low_clip_control	-0.8897100693028315	-1.2601270015717891	10.850310008857395
low_clip_control	-0.891065628446836	-1.328149299184401	15.287769784172662
low_clip_control	-0.8924468588451966	-1.330665949514383	9.876543209876544
low_clip_control	-0.8930847960834881	-0.1384036142694436	16.51440618411806
low_clip_control	-0.8930847960834881	-1.8675497039763505	13.293943870014772
low_clip_control	-0.8930847960834881	-1.1898744224735482	13.578500707213578
low_clip_control	-0.8930847960834881	-0.9183497109835824	9.84251968503937
low_clip_control	-0.8941313648931772	-1.59851179832696	11.2431737873434
low_clip_control	-0.8950304403984575	-1.908558910852636	13.054830287206263
low_clip_control	-0.8956633401852645	-1.8085344809008588	15.37183215621105
low_clip_control	-0.8979280907401301	-0.8254459952065768	10.29886914378029
low_clip_control	-0.8980330689863044	-0.2599484259600511	5.213764337851929
low_clip_control	-0.8981203859807864	-1.9987972529183424	12.526096033402924
low_clip_control	-0.8995600988789715	-1.1689460402587293	13.511012400518233
low_clip_control	-0.9004643264490856	-1.901751872309546	6.131549609810479
low_clip_control	-0.901315725140593	-1.158914220629846	9.569377990430622
low_clip_control	-0.901720482419511	-1.561243657952197	11.389521640091116
low_clip_control	-0.9018196060610968	-1.4909266543745927	11.516314779270632
low_clip_control	-0.9044223400177688	-0.9190800046164326	9.104704097116844
low_clip_control	-0.9057846583823492	-0.5813313253946203	11.241007194244604
low_clip_control	-0.9066226607872656	-1.757334712229118	16.771488469601678
low_clip_control	-0.9068905956085186	1.1375035237499351	9.119927040583676
low_clip_control	-0.9068905956085186	-1.049888875792359	7.723304231027535
low_clip_control	-0.9068905956085186	-0.6896598793878498	11.714589989350374
low_clip_control	-0.9105383726236628	-1.3936887385766537	9.983361064891849
low_clip_control	-0.9107326619029128	-0.7435084400329781	9.40144155437167
low_clip_control	-0.9107326619029128	-2.6018758836575024	10.387362042847869
low_clip_control	-0.9107326619029128	-1.3849055279376894	6.697459584295612
low_clip_control	-0.9145121009347182	-0.640183615883726	17.716535433070867
low_clip_control	-0.9167096566389642	-1.8322988567932983	12.759170653907496
low_clip_control	-0.9175378398080272	0.339546530263586	14.797136038186158
low_clip_control	-0.9175378398080272	-0.8109661756099829	10.12536162005786
low_clip_control	-0.9175378398080272	-1.079727192470734	6.156552330694811
low_clip_control	-0.9233787183970876	-0.9307934897448978	11.437908496732025
low_clip_control	-0.9234661518107012	-1.1611111299652013	18.24352991090369
low_clip_control	-0.9240511467667016	-0.8021586904117995	7.927519818799547
low_clip_control	-0.9259994185562233	-1.7771814153951968	12.846517917511832
low_clip_control	-0.9259994185562233	-1.8554417187161143	7.061115169223277
low_clip_control	-0.9259994185562233	-0.4219339035448583	11.547344110854503
low_clip_control	-0.9264709645780348	-1.5319135789462774	13.746803069053708
low_clip_control	-0.927243657564686	-1.3474486098371508	8.040201005025127
low_clip_control	-0.927487500215632	-0.2521609311862531	9.913258983890954
low_clip_control	-0.927649155775316	-1.0082972018384686	6.588662955810519
low_clip_control	-0.9289169019385172	-0.3948562965907887	6.504065040650406
low_clip_control	-0.929610672108602	-0.9919626809345816	10.68090787716956
low_clip_control	-0.929610672108602	-1.2670614706701762	7.354531689379191
low_clip_control	-0.9299902787522576	-2.2023881348477814	7.936507936507936
low_clip_control	-0.9307373375628862	-1.088035376448259	9.919177075679649
low_clip_control	-0.9312010030146964	-1.661583782324069	13.746505125815473
low_clip_control	-0.9320426158995252	-1.6686964594214078	15.09433962264151
low_clip_control	-0.9323483874688716	-1.148259978470923	7.830853563038372
low_clip_control	-0.9327606625322518	-1.5128063874636506	9.47603121516165
low_clip_control	-0.933131431968887	-1.3108701142842276	9.03954802259887
low_clip_control	-0.9333556302572148	-1.2361600750380803	4.666666666666667
low_clip_control	-0.93400244122576	-1.1082472238723775	12.83783783783784
low_clip_control	-0.9343519577644868	-1.2170008610560443	10.760953112990007
low_clip_control	-0.9351171484151456	-1.9112528555820896	14.564247122386655
low_clip_control	-0.9361849024025566	-0.9031085786019676	7.640878701050621
low_clip_control	-0.9362744023896128	-1.7572452961171494	9.533898305084746
low_clip_control	-0.9375359130533464	-1.434037050100808	28.09482001755926
low_clip_control	-0.9376034628621326	-1.8154532638712253	12.350163458045769
low_clip_control	-0.9385994553358568	-0.8022839325101822	12.52884932410155
low_clip_control	-0.9385994553358568	-0.4918530963296746	8.030431107354184
low_clip_control	-0.9385994553358568	-0.4982508675278254	13.86138613861386
low_clip_control	-0.9418970454364318	-0.2676733006373143	11.341083073433513
low_clip_control	-0.942004448752386	-1.1038613013677037	12.56949480299734
low_clip_control	-0.9443860247890004	-1.2723740145263391	6.67334000667334
low_clip_control	-0.9445048874082964	-1.0266742836412173	8.474576271186441
low_clip_control	-0.9457901392001048	-1.4609021506948363	11.881615899762368
low_clip_control	-0.9459601602871108	-2.006092566512028	9.70873786407767
low_clip_control	-0.9498890831722095	-0.51127928779345	7.0156502968159735
low_clip_control	-0.950561067265495	-1.165154096730802	6.109979633401222
low_clip_control	-0.9510903995190536	-0.5782527824881246	5.939524838012959
low_clip_control	-0.9541963103868752	-0.1166115643953367	7.509386733416771
low_clip_control	-0.9541963103868752	-0.4264327244813846	9.623797025371829
low_clip_control	-0.956865237274023	-1.737262932090757	11.560693641618496
low_clip_control	-0.956931278108114	-1.87207768991337	5.037783375314861
low_clip_control	-0.957408123275532	-1.8268385801097256	12.34567901234568
low_clip_control	-0.9577717646107026	-1.4575150800506276	13.304721030042918
low_clip_control	-0.9581798243053732	-1.48607796237384	12.190749372534958
low_clip_control	-0.9585800726200192	-2.137510028104179	7.731958762886598
low_clip_control	-0.9593580155026542	0.2291627068305179	6.798096532970768
low_clip_control	-0.9593580155026542	-2.105878412610023	9.90990990990991
low_clip_control	-0.9599225606246647	-2.2792110639834986	8.439576225534207
low_clip_control	-0.9601989919420252	-0.6897203684778519	5.717916137229987
low_clip_control	-0.9612304298354248	-0.7374585669986876	8.976660682226212
low_clip_control	-0.9615258521853643	0.761911951296437	7.537688442211055
low_clip_control	-0.9615258521853643	-1.9584208962486007	7.045171985080812
low_clip_control	-0.9624168171918436	-1.7233741769463358	11.332551778038296
low_clip_control	-0.963474123974886	-1.2927415184714153	11.075384065737763
low_clip_control	-0.963474123974886	-1.7115894352204852	4.68384074941452
low_clip_control	-0.963474123974886	-0.697334833315648	6.964358869315854
low_clip_control	-0.9640804257450574	-1.411426245726465	10.56142301278488
low_clip_control	-0.9643760902692788	-1.6312221119829626	12.089462018940155
low_clip_control	-0.9652345818393234	0.149120061247572	6.896551724137931
low_clip_control	-0.9652345818393234	-1.6162333582374546	16.025641025641026
low_clip_control	-0.9652345818393234	-1.3140659771143917	9.44081336238199
low_clip_control	-0.9663168737437114	-1.4756841594361632	10.366275051831376
low_clip_control	-0.9668331360648006	-0.9134143251585776	10.19108280254777
low_clip_control	-0.967333811079678	-1.390201198361899	7.6502732240437155
low_clip_control	-0.968291140272662	-0.7061281902436133	11.287288363343189
low_clip_control	-0.9725192635778932	-0.0765855938553038	9.145470134324093
low_clip_control	-0.9730329523997306	-1.0655559717532277	7.047216349541931
low_clip_control	-0.9735277886388088	-1.1615482528020171	11.475409836065571
low_clip_control	-0.9743133563363504	-1.2455979959716466	10.101010101010102
low_clip_control	-0.9749090190371694	-0.6879472048295536	16.675931072818234
low_clip_control	-0.9751966089994276	-1.040537980241028	7.214554579673776
low_clip_control	-0.9755469562754612	-1.56617123744547	12.035010940919038
low_clip_control	-0.9762839310261924	-1.4356302686956115	5.521811154058531
low_clip_control	-0.978626349207433	0.7482285590190317	10.845986984815616
low_clip_control	-0.98023674517857	-1.1357422230467793	13.476347634763476
low_clip_control	-0.9806007097873763	-2.2746373996248104	8.914981517721243
low_clip_control	-0.9813843218326532	-1.4047852940461236	14.300306435137896
low_clip_control	-0.9826179217717634	-0.9444380897862412	6.546644844517186
low_clip_control	-0.9829935746943104	-1.188763647182974	11.537352177675224
low_clip_control	-0.983126181435604	-1.0404837281318131	10.3126007089913
low_clip_control	-0.9848931076097917	-1.1741352887864156	7.553747821034283
low_clip_control	-0.9862505898920412	-1.5972509625823794	13.708019191226867
low_clip_control	-0.988412025724788	-2.1588567644861123	15.59633027522936
low_clip_control	-0.988412025724788	-1.022417466107597	10.247136829415313
low_clip_control	-0.9885043611621706	-2.098110085449848	10.159651669085632
low_clip_control	-0.9891932450434172	-1.1788921502680283	10.48951048951049
low_clip_control	-0.9907617931446622	-1.3751278228021873	14.507253626813409
low_clip_control	-0.9945586613192676	-1.2015421365691217	3.9787798408488064
low_clip_control	-0.9950507840282666	-1.2964795462349243	10.174029451137883
low_clip_control	-1.0	2.137503523749935	6.177076183939602
low_clip_control	-1.0	0.584962500721156	8.278867102396514
low_clip_control	-1.0	0.3504972470841331	10.887772194304857
low_clip_control	-1.0	0.2995602818589079	7.252946509519492
low_clip_control	-1.0	0.2756344426134273	8.490930142802007
low_clip_control	-1.0	-0.8073549220576042	7.293354943273906
low_clip_control	-1.0	-0.668816552039801	11.42170123234145
low_clip_control	-1.0	-1.5629361943911575	12.605042016806722
low_clip_control	-1.0	-0.6806502665511226	5.383580080753701
low_clip_control	-1.0	-1.2380847042970289	13.79690949227373
low_clip_control	-1.0	-0.9572561101359334	12.911555842479018
low_clip_control	-1.0	-1.4324046312489318	8.992805755395683
low_clip_control	-1.0	-1.1724671960047657	10.752688172043012
low_clip_control	-1.0	-2.079414496494593	3.700962250185048
low_clip_control	-1.0	-2.115477217419936	9.715812484819043
low_clip_control	-1.0	-0.253756592245783	5.331302361005331
low_clip_control	-1.0	-3.135514970656481	9.737827715355806
low_clip_control	-1.0	-1.3860186058073063	9.103169251517196
low_clip_control	-1.0	-0.7563004214484573	9.938837920489297
low_clip_control	-1.0	-0.2370391973008495	31.017369727047143
low_clip_control	-1.0034638553035715	-1.921539416859496	12.885906040268456
low_clip_control	-1.0035403577052486	-1.4077782265455347	11.011699931176874
low_clip_control	-1.0052942996695131	-1.1692257748375108	9.72017673048601
low_clip_control	-1.007341975341168	-1.184823168219673	6.849315068493151
low_clip_control	-1.0073669694082128	-1.893764793004519	16.778523489932887
low_clip_control	-1.0093551650517032	-1.6581109548129271	18.562874251497007
low_clip_control	-1.0097151548332115	-1.010207790516416	13.137151865475564
low_clip_control	-1.0117771677763536	-1.451333628501834	9.549071618037134
low_clip_control	-1.0126000367796335	-1.461800932716413	10.917775503241216
low_clip_control	-1.0128240403575837	-1.2103161042694512	11.488750598372429
low_clip_control	-1.0130561528254465	-0.7990199786431518	6.955945677376615
low_clip_control	-1.0144995696951151	-1.095474192772312	8.462623413258111
low_clip_control	-1.0159415438690216	-0.9337586895381234	15.61216105176664
low_clip_control	-1.0168738185643962	-1.265069741290925	7.266629401900503
low_clip_control	-1.017175143808132	-0.8554143781174331	13.825691284564227
low_clip_control	-1.018071572922018	-1.393874232081539	11.40851250548486
low_clip_control	-1.0198311719215691	-0.592644823069003	10.612244897959185
low_clip_control	-1.0205288133646733	-1.6371729972882654	8.81057268722467
low_clip_control	-1.0230836131130414	-0.7022001760055296	8.766803039158386
low_clip_control	-1.0233325038306238	-1.1837779900162466	13.029315960912053
low_clip_control	-1.0255350921071376	0.0046426268250866	12.1654501216545
low_clip_control	-1.0255350921071376	-0.6925825792527085	4.010695187165775
low_clip_control	-1.0268000593437152	-1.5222291945605566	8.730447435431065
low_clip_control	-1.026866605852682	-1.139340565075774	9.800608313619469
low_clip_control	-1.027480736422107	-1.3391140704486313	13.09810211173483
low_clip_control	-1.028151040314149	-1.174815556112631	11.150532184490624
low_clip_control	-1.028569152196771	-0.9548448127435948	9.830205540661304
low_clip_control	-1.0291463456595165	-1.1834319689083102	10.43338683788122
low_clip_control	-1.0302730111138008	-1.1679348585781952	8.534850640113799
low_clip_control	-1.030588319833423	-0.726715497472449	8.870490833826139
low_clip_control	-1.031364170909335	-0.7995335753194222	14.828544949026876
low_clip_control	-1.031708859727338	-0.948117421125126	10.063668104333535
low_clip_control	-1.0319428925027545	-0.6967985056302787	13.431013431013431
low_clip_control	-1.0335525597110264	-1.1074004713814785	10.53704962610469
low_clip_control	-1.0350469470992008	-0.6727312374926231	8.289124668435013
low_clip_control	-1.035103800955916	-0.5970372801432474	10.416666666666666
low_clip_control	-1.0382577149580403	-1.1103046019604557	10.048055919615551
low_clip_control	-1.0384741478146358	-1.0526669195117753	8.914525432616674
low_clip_control	-1.0395283641866373	-0.7560744171139107	9.31098696461825
low_clip_control	-1.0400774393753351	-0.7369333688131438	9.174311926605505
low_clip_control	-1.041105203329673	-1.2021820781546204	8.935824532900082
low_clip_control	-1.044896537974323	-1.3699640504916228	10.506798516687269
low_clip_control	-1.0458893985120592	-0.7733421759024423	5.847953216374268
low_clip_control	-1.0473057147783569	0.1071298747064161	5.759539236861051
low_clip_control	-1.0473057147783569	-1.1255308820838588	14.492753623188406
low_clip_control	-1.0476030550598892	-1.323538245769776	10.082493125572867
low_clip_control	-1.0498035559206138	-1.5388334720502996	10.11378002528445
low_clip_control	-1.0519946376382614	-1.6062439504865191	6.682867557715674
low_clip_control	-1.0531113364595623	-1.3338611243833425	13.719987527284069
low_clip_control	-1.0531113364595623	-1.259522246164733	15.417170495767836
low_clip_control	-1.0531635333169964	-1.322723845067983	7.767995857068876
low_clip_control	-1.0544477840223765	-1.478047296804644	5.91016548463357
low_clip_control	-1.0544477840223765	-1.1845747520264645	4.241781548250265
low_clip_control	-1.0544477840223765	-1.4109331009461072	7.048092868988391
low_clip_control	-1.0544477840223765	-0.3811143572104021	11.656658424584952
low_clip_control	-1.0565835283663674	-0.4668764307984617	10.364321608040202
low_clip_control	-1.056902391234477	-1.8979791706238875	7.943512797881729
low_clip_control	-1.0573331750659516	-0.4919696730370136	10.011123470522802
low_clip_control	-1.0573331750659516	-1.8101022769892503	11.127137852874512
low_clip_control	-1.0588936890535685	-1.078154986848974	11.266336187471834
low_clip_control	-1.0588936890535685	-1.15470296464771	15.698924731182794
low_clip_control	-1.060120992437571	-1.0462172990036926	9.162717219589258
low_clip_control	-1.0627357553479626	-1.7753522845600365	12.156448202959831
low_clip_control	-1.0630097975258004	-2.449389004069621	11.281224818694602
low_clip_control	-1.0636160992959716	-1.5062268276181818	10.546500479386385
low_clip_control	-1.0652914602517192	-1.452958774118596	7.84313725490196
low_clip_control	-1.070389327891398	-1.660730008339121	12.31060606060606
low_clip_control	-1.0713846332367654	-1.4791362311098342	10.680500457735734
low_clip_control	-1.0714165226951258	-0.9925527478059888	11.29032258064516
low_clip_control	-1.0732489820306386	-2.0695989448698446	9.134233518665608
low_clip_control	-1.0741317295772146	-1.9039149777172848	11.466505733252866
low_clip_control	-1.0742437118054269	-1.1671872793078375	5.9466717820832535
low_clip_control	-1.074676686294496	-1.2023907629834634	9.402283411685696
low_clip_control	-1.0753930696604128	-1.6280662322601045	7.442849548112706
low_clip_control	-1.0755510330071767	-0.6290045800981433	7.042253521126761
low_clip_control	-1.0758157816987404	-0.5743336439762127	10.8005082592122
low_clip_control	-1.0759488532332986	-1.4281584210122849	10.512037978975926
low_clip_control	-1.0773825313123642	-1.3547733784368083	10.666666666666666
low_clip_control	-1.0780025120012733	0.2394659346953894	6.892418339826191
low_clip_control	-1.0780025120012733	-1.1211542778750094	8.613264427217917
low_clip_control	-1.078951341394822	0.283408086208268	6.200909466721786
low_clip_control	-1.080170348683983	0.8005012510165418	8.419337316675719
low_clip_control	-1.0809199953835675	-2.034269902084746	7.321383489017925
low_clip_control	-1.0809199953835675	-1.862271037537068	7.404914170313026
low_clip_control	-1.0819933721973074	-2.0193006503537907	10.980689132904203
low_clip_control	-1.082462160191973	-0.110784729360114	7.142857142857142
low_clip_control	-1.083141235300246	-2.5969351423872324	11.278195488721805
low_clip_control	-1.083141235300246	-1.1316063679265287	9.615384615384617
low_clip_control	-1.0840642647884744	-1.1461742983868424	7.524184879971337
low_clip_control	-1.0845335102116678	-1.5186183069041892	8.02139037433155
low_clip_control	-1.0846971645752814	-1.5919283977308636	11.28472222222222
low_clip_control	-1.084888897586513	-0.0285741820845277	11.10699740836727
low_clip_control	-1.087462841250339	0.1740293997750489	11.084170419120197
low_clip_control	-1.0894350835819444	-0.9516863448347112	10.238907849829353
low_clip_control	-1.0896372124846765	-1.115089135362212	7.567567567567567
low_clip_control	-1.089885503517195	-0.2718666004712402	11.72161172161172
low_clip_control	-1.0931785503111615	-1.641620101587974	13.25381047051027
low_clip_control	-1.0948043664515956	-1.5311362049875774	9.859154929577466
low_clip_control	-1.0955776599822311	0.2178456320675383	5.172413793103448
low_clip_control	-1.097297201354915	-1.491357628512649	16.82368775235532
low_clip_control	-1.097297201354915	-0.966135105437954	12.404961984793918
low_clip_control	-1.0980320829605268	-0.7660208668267449	5.274261603375527
low_clip_control	-1.0981803939389034	-1.237039197300849	6.966907190843493
low_clip_control	-1.0989006845261875	-1.4351519920994336	4.839419269687638
low_clip_control	-1.0995356735509143	-0.6635902222639015	12.062033314187248
low_clip_control	-1.0995356735509143	-0.7106688504579789	9.722897423432183
low_clip_control	-1.0995356735509143	-1.1046050432293109	8.422664624808576
low_clip_control	-1.0995356735509143	-0.862496476250065	8.97028592786395
low_clip_control	-1.0995356735509143	-0.2801079191927352	4.350190320826536
low_clip_control	-1.1000117319749303	-0.9916353793535132	9.970089730807578
low_clip_control	-1.1005268759539644	-0.9779067241206711	11.461318051575931
low_clip_control	-1.100861680115668	-0.9622524226754948	7.613247049866768
low_clip_control	-1.103401497884336	-1.850621097214092	8.960573476702509
low_clip_control	-1.1039509640389082	-1.7302476468234966	11.102886750555143
low_clip_control	-1.105933444749065	-0.5838658111655795	12.808948222983943
low_clip_control	-1.106915203916512	-1.1070164942457796	9.81800766283525
low_clip_control	-1.1085244567781691	-2.043243185878275	11.332728921124207
low_clip_control	-1.109624491174498	0.4123077065232716	6.018054162487462
low_clip_control	-1.1098131527467416	-1.100136003115421	9.04392764857881
low_clip_control	-1.1123210248662485	-1.4886926917021577	13.676588897827836
low_clip_control	-1.1126767732389808	-0.9574624622581308	8.547008547008549
low_clip_control	-1.115477217419936	-0.5532739963358039	14.619883040935672
low_clip_control	-1.115477217419936	-0.6820393836626126	7.874015748031496
low_clip_control	-1.1192989283723445	-2.070458790085537	19.308778192438748
low_clip_control	-1.1192989283723445	-1.5535821487582455	3.654080389768575
low_clip_control	-1.1219905243786104	0.0365258760251141	15.089163237311386
low_clip_control	-1.123382415505282	-1.0978812738351618	7.43281875357347
low_clip_control	-1.1237924856319397	-0.718447836930901	4.950495049504951
low_clip_control	-1.124806455736281	-0.5923107541983101	19.093078758949883
low_clip_control	-1.1251551313222898	-0.9522022130059454	11.479028697571744
low_clip_control	-1.125530882083859	0.4868848313781029	4.956629491945477
low_clip_control	-1.125530882083859	-1.5725093494086293	25.36873156342183
low_clip_control	-1.125530882083859	-1.0146887178218325	9.635974304068522
low_clip_control	-1.1271119179033393	-1.6112956604891804	5.408328826392645
low_clip_control	-1.1290170578621064	0.0304537965417136	4.835164835164835
low_clip_control	-1.129818240486957	-1.4987394065242252	9.335529928610654
low_clip_control	-1.130396637255675	0.2011115012492709	6.292906178489703
low_clip_control	-1.1321559585665664	-1.2621166625531943	13.220518244315178
low_clip_control	-1.1330103781020024	-1.7714478880153677	6.042296072507553
low_clip_control	-1.1332665308634642	-1.3568085100622396	10.07690267833466
low_clip_control	-1.133483005474252	-1.3001192031579782	6.885998469778118
low_clip_control	-1.134842542286867	-0.6037175899183154	7.741027445460943
low_clip_control	-1.1359776695189747	-0.6393185904531454	6.748466257668712
low_clip_control	-1.137503523749935	0.2410080995037949	0.0
low_clip_control	-1.137503523749935	-1.198370580265017	5.535055350553505
low_clip_control	-1.137503523749935	-0.717600269299275	4.901960784313726
low_clip_control	-1.137503523749935	-1.3977363934757236	12.292118582791034
low_clip_control	-1.137503523749935	-2.089005006058745	8.253094910591471
low_clip_control	-1.137503523749935	-1.3548427173600974	13.5666802333469
low_clip_control	-1.137503523749935	-1.4656635723488118	16.84470008216927
low_clip_control	-1.1382464151365297	-1.1788922429291866	9.015777610818931
low_clip_control	-1.1387640699558517	-2.084727313044974	8.349389852280027
low_clip_control	-1.139111879591974	-0.1205189712887817	10.332434860736749
low_clip_control	-1.1413558492455416	-0.8419377457202911	8.19112627986348
low_clip_control	-1.1415026809632285	-1.055206663005948	7.20164609053498
low_clip_control	-1.1440103026915194	-0.9998772879374184	11.521652761223676
low_clip_control	-1.145677455195635	-0.310727083677808	4.69630557294928
low_clip_control	-1.148522524710088	-1.2540624512579317	12.895662368112545
low_clip_control	-1.1506789124976682	-0.6921277323670915	8.867667121418828
low_clip_control	-1.15200309344505	-2.18838556778918	9.24321201617562
low_clip_control	-1.15200309344505	-0.5004783429439719	5.201109570041609
low_clip_control	-1.15200309344505	-0.7044919875135193	5.821474773609315
low_clip_control	-1.15200309344505	-1.0050901537870816	20.79722703639515
low_clip_control	-1.15200309344505	-1.400022264186961	13.41317365269461
low_clip_control	-1.1527032609137255	-0.972014276531952	7.023230686115613
low_clip_control	-1.1542514154562216	-1.277324502667761	11.14341085271318
low_clip_control	-1.155278225477911	-0.2792521983636668	10.38062283737024
low_clip_control	-1.1568270125733977	-1.12730674406931	18.050541516245488
low_clip_control	-1.157239741811197	-1.749701193699534	11.69864295741694
low_clip_control	-1.1573979035661497	-1.0811728104442966	9.888557526291006
low_clip_control	-1.159159656237333	-1.8750231492180167	11.066843736166446
low_clip_control	-1.1593998215796015	-1.161756638669228	9.67741935483871
low_clip_control	-1.160464672193246	-0.9533102771606388	4.748338081671415
low_clip_control	-1.1609918766723046	-1.270084273464526	9.681881051175658
low_clip_control	-1.1618876823768942	-0.3736789937187119	5.008944543828265
low_clip_control	-1.1629385711262057	-2.0231236417110066	7.334963325183374
low_clip_control	-1.163975735111126	-0.8371891935225203	13.747054202670856
low_clip_control	-1.1643868179008825	-1.97133065716873	12.773274379759274
low_clip_control	-1.166736723811265	-1.2478972122813403	14.915478952601925
low_clip_control	-1.1679446373140716	-1.4345157754036604	11.564477416539384
low_clip_control	-1.1699250014423124	0.2643091274276108	15.476190476190476
low_clip_control	-1.1699250014423124	0.1699250014423123	9.181331293037491
low_clip_control	-1.1699250014423124	-2.0297473433940523	12.994044396318357
low_clip_control	-1.1699250014423124	-1.5216378423532992	9.98463901689708
low_clip_control	-1.1699250014423124	-0.2470928619647723	13.480982185844969
low_clip_control	-1.1699250014423124	-0.8542997135580198	17.898832684824903
low_clip_control	-1.1699250014423124	-0.4398457928613464	9.98573466476462
low_clip_control	-1.1699250014423124	-1.0844238101984305	7.809288943690916
low_clip_control	-1.1699250014423124	-1.031260748203037	15.64945226917058
low_clip_control	-1.1699250014423124	-1.6658824961047238	13.029315960912053
low_clip_control	-1.171077774209111	-1.852397952803627	9.890681936491411
low_clip_control	-1.1712714271498288	-1.9649649361521355	13.860369609856264
low_clip_control	-1.1728365968622156	-1.1370333607863836	7.83630822812364
low_clip_control	-1.1768777620840791	-0.7553925628868063	12.38390092879257
low_clip_control	-1.1768777620840791	-1.0666878465353664	6.551518761167362
low_clip_control	-1.1775381855521876	-0.5950968778548693	13.350559862187769
low_clip_control	-1.177917792195843	-1.4587819803448456	16.025641025641026
low_clip_control	-1.1783372412585125	-0.2500670671438824	19.147084421235856
low_clip_control	-1.1783372412585125	-1.5493123121529058	6.347862886161659
low_clip_control	-1.179323699444562	-1.458476310545358	7.763401109057301
low_clip_control	-1.179323699444562	-2.2553221736147075	7.643312101910828
low_clip_control	-1.1805722456418208	-0.5476705745708187	10.760953112990007
low_clip_control	-1.1813297647145615	-1.781227894342249	7.1389346512905
low_clip_control	-1.1828640571498106	-0.7274684992848509	13.856812933025404
low_clip_control	-1.1834461410959312	-0.348555408281037	7.436570428696412
low_clip_control	-1.1844245711374275	0.4753993668826467	10.313367711225704
low_clip_control	-1.1844245711374275	-2.56961453638772	12.399708242159008
low_clip_control	-1.1844245711374275	-0.9187256131003004	9.331919406150584
low_clip_control	-1.1852148724669076	-1.4570740658479429	10.27900146842878
low_clip_control	-1.1860590886362483	-2.0029751869068013	13.919645681746282
low_clip_control	-1.1861900558050966	-1.3805183378467485	11.246485473289598
low_clip_control	-1.1864131242308813	-2.066416517017098	19.04340124003543
low_clip_control	-1.188072348152572	-1.146728866518213	12.516184721622787
low_clip_control	-1.1890338243900171	-2.376902370392073	6.247703050349137
low_clip_control	-1.189342455269553	-2.0448231379687325	15.44943820224719
low_clip_control	-1.1900665338406196	-1.1935931014423262	8.138351983723295
low_clip_control	-1.1926450779423958	-0.7430916969630476	12.062033314187248
low_clip_control	-1.1926450779423958	-0.7491146768323226	9.472259810554805
low_clip_control	-1.1959202099752568	-1.013721191423614	7.7369439071566735
low_clip_control	-1.1966919110050978	-1.3044406681585214	9.12530603160472
low_clip_control	-1.1969452153760214	-1.732842852138973	17.524644030668128
low_clip_control	-1.198253724500807	-0.8781498147601702	12.694512694512694
low_clip_control	-1.198413558402008	-1.216627737277889	9.345794392523365
low_clip_control	-1.1987798641144976	-0.3729201070408172	4.010695187165775
low_clip_control	-1.1996723448363644	-1.0223509086580391	11.239901650860554
low_clip_control	-1.200697350237129	-1.8740018987052065	6.398193451260821
low_clip_control	-1.2016338611696509	1.3219280948873624	13.004791238877482
low_clip_control	-1.2016338611696509	-0.4835462772091338	9.35720097640358
low_clip_control	-1.2064508774674263	-1.5906357091363506	5.215123859191656
low_clip_control	-1.2075954194083671	-1.2175227893142648	10.20408163265306
low_clip_control	-1.2085866218114174	-1.5087125214085155	9.933774834437086
low_clip_control	-1.2097185913013373	-1.4619630489920932	7.32950924155513
low_clip_control	-1.2110548774021672	-1.5237407190779246	10.332950631458097
low_clip_control	-1.2115041051937117	-1.1744624306149352	9.122006841505131
low_clip_control	-1.2115041051937117	-0.5210708659676296	4.562043795620437
low_clip_control	-1.2115041051937117	-0.1424442650202053	6.680369989722507
low_clip_control	-1.2115041051937117	-1.6339059668853917	8.678881388621022
low_clip_control	-1.212303603712864	0.1768444153821028	9.878419452887538
low_clip_control	-1.2145940507760409	-1.068898730967578	9.36768149882904
low_clip_control	-1.21468157967283	-1.745109282505633	8.27526132404181
low_clip_control	-1.2180922839028223	-0.867796773558432	9.848982271831913
low_clip_control	-1.220841969773048	-1.3053687861828214	6.838905775075988
low_clip_control	-1.222392421336448	1.243271151012364	12.8928283642224
low_clip_control	-1.222392421336448	-1.202629166515018	10.262989095574085
low_clip_control	-1.222392421336448	-1.1177690289279256	10.63221676003201
low_clip_control	-1.222392421336448	-1.720006496418157	10.449088483770565
low_clip_control	-1.222392421336448	-1.1851336232294285	8.742957062366427
low_clip_control	-1.222392421336448	-0.7303018638851955	5.745062836624776
low_clip_control	-1.22650852980868	-1.2743540854244706	8.914358484559056
low_clip_control	-1.2288186904958809	-1.4039420364627662	11.164274322169058
low_clip_control	-1.2298675418985945	-1.1361507856846855	7.082896117523609
low_clip_control	-1.2302976194217945	-0.6713772525386293	7.798440311937612
low_clip_control	-1.2307802068291671	-1.201960343794845	9.358288770053475
low_clip_control	-1.234465253637023	-1.84799690655495	12.025901942645698
low_clip_control	-1.2364401958220808	-1.869644946079003	11.610671936758894
low_clip_control	-1.2367556543190814	-1.472446333097392	17.90450928381963
low_clip_control	-1.2372834114429287	-1.8687212563344568	9.64630225080386
low_clip_control	-1.2376915577193306	-0.9723360050317288	7.944389275074478
low_clip_control	-1.2380400263669242	-2.1153439368950235	11.358024691358024
low_clip_control	-1.2394065877305775	-0.8376143428867472	8.960573476702509
low_clip_control	-1.2410080995037949	-0.4619041043168178	8.445945945945946
low_clip_control	-1.2410080995037949	-1.206900245183531	11.249259917110717
low_clip_control	-1.2410080995037949	-1.6711191444708706	7.816316560820713
low_clip_control	-1.243020382723177	-1.2571392589424335	8.014247551202136
low_clip_control	-1.243271151012364	-1.824559088673776	9.689140088817116
low_clip_control	-1.2448870591235344	-1.0624640869466535	16.632016632016633
low_clip_control	-1.2457564144019582	0.0962032052553923	4.898758981058132
low_clip_control	-1.2479275134435857	-2.314233703097362	9.787928221859705
low_clip_control	-1.2479275134435857	-0.4675049191729792	13.87645478961504
low_clip_control	-1.2479275134435857	-1.4556794837761895	7.155123068116772
low_clip_control	-1.2479275134435857	-2.2186402864753405	13.871374527112232
low_clip_control	-1.2479275134435857	-0.6781515042762701	11.615628299894404
low_clip_control	-1.2493594689367171	-1.2271820790617798	10.906040268456376
low_clip_control	-1.2499782530083474	-1.1833982897205844	8.78048780487805
low_clip_control	-1.2501374118193522	-0.005981827298087	5.945303210463734
low_clip_control	-1.2502266295331734	-0.954413130667329	10.423905489923555
low_clip_control	-1.250543461650597	-1.3592308925198826	13.464991023339318
low_clip_control	-1.250961573533219	-0.9711804086759904	7.130872483221476
low_clip_control	-1.2511550204739814	-1.1212299570378008	10.966057441253264
low_clip_control	-1.2515387669959646	-1.5102454081919343	5.605381165919282
low_clip_control	-1.253756592245783	-1.8214129630450988	11.799410029498524
low_clip_control	-1.254183488251528	-0.9443653010271816	11.131725417439704
low_clip_control	-1.2544212755290858	-0.9791480947430148	7.431874483897605
low_clip_control	-1.2563397532597855	-0.5293477643672296	16.949152542372882
low_clip_control	-1.260638565193139	-1.5655646664385938	14.540059347181009
low_clip_control	-1.2611248158251624	-1.0117006719775137	7.729468599033816
low_clip_control	-1.2630344058337937	0.4818690077570526	7.2577481365241265
low_clip_control	-1.2630344058337937	-1.005876566336669	8.793356130923302
low_clip_control	-1.2630344058337937	-0.4680558815783349	14.471057884231538
low_clip_control	-1.2630344058337937	-0.9615258521853643	4.30828147438966
low_clip_control	-1.2630344058337937	-1.222392421336448	7.237635705669481
low_clip_control	-1.2630344058337937	-1.2370391973008492	12.494614390348987
low_clip_control	-1.2630344058337937	-1.0138057995250305	8.480565371024735
low_clip_control	-1.2630344058337937	-2.4710945361628776	6.0344827586206895
low_clip_control	-1.2630344058337937	-0.7529071380352277	8.474576271186441
low_clip_control	-1.2649722100752865	-0.4954705717340426	7.929190484971418
low_clip_control	-1.2700891633677442	-0.7278929308818977	3.3944331296673456
low_clip_control	-1.2700891633677442	-2.034269902084746	12.906309751434032
low_clip_control	-1.273018494406416	-0.8547548724402879	8.730158730158731
low_clip_control	-1.273018494406416	-2.076803762417648	11.577902745616935
low_clip_control	-1.273018494406416	-0.4836413132778672	9.353395689304596
low_clip_control	-1.279283757478869	-0.9203692336992192	7.60079312623926
low_clip_control	-1.2793823999212774	-1.7718100831707126	8.125
low_clip_control	-1.2801079191927354	-2.513623719000894	9.874326750448832
low_clip_control	-1.2815703572712216	-1.4019409782613446	8.130081300813009
low_clip_control	-1.2815703572712216	-1.2282128360209288	9.951956074124912
low_clip_control	-1.282933963271499	-0.1188362295098506	7.08502024291498
low_clip_control	-1.2837929660005911	-1.5369409858582128	7.972665148063782
low_clip_control	-1.2842084289382036	-0.9293156016898152	7.589025102159954
low_clip_control	-1.2854022188622485	-1.76037019850115	9.542943244600702
low_clip_control	-1.2854022188622485	-0.3833286395515055	4.950495049504951
low_clip_control	-1.286304185156641	-0.8806901863823114	8.879023307436182
low_clip_control	-1.2920266091735004	-1.6534938823919718	7.656065959952885
low_clip_control	-1.2933589426905916	-1.2510821456783725	8.813808299669484
low_clip_control	-1.2954558835261714	-1.417852514885898	7.664111962679107
low_clip_control	-1.2956965533141829	-0.9196305270196214	11.673151750972762
low_clip_control	-1.2973859106245709	-1.1819978337428876	12.63823064770932
low_clip_control	-1.2995602818589078	-1.6227288712688626	10.89223638470452
low_clip_control	-1.301169534720565	-0.8858289800806887	10.115606936416183
low_clip_control	-1.3025627700204312	-1.5545942701386302	10.24390243902439
low_clip_control	-1.303392143449935	-1.7913812858498634	9.126788357178096
low_clip_control	-1.3037807481771029	-1.4371316562769352	11.027027027027026
low_clip_control	-1.305345210691758	-1.1886453902220169	9.700889248181085
low_clip_control	-1.3063312398363438	-0.7750775625453463	5.120702267739576
low_clip_control	-1.309328058107729	-0.7337199346625521	9.310344827586206
low_clip_control	-1.3100035957453051	-0.8116719480307106	22.33676975945017
low_clip_control	-1.312590230308026	0.0	8.591065292096221
low_clip_control	-1.317447671904693	-1.1111871868761254	12.172284644194756
low_clip_control	-1.3191774838713275	-1.0483712744225715	11.444921316165953
low_clip_control	-1.3219280948873622	-1.0540268169818623	8.310249307479225
low_clip_control	-1.3219280948873622	-1.3531602355009258	15.518913676042676
low_clip_control	-1.3219280948873622	-1.5260688116675878	13.328106624852998
low_clip_control	-1.3219280948873622	-1.4909863525121425	9.968847352024923
low_clip_control	-1.3219280948873622	-1.239998774306089	10.101010101010102
low_clip_control	-1.3219280948873622	-0.6230305415546759	4.86749594375338
low_clip_control	-1.322861576020473	-1.0554223791192423	12.539184952978056
low_clip_control	-1.3249943979351455	-1.2688914273142022	8.839623965202751
low_clip_control	-1.325240828928198	-0.7233463134544558	12.163656468853668
low_clip_control	-1.3269230048077547	-1.597797926272395	16.50240660096264
low_clip_control	-1.3271647432535094	-0.4667901258617118	21.27659574468085
low_clip_control	-1.3275019397119543	-1.6180617713563945	9.55593029792018
low_clip_control	-1.3278651198952145	-1.2479065782715788	8.840353614144565
low_clip_control	-1.330148601692331	-2.543714214453639	5.111821086261981
low_clip_control	-1.3308244953757586	-1.6282279714471282	11.226494527083918
low_clip_control	-1.3318435637524453	-2.309855262586787	6.345177664974619
low_clip_control	-1.3337714129751908	-0.7193934866762148	7.568113017154389
low_clip_control	-1.3344190390705593	-1.1408625358398496	11.092623405435386
low_clip_control	-1.3346953909612405	-0.9931136144147602	17.189835575485798
low_clip_control	-1.3356030317844387	-0.627843871786094	10.11378002528445
low_clip_control	-1.3365254711003205	-0.9259572984450012	7.74526678141136
low_clip_control	-1.3374410942586867	-1.20087807492253	16.853932584269664
low_clip_control	-1.3374790984218778	-0.100470043764542	15.384615384615383
low_clip_control	-1.3388019134517586	-1.637733922595867	13.855421686746988
low_clip_control	-1.341036917835067	-1.2403702886927424	5.480817140009965
low_clip_control	-1.3421428550612362	-1.597411585029341	10.055478502080444
low_clip_control	-1.3430927048854049	-0.999202930896361	4.067796610169491
low_clip_control	-1.3463689541506614	-1.280116523778489	6.711409395973154
low_clip_control	-1.3479233034203069	-2.5211724884551843	9.74184120798831
low_clip_control	-1.3479233034203069	-1.0347654181606765	12.085944494180842
low_clip_control	-1.3491495636223867	-0.7415871519065836	10.92896174863388
low_clip_control	-1.3512224016814005	-0.9212228866158828	15.483870967741936
low_clip_control	-1.352239983403425	-1.7442467689249574	16.516516516516514
low_clip_control	-1.3536369546147005	-0.9764315288615956	14.972419227738378
low_clip_control	-1.3536369546147005	-1.0412394974654595	9.764758100310695
low_clip_control	-1.3544686229612974	-0.3611129184280904	6.498329001114
low_clip_control	-1.3554806545983888	-0.7767666022241814	6.404391582799634
low_clip_control	-1.3555021068342634	-1.9702269871073803	11.203319502074688
low_clip_control	-1.3566935130480389	-1.830241176211644	14.62352209085252
low_clip_control	-1.3575520046180836	-0.3479233034203068	9.765625
low_clip_control	-1.3575520046180836	-0.4571214579500961	10.545267489711934
low_clip_control	-1.3582496086993874	-1.725737759760831	16.146393972012916
low_clip_control	-1.3584539709124763	-0.1193681429353678	7.407407407407407
low_clip_control	-1.3590810933048283	-1.2967256001548806	13.84721901684745
low_clip_control	-1.3598959450863828	-0.4067341955476343	4.953764861294584
low_clip_control	-1.3614308904816166	-1.2109018373149458	4.872766648619383
low_clip_control	-1.3625700793847082	-1.125530882083859	13.566986998304127
low_clip_control	-1.3625700793847082	-1.0895969761181223	8.928571428571429
low_clip_control	-1.3625700793847082	-1.3200243844186232	5.475166210402816
low_clip_control	-1.3668539657688783	-1.8104312176919288	9.790681971640783
low_clip_control	-1.3688838533169103	-1.191235010566796	9.97920997920998
low_clip_control	-1.369233809665719	-1.3426866550541598	9.652509652509652
low_clip_control	-1.369233809665719	-0.6757126322387155	8.196721311475411
low_clip_control	-1.370547859342947	-1.7567802181001346	11.519881085098476
low_clip_control	-1.3706874068072177	-1.2740303837769855	15.55104800540906
low_clip_control	-1.371271907410414	-0.8906692033916184	5.982905982905983
low_clip_control	-1.3730434106142166	-2.1417347579912227	9.73828362751065
low_clip_control	-1.3738148365523308	-1.570821332338418	5.7005700570057005
low_clip_control	-1.3747447933308103	-0.4701467137904235	7.863695937090432
low_clip_control	-1.3785116232537298	-1.2106344504602764	8.853681267474371
low_clip_control	-1.3785116232537298	-1.7004397181410922	8.902077151335313
low_clip_control	-1.3785116232537298	-1.765534746362977	13.278855975485188
low_clip_control	-1.3785116232537298	-1.2598894644466905	7.6923076923076925
low_clip_control	-1.3785116232537298	-1.8694016907150333	9.116306425525655
low_clip_control	-1.381090167355506	-1.7577085942476711	9.80547208603511
low_clip_control	-1.3814291066360245	-1.917155140850939	10.935143288084465
low_clip_control	-1.3842871674548851	-1.2964549388460531	8.6272135613743
low_clip_control	-1.384663850235325	-0.6057511988857176	10.88646967340591
low_clip_control	-1.390459476558178	-1.4848258294357062	11.240632805995004
low_clip_control	-1.3917380504401882	-1.9727439890707523	4.357298474945535
low_clip_control	-1.3923174227787605	0.9307373375628862	8.793969849246231
low_clip_control	-1.3959286763311392	-2.2402742550280483	12.215568862275449
low_clip_control	-1.398549376490275	-1.5820928925331086	5.252525252525253
low_clip_control	-1.4001795405517308	-1.5098380811705607	12.365591397849462
low_clip_control	-1.4005379295837288	-1.4358447983196814	12.53538212697129
low_clip_control	-1.4013625623817674	-0.6652152979020136	14.272970561998216
low_clip_control	-1.4020984435713455	0.1226192866639555	5.322415557830093
low_clip_control	-1.404066381457841	-1.0642263900548254	8.388256440982623
low_clip_control	-1.4043902550793352	-1.5731295287325329	8.700380641653071
low_clip_control	-1.4054514504496458	-1.477150255806932	7.509386733416771
low_clip_control	-1.4059923596758368	-1.6344826365649547	13.82077574676772
low_clip_control	-1.4064243689741358	-1.1157230077134657	7.850467289719627
low_clip_control	-1.408084738637077	-0.9841716284531165	11.79245283018868
low_clip_control	-1.4093909361377015	-1.276003520859999	8.044554455445544
low_clip_control	-1.4100882833071104	-1.23734750701942	9.31372549019608
low_clip_control	-1.4109331009461072	-1.2163962823194698	8.387342737323674
low_clip_control	-1.4112912103887796	-1.2330334414105215	7.857142857142858
low_clip_control	-1.412383045832866	-2.076627018888801	12.514757969303425
low_clip_control	-1.412440387792805	-1.1698422313650982	4.4493882091212456
low_clip_control	-1.4133024479080962	-1.5284284721074446	3.696857670979667
low_clip_control	-1.415037499278844	-0.4761171474321869	9.703504043126683
low_clip_control	-1.415037499278844	-0.6392815948997943	7.633587786259541
low_clip_control	-1.415037499278844	-0.5824942451304068	8.205689277899342
low_clip_control	-1.415037499278844	-1.851477475289912	7.548152004164497
low_clip_control	-1.4185691902490971	-0.9302113788636552	8.130081300813009
low_clip_control	-1.4190042189647671	-1.546662189878365	9.534492428491308
low_clip_control	-1.4199032544506598	-1.3356994556826547	7.541478129713424
low_clip_control	-1.4208431209600496	-0.4599455880667458	10.025062656641603
low_clip_control	-1.4222330006830477	-1.092538605159154	6.98856416772554
low_clip_control	-1.4282019584772918	-0.5684417191049779	30.75170842824601
low_clip_control	-1.429251358498545	-1.6090131774854854	10.396361273554255
low_clip_control	-1.431488020059438	-1.4843472851603825	7.685486254803429
low_clip_control	-1.4329594072761065	-0.7289512714353987	13.42882721575649
low_clip_control	-1.436698282133437	-2.0028268653631764	9.02853015529072
low_clip_control	-1.4374053123072985	-0.8140826188726354	8.778930566640064
low_clip_control	-1.437808806937502	-1.510984062973855	8.010253123998718
low_clip_control	-1.438772148071204	-1.0663421256127086	8.409250175192712
low_clip_control	-1.4405725913859817	0.039833978292585	16.736401673640167
low_clip_control	-1.4405725913859817	-0.7738129044713115	8.03616273229533
low_clip_control	-1.4430025078148228	-1.1820128994019108	7.371007371007371
low_clip_control	-1.4444812771713258	-0.5765602709591384	8.299685957828624
low_clip_control	-1.4450599823782952	-1.1749809548091354	10.508474576271189
low_clip_control	-1.4451598608816332	-1.3306217568818703	10.666666666666666
low_clip_control	-1.4474589769712214	-1.7363337024023455	7.136485280999108
low_clip_control	-1.451695969857692	-0.8319975334428746	4.520795660036167
low_clip_control	-1.451695969857692	-0.957776979683174	10.741138560687434
low_clip_control	-1.4535470623854403	-1.874993638932968	21.44638403990025
low_clip_control	-1.4537179674429035	-1.9892356831169449	10.337698139214336
low_clip_control	-1.4545658634654812	-0.4897184368026142	3.996802557953637
low_clip_control	-1.4546668748459457	-1.7513752465194763	13.235294117647058
low_clip_control	-1.459431618637297	-3.5352753766208034	7.341772151898734
low_clip_control	-1.459431618637297	-0.5856562708912408	4.510309278350515
low_clip_control	-1.459431618637297	-1.2115041051937117	16.886930983847282
low_clip_control	-1.459431618637297	-1.3590810933048283	8.028904054596548
low_clip_control	-1.4639470997597903	-0.997260638111961	6.309148264984227
low_clip_control	-1.4646682670034443	-0.9607952014500528	12.090569355902396
low_clip_control	-1.4652922700585396	-2.5180971955802014	16.13367905502737
low_clip_control	-1.4656635723488118	-0.8312807613030847	6.768189509306261
low_clip_control	-1.4739311883324124	0.6560455987826387	5.200809014735626
low_clip_control	-1.4739311883324124	-2.485426827170241	8.826583592938734
low_clip_control	-1.4791678366985594	-0.8712069457158439	8.936170212765958
low_clip_control	-1.4802345243929125	-1.64334023014345	10.43956043956044
low_clip_control	-1.4803735994439564	-1.1234294608219402	3.3936651583710407
low_clip_control	-1.4806258409064206	-1.3223742233521332	13.42673671920607
low_clip_control	-1.4815153153998473	-1.986472218393764	12.881778516517764
low_clip_control	-1.483364360713349	-0.9735619526522348	13.731825525040389
low_clip_control	-1.4854268271702418	-2.026635126503467	9.891196834817013
low_clip_control	-1.4854268271702418	-1.5468273718343852	9.838753757857338
low_clip_control	-1.4854268271702418	-1.2497429094814034	8.762322015334064
low_clip_control	-1.4874459948068937	-2.3044158070806726	6.759225429302155
low_clip_control	-1.4882864813094825	-1.0975244272444864	15.4486036838978
low_clip_control	-1.488747185461853	0.2399910156256383	17.61252446183953
low_clip_control	-1.49267491067311	-1.0436134337884275	10.018954779312212
low_clip_control	-1.4953073133040289	-0.7872459786144484	8.239095315024233
low_clip_control	-1.4972684398147582	-0.9293754510285356	11.1731843575419
low_clip_control	-1.498404681168452	-1.859904834922088	7.453416149068323
low_clip_control	-1.5025003405291832	0.0946368741380752	7.112375533428165
low_clip_control	-1.5032015288982177	-1.310806491443908	6.438721136767318
low_clip_control	-1.5040688153256607	-1.8981994165765923	8.310991957104557
low_clip_control	-1.5079558561906197	-1.051200799498814	6.211180124223602
low_clip_control	-1.5081942602670533	-1.782345497670215	14.545454545454543
low_clip_control	-1.510961919277379	-1.359895945086383	9.630818619582664
low_clip_control	-1.510961919277379	-0.9318184588097542	13.897564022485946
low_clip_control	-1.512812714965321	-1.31860694313996	11.992619926199264
low_clip_control	-1.5165127138445649	-1.3703103938647836	16.673979815708645
low_clip_control	-1.5193741590935794	-0.6105776025358199	3.9246467817896384
low_clip_control	-1.5235619560570128	-1.0740005814437767	9.635237439779766
low_clip_control	-1.5244209587861055	-1.5528150652066164	7.661173749638624
low_clip_control	-1.524661990453342	-1.749065310293165	7.598784194528876
low_clip_control	-1.5278185936175477	-1.8013396565055395	9.156311314584697
low_clip_control	-1.5282199889350578	-1.6316100489760723	10.621680724773508
low_clip_control	-1.5291992291991472	-1.7320125939054072	10.42970379641218
low_clip_control	-1.5360529002402097	0.2907277879989181	8.177952240758913
low_clip_control	-1.538866086131702	-1.6215842974298524	16.213086276780544
low_clip_control	-1.5420539092518653	-2.0394361058059203	6.263701847792045
low_clip_control	-1.5425272344007597	-0.9283675052579702	9.983361064891849
low_clip_control	-1.5443205162238105	-0.9480048387015092	16.608391608391607
low_clip_control	-1.5459683691052926	-1.920643750675849	9.89423404981235
low_clip_control	-1.549042926466213	-1.7652097199860364	13.230429988974642
low_clip_control	-1.5510151687978184	-1.0119306878558183	9.429280397022334
low_clip_control	-1.5519851782748837	-0.3184402857639875	11.417058428475489
low_clip_control	-1.563185558325905	-1.4560379618600043	9.375
low_clip_control	-1.563429339171515	-0.9960906513400466	6.920415224913495
low_clip_control	-1.5644983981614404	-0.8917442089891428	13.955342902711322
low_clip_control	-1.5678889873622146	-1.0152544528581058	12.960609911054638
low_clip_control	-1.5693656456701377	-1.3619001092918768	15.954950727358048
low_clip_control	-1.5821638673684828	-1.671968089441023	14.885496183206106
low_clip_control	-1.5849625007211563	1.3458539341328428	15.1024811218986
low_clip_control	-1.5849625007211563	1.0730634621897237	4.779080252479711
low_clip_control	-1.5849625007211563	0.8871059435940665	16.381766381766383
low_clip_control	-1.5849625007211563	-0.0644887264517137	13.505578391074575
low_clip_control	-1.5849625007211563	-1.712699652233342	7.532956685499058
low_clip_control	-1.5849625007211563	-1.478161856964351	12.528473804100228
low_clip_control	-1.5849625007211563	-1.7104933828050153	10.033444816053512
low_clip_control	-1.5849625007211563	-1.0995356735509143	9.474768280123584
low_clip_control	-1.5849625007211563	-0.4801325275007289	10.506208213944603
low_clip_control	-1.5849625007211563	-1.0295731153833472	9.9009900990099
low_clip_control	-1.5849625007211563	-1.5901242058369351	5.795574288724974
low_clip_control	-1.5849625007211563	-1.9057586261185988	8.232445520581114
low_clip_control	-1.5849625007211563	-1.917537839808027	15.230635335073975
low_clip_control	-1.5958508168638923	-1.222777705099157	22.727272727272727
low_clip_control	-1.5966443057687916	-1.2235822913267398	9.309542280837858
low_clip_control	-1.5966443057687916	-1.7654778274573657	10.140845070422534
low_clip_control	-1.5999128421871278	-1.749241700992174	12.214551248008496
low_clip_control	-1.6009040445901777	-1.1948769886409196	10.060362173038229
low_clip_control	-1.6018858037576245	-1.5649486905948944	8.465011286681717
low_clip_control	-1.603341030036011	-1.7824358308602604	6.082725060827251
low_clip_control	-1.606550546171802	-1.70772497315552	8.305020762551907
low_clip_control	-1.6084214735451452	-1.0262217446158295	15.215110178384052
low_clip_control	-1.6084214735451452	-0.5362920219678503	10.843373493975903
low_clip_control	-1.6090079746878072	-1.9192481856353485	11.144449207029576
low_clip_control	-1.6092100469678334	-1.8700514131141783	6.653620352250489
low_clip_control	-1.6096245549554251	-0.2843464399863948	7.261410788381743
low_clip_control	-1.610725596786238	-1.151366757894959	6.790123456790123
low_clip_control	-1.6152450676571988	-1.2336251153490327	8.968609865470851
low_clip_control	-1.6189098326444935	-0.9861738451329836	8.724100327153762
low_clip_control	-1.6209417978267229	-1.4158611904464595	6.23475196530225
low_clip_control	-1.6214883767462702	-1.419487796638049	7.147111375818939
low_clip_control	-1.621838502956189	-1.178525838198314	18.03607214428858
low_clip_control	-1.6221954069201314	-1.261240168188258	7.09471443774388
low_clip_control	-1.6289058483087533	-1.3366482726211253	7.523510971786834
low_clip_control	-1.630766190334281	-0.636902369126293	6.016847172081829
low_clip_control	-1.6315050866581864	-2.0732115828306017	10.365029292474087
low_clip_control	-1.632268215499513	0.3740657182225377	19.675925925925927
low_clip_control	-1.633461018412346	-2.58985676769716	9.031716026044949
low_clip_control	-1.6384017596826166	-1.1114977730922566	15.618027666220438
low_clip_control	-1.6433454108559926	-1.7534943898070474	18.867924528301884
low_clip_control	-1.6438561897747246	-0.7120744186244954	16.791044776119403
low_clip_control	-1.6463630453852995	-1.613020175710993	16.778523489932887
low_clip_control	-1.6470586218130687	-1.8780595618249487	12.977649603460703
low_clip_control	-1.6501607666289335	-1.2199251276234442	11.04502973661852
low_clip_control	-1.650550842348733	-1.9342940681336047	7.989907485281749
low_clip_control	-1.651363726443666	-0.6222334512942036	7.451564828614009
low_clip_control	-1.6520766965796931	-1.204617719608472	6.369426751592357
low_clip_control	-1.6520766965796931	-0.9625252945813374	9.137426900584796
low_clip_control	-1.6531340033627355	-0.6405661198405399	10.834926704907584
low_clip_control	-1.6536752508051704	-0.6937535273449075	7.246376811594203
low_clip_control	-1.655783837910853	-1.5888099638965154	18.736223365172663
low_clip_control	-1.657432139053601	-2.143495169433913	10.422698320787491
low_clip_control	-1.6623475528196212	-1.0496755423363164	7.990411506192568
low_clip_control	-1.6629650127224294	0.1437354774614493	12.38390092879257
low_clip_control	-1.6643449220011255	0.5222563889796894	26.966292134831463
low_clip_control	-1.670935723831009	-1.295592667264189	4.863813229571985
low_clip_control	-1.6712362748631482	-1.1309731690789977	6.339144215530904
low_clip_control	-1.6724253419714956	-1.5092921331640217	8.603573792190604
low_clip_control	-1.677528619457229	-1.2520727775637768	13.92673327278232
low_clip_control	-1.679910904776419	-1.4460047924694013	8.4985835694051
low_clip_control	-1.6880559936852595	-1.499386769015082	6.849315068493151
low_clip_control	-1.688710425558985	-1.1664444327073509	10.404624277456648
low_clip_control	-1.6897054614494602	-1.8817722832195087	10.190217391304348
low_clip_control	-1.690315500867385	-1.3934604207403896	17.76103336921421
low_clip_control	-1.6938968722743202	2.034646142806891	8.114374034003092
low_clip_control	-1.6938968722743202	-1.0322411520823822	5.497251374312843
low_clip_control	-1.6998524211491066	-2.041886739976733	12.654819601507809
low_clip_control	-1.7004397181410922	-1.024874668639029	13.39784145887607
low_clip_control	-1.7004397181410922	-0.7436602467402145	10.101010101010102
low_clip_control	-1.7023628844435048	-1.5235193238547406	8.292499057670561
low_clip_control	-1.7073591320808827	-1.533218925627158	20.891364902506965
low_clip_control	-1.7078192485066896	-1.203406102371305	8.045052292839904
low_clip_control	-1.7086978691434012	-1.5376041414850992	7.122507122507122
low_clip_control	-1.710493382805015	-1.6614004370990858	10.705702425169324
low_clip_control	-1.711494906650088	-1.0201075734485747	15.471167369901549
low_clip_control	-1.711494906650088	-1.3399889719282376	14.084507042253522
low_clip_control	-1.7128063212417268	-1.5415200720428552	8.227228207639568
low_clip_control	-1.7128799756418929	-2.1144928644151544	5.577244841048522
low_clip_control	-1.7192635924327473	-1.2954558835261714	3.3783783783783785
low_clip_control	-1.7204420630393102	-0.9544542644952128	7.067137809187279
low_clip_control	-1.7286979781826055	-1.0201241188889931	7.11997152011392
low_clip_control	-1.7293524100563311	-1.3601018237939586	20.28985507246377
low_clip_control	-1.7322470452636765	-1.188890279786059	18.072289156626507
low_clip_control	-1.7338258866356389	-1.1622714288988771	6.700167504187605
low_clip_control	-1.7341340033830437	-1.7497416366849468	9.120039438008382
low_clip_control	-1.7345985796222898	-1.435850192369404	10.628875110717448
low_clip_control	-1.7369655941662063	-1.452466072074295	3.7629350893697087
low_clip_control	-1.7369655941662063	-0.323470259695768	10.317787866281469
low_clip_control	-1.7369655941662063	-1.1043366598147355	8.325624421831638
low_clip_control	-1.738723906438565	-1.4698828404813735	10.6280193236715
low_clip_control	-1.7414669864011472	-1.114594313101838	6.711409395973154
low_clip_control	-1.7419318470595555	-0.6432287946611671	7.159904534606206
low_clip_control	-1.74416109557041	-0.6355780316663905	10.676156583629894
low_clip_control	-1.74416109557041	-2.6699338356689606	10.303377218088151
low_clip_control	-1.746243407754217	-0.4739311883324124	7.403979639055993
low_clip_control	-1.7468133801225532	-1.7461885930715266	6.253256904637832
low_clip_control	-1.7481277004535063	-0.557907014376738	10.568031704095112
low_clip_control	-1.7482682432317072	-1.7346865004055552	12.979989183342347
low_clip_control	-1.7500217469916524	-1.1931947807651595	15.350877192982455
low_clip_control	-1.7500217469916524	-1.8537782745082705	10.856453558504224
low_clip_control	-1.7508944327976086	-0.649470200765212	13.6986301369863
low_clip_control	-1.7529071380352277	-0.8645503236391472	9.911894273127754
low_clip_control	-1.7529071380352277	-0.4911641674660406	8.130081300813009
low_clip_control	-1.7641870629012306	-0.976114116514457	7.782839787395597
low_clip_control	-1.765534746362977	0.6809776362880484	18.033740546829552
low_clip_control	-1.765534746362977	-1.1819978337428876	15.278838808250574
low_clip_control	-1.7725895038969277	0.3561438102252753	11.986301369863012
low_clip_control	-1.7725895038969277	-1.7011001416092004	14.634146341463415
low_clip_control	-1.7813597135246595	-1.0210616155278298	8.55188141391106
low_clip_control	-1.7813597135246595	-0.3603496941201246	8.333333333333334
low_clip_control	-1.7817473090244762	-1.0141449910092306	13.5623869801085
low_clip_control	-1.7818673174849384	-1.3413359195451835	10.342789598108746
low_clip_control	-1.7842713089445628	-0.9974214558982236	8.285004142502071
low_clip_control	-1.807354922057604	-0.9005465113664549	13.53965183752418
low_clip_control	-1.807354922057604	-2.237039197300849	6.034274680183442
low_clip_control	-1.807354922057604	-1.4164082310122583	8.196721311475411
low_clip_control	-1.807354922057604	-0.8155754288625724	12.56913021618904
low_clip_control	-1.807354922057604	-2.139930261144475	6.756756756756757
low_clip_control	-1.8147260736976945	-0.8371022654516561	8.051529790660224
low_clip_control	-1.8152601201429504	-1.6897704264965117	9.958239640218435
low_clip_control	-1.8156489438586847	-1.6724834362374086	17.004425809457256
low_clip_control	-1.8160371651574048	-1.5529547583458927	7.420675537359263
low_clip_control	-1.8231222379159209	-1.949012063900721	12.531328320802004
low_clip_control	-1.829381228387603	-1.8172071554922349	11.795859412614348
low_clip_control	-1.8297227350860583	-0.941719152195602	8.333333333333334
low_clip_control	-1.834413934282025	-1.980512781219283	8.729935229512813
low_clip_control	-1.8365012677171204	-0.0146467759644013	10.416666666666666
low_clip_control	-1.8365012677171204	-0.933663747024098	7.172995780590718
low_clip_control	-1.8450253400236591	-1.0799664558043185	12.521482936410507
low_clip_control	-1.8450253400236591	-2.2491432921571084	7.092198581560283
low_clip_control	-1.84799690655495	1.4405725913859817	7.745933384972889
low_clip_control	-1.84799690655495	-2.401250547548768	6.259314456035767
low_clip_control	-1.8541491335365448	0.4997816987995227	4.672897196261682
low_clip_control	-1.857980995127572	0.6589630821649328	6.13747954173486
low_clip_control	-1.8627345250982068	-1.175723366521274	9.307135470527404
low_clip_control	-1.8645365827048808	-1.7219755144590208	9.150326797385622
low_clip_control	-1.8744691179161408	0.7288252055772725	3.2991202346041058
low_clip_control	-1.8744691179161408	-0.1878280616446201	5.063291139240507
low_clip_control	-1.8744691179161408	-0.7884958948062882	11.982570806100217
low_clip_control	-1.8853574340588768	-1.146028116697145	6.934812760055479
low_clip_control	-1.893084796083488	-2.1309441513148872	12.428008487420431
low_clip_control	-1.8940093043117865	-1.6194234155957583	6.966907190843493
low_clip_control	-1.8981203859807865	-0.4728315731565492	12.893243940175347
low_clip_control	-1.8987166641628184	-0.8107998137745988	6.707946336429308
low_clip_control	-1.9052595100295904	-0.5675275592040685	9.160305343511451
low_clip_control	-1.9068905956085185	-0.7856598509582854	9.416195856873822
low_clip_control	-1.9068905956085185	-1.9855004303048849	15.146415348367553
low_clip_control	-1.9068905956085185	-1.0	10.877719429857464
low_clip_control	-1.9148833863620487	-1.77448155038128	6.859205776173286
low_clip_control	-1.916671616401104	-1.4851145217158588	7.494646680942185
low_clip_control	-1.917537839808027	-2.08707136431138	9.603841536614643
low_clip_control	-1.917537839808027	-0.7347239600617442	4.768392370572207
low_clip_control	-1.920565532505595	-0.9250309892502134	7.8277886497064575
low_clip_control	-1.925999418556224	-1.2403143293337104	8.870116156283
low_clip_control	-1.929610672108602	-1.569108549520319	13.1888836552049
low_clip_control	-1.935679019033144	-2.42349907802704	7.481296758104738
low_clip_control	-1.9364348712225337	-0.6743928459977728	5.109489051094891
low_clip_control	-1.9385994553358568	-0.7685389119359958	13.228809407153356
low_clip_control	-1.9385994553358568	-1.8546373371564349	8.831521739130434
low_clip_control	-1.941447817644887	-0.6084044342088997	8.876430740481197
low_clip_control	-1.9427357945552408	-1.0932551533629702	6.5274151436031325
low_clip_control	-1.944858445807539	-3.449944240360816	11.231603408210688
low_clip_control	-1.9531382281679124	-1.845673966102952	11.87756966651439
low_clip_control	-1.954196310386876	-0.6520766965796931	21.60066463583495
low_clip_control	-1.9567325460958307	-1.1576129059404483	10.576923076923077
low_clip_control	-1.9593580155026544	-1.5134412033398383	11.266831547128332
low_clip_control	-1.9607200123381887	-1.1663349128711331	7.618416694269626
low_clip_control	-1.968291140272662	-2.2466758295851483	11.836578846888123
low_clip_control	-1.9696263509564813	-1.8001389199150817	12.9757785467128
low_clip_control	-1.9740047914670555	-2.1087356395408805	9.021512838306732
low_clip_control	-1.9757524537533229	-1.9441769649063985	8.009611533840609
low_clip_control	-1.9789383844721704	-1.240426622938421	4.864864864864865
low_clip_control	-1.9835118772114309	-1.0764942955992998	13.062044712383823
low_clip_control	-2.0	-1.7669603344640434	11.838284565557291
low_clip_control	-2.0	-2.11864449649862	8.331229487503155
low_clip_control	-2.0	-1.115477217419936	7.004763239002521
low_clip_control	-2.0	-0.7101986846034207	17.43027888446215
low_clip_control	-2.0	-0.5916262310021669	14.102564102564102
low_clip_control	-2.0	-0.6878010679801558	11.477761836441896
low_clip_control	-2.0	-0.6009040445901778	8.594757198109154
low_clip_control	-2.0	-0.735882896148495	12.73510971786834
low_clip_control	-2.00247389893296	-0.3040362452151521	10.054844606946984
low_clip_control	-2.006919413939791	-0.8147505882971248	12.82051282051282
low_clip_control	-2.012824040357584	-1.128177832793545	8.658008658008658
low_clip_control	-2.0183785293148544	-1.6947436976286383	9.097801364670204
low_clip_control	-2.018859027251316	-0.9060087663503168	11.140235910878111
low_clip_control	-2.0214189836349057	-1.49318366406321	18.89763779527559
low_clip_control	-2.0255350921071376	-0.681744444323397	16.008537886872997
low_clip_control	-2.032421477692377	-1.7886951011520635	10.101010101010102
low_clip_control	-2.039528364186637	-0.7666313763741048	8.364312267657992
low_clip_control	-2.056583528366368	-1.3464172642405017	6.827309236947792
low_clip_control	-2.0628877059553905	-1.3229876320490743	12.233211868818325
low_clip_control	-2.069041644429652	-1.6038088006873543	10.971428571428572
low_clip_control	-2.070389327891398	-1.318607736595751	10.238907849829353
low_clip_control	-2.0759488532332986	-1.0698439886141091	9.221142763049563
low_clip_control	-2.076815597050831	-1.1994660244869404	7.199424046076314
low_clip_control	-2.078002512001273	-0.5672604989876974	9.48332243296272
low_clip_control	-2.082462160191973	-1.0791379765994076	11.583011583011585
low_clip_control	-2.0874628412503395	-1.0031059108678215	8.215962441314554
low_clip_control	-2.0874628412503395	-1.3164736647952544	6.618531889290012
low_clip_control	-2.089256815118952	-1.7104675379662069	11.92434210526316
low_clip_control	-2.103093492964104	-1.4745466619838323	7.434944237918216
low_clip_control	-2.106915203916512	-0.2962730100319934	7.5
low_clip_control	-2.1078907229481287	-1.951358913335634	8.449004224502113
low_clip_control	-2.110131916600055	-1.4729272251458363	9.615384615384617
low_clip_control	-2.1104239896936505	-0.9201352551602056	15.815085158150852
low_clip_control	-2.1133618284179305	-2.023120986681113	10.332950631458097
low_clip_control	-2.115477217419936	0.9004643264490856	7.398273736128237
low_clip_control	-2.115477217419936	-1.3341175038952764	13.281682346430548
low_clip_control	-2.115477217419936	-1.675663516897309	7.317073170731708
low_clip_control	-2.12199052437861	-1.589629361267605	5.446623093681917
low_clip_control	-2.1223966313597264	-1.139047744134812	6.211180124223602
low_clip_control	-2.123382415505282	-1.2703488081513803	8.307372793354102
low_clip_control	-2.137503523749935	-0.2132064004247123	17.421602787456447
low_clip_control	-2.1488633859144826	-1.783701173811057	8.740359897172237
low_clip_control	-2.1699250014423126	-3.0443941193584534	10.909884355225834
low_clip_control	-2.1699250014423126	-0.8073549220576042	5.225342913128674
low_clip_control	-2.1699250014423126	-0.9427560481655244	10.358565737051793
low_clip_control	-2.182203331220749	-1.6803405487984149	5.39568345323741
low_clip_control	-2.198494153639083	-1.692961964592188	10.423452768729645
low_clip_control	-2.208271313091795	-0.4580939319017859	10.416666666666666
low_clip_control	-2.2129937233341983	-1.5517738360705833	8.841463414634145
low_clip_control	-2.2197083367652364	0.46022807627415	1.9267822736030829
low_clip_control	-2.221150324797485	-1.2485121246001698	16.625916870415647
low_clip_control	-2.222392421336448	-0.5796682010516432	6.102212051868802
low_clip_control	-2.222392421336448	-0.7407264027866513	12.74185936762624
low_clip_control	-2.222392421336448	-1.8182620125828728	10.558069381598791
low_clip_control	-2.223952935324065	-1.948828486118421	7.850834151128557
low_clip_control	-2.230297619421794	-0.5494641852056893	9.389671361502348
low_clip_control	-2.234465253637023	-0.7797112330091114	9.796718099436688
low_clip_control	-2.2479275134435857	-1.6960291520617783	9.704251386321626
low_clip_control	-2.2479275134435857	-1.3219280948873624	16.684607104413345
low_clip_control	-2.2479275134435857	-0.6640163098912186	21.12676056338028
low_clip_control	-2.2479275134435857	-1.577873075934837	9.9644128113879
low_clip_control	-2.270853910293093	-0.4826872909486616	8.276899924755455
low_clip_control	-2.273018494406416	-1.1699250014423124	6.7669172932330826
low_clip_control	-2.2971601897384204	-0.6598879848498865	12.177985948477753
low_clip_control	-2.3062464726550926	-1.13917166467308	12.52678424262403
low_clip_control	-2.321928094887362	-4.655351828612554	13.870002719608376
low_clip_control	-2.321928094887362	-0.5796682010516432	7.356715141146278
low_clip_control	-2.321928094887362	-1.1769481632084504	4.438807863031071
low_clip_control	-2.321928094887362	-1.762965108628116	5.850804485616773
low_clip_control	-2.321928094887362	-2.8205062897089093	10.070493454179257
low_clip_control	-2.321928094887362	-0.0430687218918859	8.951406649616368
low_clip_control	-2.3267558574768903	-1.1092014980598284	9.528585757271816
low_clip_control	-2.334984247712809	-1.6698796889419592	15.03006012024048
low_clip_control	-2.342989710415192	-1.472923168572254	5.675368898978434
low_clip_control	-2.34577483684173	-0.7560417616242647	6.207966890843249
low_clip_control	-2.357552004618084	0.3681164518913512	7.226738934056007
low_clip_control	-2.357552004618084	-0.7827354871165854	4.735595895816891
low_clip_control	-2.361456459074	-1.487669022085151	10.24634837584478
low_clip_control	-2.361456459074	-0.5834203359127507	5.138339920948616
low_clip_control	-2.386058432307078	-1.4509574288633458	7.028112449799196
low_clip_control	-2.39231742277876	-1.6098371693601854	12.517385257301807
low_clip_control	-2.39231742277876	-1.1325856396178091	3.668378576669112
low_clip_control	-2.394971876224738	-1.2929471484875157	15.375153751537516
low_clip_control	-2.4059923596758366	-1.246546283045225	15.997023809523808
low_clip_control	-2.4208431209600496	-0.9510903995190536	8.391608391608392
low_clip_control	-2.4240262825060985	-0.6390391734769488	9.49367088607595
low_clip_control	-2.428843298803874	-0.2477970662671541	8.456659619450317
low_clip_control	-2.4346282276367246	-1.3422289185707466	10.060362173038229
low_clip_control	-2.438573013739633	-1.2198514479072315	8.02139037433155
low_clip_control	-2.4422223286050744	-1.5473399655654445	9.57592339261286
low_clip_control	-2.445799753049531	-2.0122753448561204	14.035087719298248
low_clip_control	-2.44930740136359	-0.6140554122414827	5.277044854881266
low_clip_control	-2.452858964713811	-0.4480046684194977	11.204481792717086
low_clip_control	-2.4594316186372973	-0.1239887172754533	6.639004149377593
low_clip_control	-2.469186186163031	-2.2707165559781943	10.60859854829704
low_clip_control	-2.489384840738925	-1.5401807858628864	12.996941896024463
low_clip_control	-2.497707166848505	-1.6953587659502205	17.12614870509607
low_clip_control	-2.502500340529183	-1.857980995127572	12.339331619537276
low_clip_control	-2.502500340529183	-0.5159664081296245	11.774600504625736
low_clip_control	-2.502500340529183	-1.0551415541924611	9.803921568627452
low_clip_control	-2.515838140066336	-0.7251914536811885	14.256619144602851
low_clip_control	-2.5178483048626195	-1.813781191217037	8.827238335435057
low_clip_control	-2.523561956057013	-0.6737717676790124	13.590348079323256
low_clip_control	-2.5254614889724945	-1.2820147806560245	9.888751545117428
low_clip_control	-2.5270891242215847	0.1468160437516138	0.0
low_clip_control	-2.5397332467281584	-1.2419005802256615	16.186140617096612
low_clip_control	-2.55019708256048	-1.1292830169449666	14.297729184188396
low_clip_control	-2.5594274086140185	-1.1465769006158335	12.630819198845185
low_clip_control	-2.572251448971602	-1.6239738126297805	8.029978586723768
low_clip_control	-2.584962500721156	0.5443205162238102	3.79746835443038
low_clip_control	-2.584962500721156	-0.5530473206443939	9.12280701754386
low_clip_control	-2.584962500721156	-1.0479582817520705	13.85570950788342
low_clip_control	-2.604862058158861	-0.6296250034941849	6.531678641410843
low_clip_control	-2.6156592979440725	-1.94539125157562	10.864197530864198
low_clip_control	-2.6322682154995127	-0.8073549220576042	11.477045908183632
low_clip_control	-2.652076696579693	-1.3981636807144475	5.328596802841918
low_clip_control	-2.655351828612554	-0.5487888881676712	14.939309056956116
low_clip_control	-2.655351828612554	-2.042963200276603	5.1575931232091685
low_clip_control	-2.6595094540862103	-1.278898071377767	6.300114547537228
low_clip_control	-2.6870606883398924	-0.7891263285401712	22.68041237113401
low_clip_control	-2.700439718141092	0.0839846700163991	10.87429317094389
low_clip_control	-2.700439718141092	-1.944412274459963	6.331340133661625
low_clip_control	-2.716207033999409	-0.6585191076912371	7.107709130672498
low_clip_control	-2.722466024471091	-2.1176950426697547	13.082583810302536
low_clip_control	-2.748020782675202	-3.266280065337448	13.752052545155994
low_clip_control	-2.7548875021634687	-0.5093900705209572	10.554089709762533
low_clip_control	-2.807354922057604	0.154328146391294	7.792207792207792
low_clip_control	-2.807354922057604	-0.5579954531208869	11.166253101736972
low_clip_control	-2.807354922057604	-0.8813555035013808	9.50734658599827
low_clip_control	-2.807354922057604	-1.365766705820887	3.9100684261974585
low_clip_control	-2.807354922057604	-0.8243679093482291	22.77039848197344
low_clip_control	-2.874469117916141	-0.5250977002695925	7.992249939452653
low_clip_control	-2.880734148445854	-1.5020525161160898	14.009339559706472
low_clip_control	-2.9047982166472788	-2.108656121158136	9.154929577464788
low_clip_control	-2.9068905956085187	-0.1016209042469988	6.99523052464229
low_clip_control	-2.9385994553358565	-0.4974996594708169	8.587786259541986
low_clip_control	-2.9385994553358565	-1.4338965265301598	17.312448474855728
low_clip_control	-2.9385994553358565	-1.511994628727982	12.246820536975978
low_clip_control	-2.9434164716336326	-2.4076165591616427	10.330578512396697
low_clip_control	-2.975196608999428	-1.9859955804454008	8.869179600886918
low_clip_control	-2.9772799234999168	-0.2834922980460843	5.227781926811053
low_clip_control	-3.0	-0.0065428458667719	12.207527975584943
low_clip_control	-3.0	-1.1771434133398764	7.992622194897018
low_clip_control	-3.0	-0.8377227674374008	12.34567901234568
low_clip_control	-3.041820175694628	-3.2479275134435857	13.370035391270154
low_clip_control	-3.0588936890535687	-0.1124747292584125	9.7799511002445
low_clip_control	-3.064130337419716	-1.7924607067579097	10.70663811563169
low_clip_control	-3.0874628412503395	-1.9256492316416536	13.18051575931232
low_clip_control	-3.1699250014423126	-0.9719856238304035	13.489208633093524
low_clip_control	-3.1699250014423126	-0.2778314077618744	6.354249404289118
low_clip_control	-3.1699250014423126	-1.6506489678147904	8.93132121958731
low_clip_control	-3.1699250014423126	-1.4781343346038858	11.50442477876106
low_clip_control	-3.192645077942396	-2.3670159844159	9.737098344693282
low_clip_control	-3.2094533656289497	-0.4791678366985595	9.151414309484194
low_clip_control	-3.221756172135005	-1.7339928207343114	1.6299918500407498
low_clip_control	-3.222392421336448	-1.167072415162698	1.2755102040816326
low_clip_control	-3.252980741169871	-1.3682569184438336	6.91699604743083
low_clip_control	-3.273018494406416	1.0356239097307212	4.726270185112249
low_clip_control	-3.290219235160024	-1.438688767343489	11.11111111111111
low_clip_control	-3.2927817492278457	-2.0	10.20408163265306
low_clip_control	-3.301169534720565	-1.7637989808435066	16.738995660260382
low_clip_control	-3.321928094887362	1.063565128777466	6.841505131128849
low_clip_control	-3.321928094887362	-1.1659319320764523	8.064516129032258
low_clip_control	-3.321928094887362	-1.5145731728297582	13.847080072245635
low_clip_control	-3.321928094887362	-2.137503523749935	7.6923076923076925
low_clip_control	-3.357552004618084	-1.0493880269621636	13.222331047992164
low_clip_control	-3.381542951184585	-1.410001860169035	5.537098560354375
low_clip_control	-3.39231742277876	0.3625700793847083	6.7698259187620895
low_clip_control	-3.409785600355972	-0.2000625495048788	8.488964346349746
low_clip_control	-3.4329594072761065	-1.4265331381166733	8.97308075772682
low_clip_control	-3.4594316186372973	-1.800691191776593	12.828535669586984
low_clip_control	-3.4594316186372973	-0.280216855277726	14.35897435897436
low_clip_control	-3.4594316186372973	-0.1255308820838588	9.973753280839896
low_clip_control	-3.4697320285926407	-2.4959856217982224	9.86679822397632
low_clip_control	-3.4918530963296748	-1.2890134724146272	19.02748414376321
low_clip_control	-3.500498426329788	0.1767084114388002	0.0
low_clip_control	-3.523561956057013	-0.9068905956085186	12.256267409470752
low_clip_control	-3.5443205162238103	-1.3727586460302243	15.439429928741092
low_clip_control	-3.5647846187835257	-1.4049244876501092	7.8125
low_clip_control	-3.619896290830544	-1.9475325801058645	8.325074331020813
low_clip_control	-3.6244908649077936	-1.7958592832197748	9.532062391681109
low_clip_control	-3.700439718141092	0.2708539102930928	5.546177959971064
low_clip_control	-3.700439718141092	-1.5594274086140183	10.58425063505504
low_clip_control	-3.736965594166206	-0.5458168543388073	8.771929824561402
low_clip_control	-3.807354922057604	0.0945175987842897	8.416622830089427
low_clip_control	-3.807354922057604	-1.4847983387957244	2.638522427440633
low_clip_control	-3.857980995127572	1.584962500721156	10.376134889753567
low_clip_control	-3.857980995127572	-1.7293524100563311	12.086791903305665
low_clip_control	-3.906890595608519	1.219965683941908	5.689001264222504
low_clip_control	-3.906890595608519	0.2410080995037947	8.474576271186441
low_clip_control	-3.9302116698431377	-1.13700179687878	19.021739130434785
low_clip_control	-4.0	0.3360763569333331	10.504201680672267
low_clip_control	-4.0	-0.4745385110275055	10.966415352981494
low_clip_control	-4.022367813028454	-1.3161150861158626	3.764115432873275
low_clip_control	-4.029747343394052	0.1993088082234066	10.212950890916993
low_clip_control	-4.169925001442312	-1.2692332819687369	3.468208092485549
low_clip_control	-4.269460674993227	-2.082462160191973	16.887816646562122
low_clip_control	-4.285402218862249	0.6166713604484945	15.625
low_clip_control	-4.321928094887363	-0.1856708062104449	8.206686930091186
low_clip_control	-4.392317422778761	-1.4525122046975067	5.076142131979695
low_clip_control	-4.523561956057013	-1.7286979781826055	8.739076154806492
low_clip_control	-4.584962500721156	-1.819017839583184	10.144927536231885
low_clip_control	-4.754887502163468	-1.280633885876975	8.249641319942612
low_clip_control	-4.857980995127572	-1.0408830564405736	7.35564545788893
low_clip_control	-4.954196310386875	-1.4280186660058356	6.92201199815413
low_clip_control	-4.964202679001459	-0.0668440936072085	0.6472491909385113
low_clip_control	-4.977279923499917	-1.3357338944123929	8.079552517091361
low_clip_control	-5.087462841250339	-1.9772799234999163	7.940008822232023
low_clip_control	-5.149747119504682	-0.2700891633677443	10.8991825613079
low_clip_control	-5.235216461694032	-0.4239706240488514	0.0
low_clip_control	-5.303582234927269	-0.2711256619146366	1.0449320794148382
low_clip_control	-5.491853096329675	-2.0347048509960786	7.081625046589639
low_clip_control	-6.022367813028454	-2.273018494406416	8.436724565756824
low_clip_control	-6.741466986401147	-1.7292945808132776	13.058696822832523
low_clip_control	-8.86418614465428	-1.0681637771394044	17.857142857142858
other	2.3999306068886352	-0.9198296513160168	10.60070671378092
other	2.399171093819823	-0.5711567011961258	11.604938271604938
other	2.398549376490275	-0.4733386045311333	23.95209580838324
other	2.398456559876167	0.310437438905613	9.315805817203188
other	2.398031073973154	-0.4931571618838933	7.617728531855956
other	2.3975923648194346	-0.886979828375586	6.629834254143646
other	2.3968901525685844	-1.018736562581586	11.104256631708822
other	2.396352936013917	-1.0843035070161404	13.157894736842104
other	2.3955851366126715	-1.4220769577386645	12.926467471922017
other	2.394684437322677	0.3782800695992903	11.33977320453591
other	2.3942789391120463	0.5435708695242261	5.8990089664936285
other	2.39231742277876	1.652076696579693	15.296367112810708
other	2.39231742277876	0.7825466284751018	8.920606601248885
other	2.39231742277876	0.2398540357346402	8.681497558328811
other	2.39091470507867	-0.5448194596978786	11.644832605531295
other	2.39091470507867	-0.9473254600077572	16.936394429808054
other	2.390428831016862	-1.076678216142414	11.994949494949497
other	2.3903150698676128	-1.181115691457437	11.869918699186991
other	2.3899465183160133	-0.5185687091568368	18.06684733514001
other	2.3897062093222226	-0.6079651410912729	8.545680546923554
other	2.388680440972021	-0.7894587732882853	15.843857634902411
other	2.388673101192315	-0.8613426740428741	14.84230055658627
other	2.3885068685683346	-0.7698055186715451	12.314007183170856
other	2.388489957262549	-0.846146824473603	5.936479667557139
other	2.3882705897160585	1.3294356315563034	7.616146230007616
other	2.387364082383544	-1.005083384586231	8.26690286389135
other	2.387023123109248	0.3583219049074511	15.6062424969988
other	2.386058432307078	0.2357464597225162	5.00595947556615
other	2.3859878198420774	-0.006387022441241	9.04271905207359
other	2.3856536924977494	0.0415791037513993	9.436187780136825
other	2.385192988345379	-0.1181199754817928	6.808064938465567
other	2.384911374477313	-1.3724806263521885	12.729587197672304
other	2.384663850235325	0.6655809609294409	10.494097070397904
other	2.384663850235325	0.1032672908606981	12.05673758865248
other	2.384663850235325	-0.343746205093053	9.099181073703368
other	2.383647080131297	-0.8552477920021845	12.144281312307417
other	2.383177812293578	-0.1368153553701292	8.840043005614621
other	2.3825628552530267	-0.0248831232783636	9.092787766067367
other	2.382469636822413	-0.940390510861845	11.821974965229485
other	2.3822637581148376	-0.4313411861555303	8.615897720956088
other	2.3813235036611284	-0.0725525087511615	6.113331765812368
other	2.3812491858225604	0.1649701194995473	9.989242354387583
other	2.37851162325373	0.3719687773869581	9.20850690638018
other	2.376563351464208	-0.8218467238220429	13.989387361312108
other	2.3763758789097387	-0.5209880123931865	4.766949152542373
other	2.3749762231696976	0.1331347299392403	11.915269196822596
other	2.3734583955274444	-0.1137495327706152	7.779349363507779
other	2.3731068188129254	-0.7674727675310145	13.054830287206263
other	2.372838414838536	-0.2566274694007563	12.604501607717042
other	2.372455653495147	-0.0689068125360392	7.063197026022305
other	2.371713732993829	-0.5219485956356233	9.595959595959595
other	2.371359719117839	-0.4604202815891047	7.78274548766352
other	2.370457988815021	-0.9975940688667552	15.302013422818792
other	2.37016428054021	-0.8992683288337	9.9009900990099
other	2.36923380966572	0.098989094631367	16.80672268907563
other	2.3680245094768164	0.2592886535898604	0.0
other	2.3673710656485296	0.8458484399763733	9.329647546648236
other	2.366178869316403	-0.0703670081073575	11.118378024852843
other	2.3649968167792483	0.3662965265861659	12.113055181695827
other	2.362887092513253	-0.842745482666533	11.491145058807623
other	2.3618668402575063	-0.2490796575006983	12.466607301869992
other	2.3613909252194434	0.0734850810624802	7.770961145194274
other	2.360402242701998	0.468930507274046	10.075566750629722
other	2.360382520146944	0.2326132916831484	13.435303844563869
other	2.359402800306025	0.5018448679868361	12.553239184039452
other	2.3579973495948843	-0.1874741001091045	8.5995085995086
other	2.357552004618084	-0.1645103377015835	18.44090528080469
other	2.356416471272653	-0.5185194456057156	12.88135593220339
other	2.354383497990163	-0.8558587657114346	20.84320227380388
other	2.35395694908	-0.7710019181656224	12.249208025343188
other	2.3538121559071485	-0.6402550267276486	11.489536315141567
other	2.3533867572193725	-0.660457293349764	13.030628694250405
other	2.3530666066962667	-0.0727343074176211	6.510416666666667
other	2.3530305138296552	-1.2971331086189186	7.741935483870968
other	2.351985328743542	-0.2515051569354874	9.231604670105892
other	2.351414859387743	-0.2068416333903318	6.501950585175552
other	2.350675148932918	-0.0982511958450787	6.747638326585696
other	2.350497247084133	-0.4918530963296749	9.51173113506658
other	2.349176157324466	-0.6917719082851901	11.916110581506196
other	2.3487281542310776	0.2906898144021478	9.82905982905983
other	2.3487281542310776	-0.4498029174395205	8.169149447381066
other	2.348144739819026	-1.244306457154037	8.679245283018867
other	2.34767120300537	-0.6147903966021578	7.763975155279503
other	2.347165386386385	0.0171659635048348	8.730691739422431
other	2.3470986706222683	0.3511439574334998	7.334963325183374
other	2.34577483684173	0.2361125933550941	11.444141689373298
other	2.345339481497415	-1.714068548550864	10.412328196584756
other	2.343878235388825	-0.9523923679851952	11.06414719045251
other	2.3405953891274467	-0.0415559216338299	7.453416149068323
other	2.340424438504752	-0.8863366062970883	12.489762489762487
other	2.338524605418057	-0.5153634741592383	10.908654998801246
other	2.338199264061846	-0.5939309451324677	14.184856532158818
other	2.337869638756384	-1.1508058583247909	20.292006928977976
other	2.337744800350137	-0.2090792167640566	6.972111553784861
other	2.3370349872775704	-0.3536369546147004	11.993022241604884
other	2.336752742330786	-1.0036956555598504	8.419689119170984
other	2.336649600594128	-0.6048620581588612	12.661637931034482
other	2.3364545587799657	-0.2626249721001951	12.63537906137184
other	2.335504044166239	-0.8185328359248962	27.19174871073605
other	2.334984247712809	-0.6157528928346054	8.059873344847437
other	2.334790245824412	-0.1599990711965933	12.540640966093822
other	2.33441903907056	-0.225707554892025	11.44578313253012
other	2.33441903907056	-0.3249621549769956	15.962924819773429
other	2.333777812765106	-0.7610296978555593	9.52705001701259
other	2.332843872366546	-0.5585906131904491	9.696804151871072
other	2.3318435637524453	-1.5237731388197246	10.820559062218216
other	2.330779012469628	-1.0311584233357844	10.244446698448115
other	2.3298019152008065	-0.6589947046586984	13.55241065003598
other	2.329427501200556	-0.3359470699031743	9.03463275890915
other	2.329131761896749	-0.6625084310927781	17.900403768506056
other	2.328781765928425	-0.8277713251234768	9.916492693110648
other	2.3285082433110755	-0.3971570140557946	14.862914862914865
other	2.327071398163322	-0.3006008315384569	16.356877323420075
other	2.3257701611817567	0.3868913627839422	12.080536912751676
other	2.325279304387	0.3801457109729745	6.121642969984203
other	2.3245020385511888	-0.2424945465095968	10.312822275696115
other	2.323776519279731	-0.9523983352776804	12.834697942022572
other	2.323624385548261	-0.9512759641744066	10.841196546878136
other	2.321928094887362	1.3999306068886357	17.203107658157602
other	2.321928094887362	0.8132797560147094	5.18450747179018
other	2.321928094887362	0.0429521451845471	10.3048518677544
other	2.321928094887362	-1.0531113364595623	9.237085186452274
other	2.321928094887362	-0.5307999752347341	7.31981981981982
other	2.321928094887362	-0.1405681983827666	8.547008547008549
other	2.321092718465128	-0.1634659666001892	8.57317819963258
other	2.3205916473245485	-0.1115026554758733	10.393700787401576
other	2.31999029064587	-0.3411669313566157	6.4412238325281805
other	2.319636283379373	0.1376618129974268	8.168822328114363
other	2.319589852818161	-0.8908045491942999	7.533414337788579
other	2.3186640775654688	-0.9326131602701254	8.767123287671232
other	2.3176707844106024	-1.465670544936072	14.193893947509372
other	2.3175363257702046	-0.3444741097692357	10.263275323516288
other	2.317029295474524	-0.6269396959023211	18.58407079646018
other	2.316876833019102	-0.066246001661507	10.306242638398116
other	2.316766389771584	-0.1394184647239527	7.878554957724828
other	2.314786025643343	-0.7739306832507997	16.687016687016687
other	2.3138485775669464	-0.4952998856571074	15.026153114598191
other	2.3137877062984287	-0.2782239093408193	8.1799591002045
other	2.3135158550711625	-0.4868337591246456	10.249160629086411
other	2.3133009175346584	-0.624592677167725	11.214953271028037
other	2.3129896990261	0.3024923829319849	7.952286282306162
other	2.3118788071263485	0.3980644206751302	12.82051282051282
other	2.310956977066359	-0.3846426074220683	5.572755417956657
other	2.310787537282162	-0.3042570685603067	12.960436562073667
other	2.309855262586787	0.350440716254366	8.57207308820212
other	2.30917334052515	-0.4234374691863459	7.525083612040134
other	2.308752706139629	-0.4998861228705775	7.293080054274084
other	2.3084762954187545	-1.0918268856038846	15.269836842839211
other	2.308122295362332	0.4408707982621105	8.86426592797784
other	2.3079477933916457	-0.944744189635704	8.329718004338394
other	2.307150039516083	-1.0379133831847287	14.47067783701447
other	2.3066368207420447	-0.7332073683982107	7.68361581920904
other	2.3033921434499347	-2.163135835779673	19.256485691361327
other	2.301890341650817	-0.708479671974798	7.018992568125516
other	2.300068660923623	-0.0769960347337383	9.75015234613041
other	2.298966946444051	-0.6084214735451452	9.70873786407767
other	2.298658315564515	-0.1024278129241979	12.507271669575337
other	2.297680548640685	-0.1279880236553253	10.130246020260492
other	2.2972972303503387	-0.5416741464762946	10.595542564852028
other	2.297111774716153	0.0696294147630097	8.57487922705314
other	2.296241451223713	-0.3340009271879373	8.489508249239147
other	2.295455883526172	0.1385608305329772	12.495360633428184
other	2.295455883526172	-0.4227938450236433	8.420441347270616
other	2.2948646877465224	-1.456373810431553	10.857994464551842
other	2.2948646877465224	-1.0165815445680648	11.372110365398957
other	2.294512637306962	-0.3284746268204919	14.17233560090703
other	2.294447358465255	-0.672575006896251	5.893019038984588
other	2.293945682361482	-0.5753964843280969	7.309149972929074
other	2.292781749227846	-2.7496394242013165	14.634146341463415
other	2.2921807514933104	0.1651100820865269	12.76595744680851
other	2.291940282280171	-0.250459713063171	8.49437247823317
other	2.2900718258372343	-1.1056734597008513	15.898251192368836
other	2.289604783087643	-0.6676920236819631	7.324595219737857
other	2.289555120112869	-0.4359674527937815	5.069708491761723
other	2.289506617194985	-1.7336065820762914	9.77696303085854
other	2.289506617194985	-0.9735277886388088	9.606147934678194
other	2.2883585621936606	-0.3279297104874396	7.475083056478406
other	2.2882449686310737	0.069380802830482	6.59582264565775
other	2.2871626767266857	-0.4098757941630649	12.212142358688068
other	2.2867386664250624	-0.3113386613925515	6.969797543976104
other	2.286685673898439	-0.7159781782553364	17.43350107836089
other	2.2860828959406403	-0.650726958143395	10.97935880544576
other	2.285101438074984	-0.2197860699654572	8.531157270029674
other	2.2846149364193065	-0.6594124498810373	10.005457522284882
other	2.284595310185049	-0.88149916605696	19.166666666666664
other	2.283989612227419	-0.918878946147584	10.176883935061788
other	2.283792966000591	-0.208905325424956	8.523105606605407
other	2.2835442726416657	-0.5673109375276248	7.779578606158833
other	2.2820353677638496	-0.6128578239829778	12.31190150478796
other	2.2813787363115847	0.116849126763252	10.42415528396837
other	2.281043620257352	-0.5535336943851449	9.962049335863378
other	2.280107919192736	-1.5331013825971918	8.633633633633634
other	2.279774643472417	-0.38929408515327	15.904572564612325
other	2.2795494926168107	0.1174502740234685	8.04103701649799
other	2.278908771055466	0.4165514635131591	8.584386135406543
other	2.278908771055466	-0.3340199495221387	13.26756251063106
other	2.278826377877386	-0.0341114590427882	7.28051391862955
other	2.278535499373982	0.2085357197369074	10.397830018083182
other	2.278401691103319	-1.0283157738059463	13.846622032866708
other	2.2780365691730404	-0.0421300661567547	12.060301507537687
other	2.277494340505324	-0.3110017338113975	9.785267735797772
other	2.276124405274237	-0.0284878758923698	8.410934214478822
other	2.275341301285407	-0.0573010570067789	11.659192825112108
other	2.2751798356958832	-0.2174484689429685	9.861932938856016
other	2.2741174813503524	-1.4009586050269234	15.503875968992247
other	2.274113851714284	-0.2434565437911327	8.813949032381682
other	2.2740856555179407	-0.4315592372075109	21.90923317683881
other	2.27392272197653	-0.0572876492123086	11.141304347826086
other	2.273684185416297	-1.2403790085474105	10.052910052910054
other	2.272787089314752	-0.3659236610106149	9.449963653985945
other	2.272297327162762	0.2275116726436418	11.455847255369928
other	2.272079545436801	-0.0404409260284969	6.256015399422521
other	2.2713020218173945	-0.948477989733988	8.573388203017833
other	2.270474378547165	-0.8667088441142473	11.454753722794958
other	2.270089163367744	1.091922489441039	8.245722531436817
other	2.269186632815389	-0.1275051192469438	11.931634956465656
other	2.2660748601538447	-0.1506218630466893	9.369510052703491
other	2.2657335554347493	-0.0083594345378399	9.18005424577509
other	2.2649722100752863	-0.5776979012492945	16.022099447513813
other	2.264846999680095	-1.0023430945090828	19.24233313289236
other	2.2644998148382927	-0.3448892433306736	4.642857142857143
other	2.2640240217689427	-0.9466020955091382	8.757607243580228
other	2.263993325803221	-1.179047294607834	10.97470238095238
other	2.2636604397081816	-1.035429489537598	8.951661030435647
other	2.263034405833794	0.2182763128642159	12.236396771674045
other	2.2627534799170483	0.1123523951987863	7.463614877472323
other	2.262377291251316	0.0722495882560233	10.792705619650167
other	2.2617410888122733	-0.7321884539043343	6.419400855920114
other	2.2611248158251622	0.0210472706200468	9.375
other	2.260820873858512	-1.1994947161405896	17.486061834769387
other	2.2607642322089667	0.2506445325384501	5.724098454493417
other	2.2606517545227995	-0.2689489523517088	13.429752066115704
other	2.260527550223219	0.1033595010852388	8.079552517091361
other	2.26025732116322	-0.9215905379063596	11.381789137380192
other	2.2601770837959183	-0.3778702408599357	8.416833667334668
other	2.2598671267551107	-0.0905108554873821	11.64402550596063
other	2.259690962759424	0.6227320559516987	8.76753507014028
other	2.258930007501057	0.1540977616698512	11.100539169045351
other	2.258930007501057	-0.037567133437316	8.033419023136247
other	2.2583119955913906	-0.9211141803625148	13.437057991513438
other	2.258152184454048	-0.0116761725830988	7.575757575757576
other	2.257157839497125	0.0387924829970589	10.01717229536348
other	2.2563397532597858	0.0402366946486331	11.565468814539448
other	2.2563397532597858	-0.0418201756946272	12.59093452714046
other	2.2552570552420748	-0.8841026420011021	11.51219512195122
other	2.2552570552420748	-0.271871769092971	10.12035010940919
other	2.2549970867683755	-0.1447175466657459	15.493581230633025
other	2.2541380053453977	-0.6387174664757521	10.309278350515465
other	2.2538067406734394	-0.2347332545742099	12.8068303094984
other	2.253391823959628	-0.2625539381320083	12.445095168374817
other	2.253215344803348	-1.0616610077554267	6.979695431472082
other	2.2531866198774466	-1.024557104243979	7.82472613458529
other	2.252886450457712	-0.6889713125533676	8.97162722888864
other	2.2526654324502484	0.3113159675244229	9.491137793024585
other	2.252169937356093	-0.1401257271112954	10.459675199559593
other	2.251538766995965	0.0169705188887289	14.892268694550063
other	2.251538766995965	-0.4195583475604041	9.433962264150942
other	2.251538766995965	-1.764159424981258	8.185840707964601
other	2.251524800858269	-0.299446540523374	17.953321364452425
other	2.2508081035005345	-1.6480042842136324	24.08759124087592
other	2.2500953501262955	-0.3482490692680238	5.856515373352855
other	2.248913297589141	-0.3893398707382191	8.870146866366149
other	2.248761682325391	-0.7915637607436662	6.56261085491309
other	2.248623962909628	-1.5177875571568809	10.142543859649123
other	2.246914740470517	-0.3120268999216327	7.482993197278911
other	2.2465119499211315	-0.0072762018959472	7.806955287437899
other	2.2459384120104864	-0.4301490305921773	10.850439882697948
other	2.2446602929616226	-0.0366018409475704	5.090909090909091
other	2.243925582886089	0.6900445467787136	11.30965844831486
other	2.243596913323012	-0.4612551895106768	13.254608989034825
other	2.2429233632967125	-0.2666209221030047	6.263048016701462
other	2.2428565238961635	-0.0476692513913143	5.347593582887701
other	2.242467578678228	-0.1362337216706541	14.97005988023952
other	2.241008099503795	1.743851979751446	9.06344410876133
other	2.241008099503795	0.2630344058337938	6.853396901072705
other	2.241008099503795	0.1312653515387148	10.488364470665356
other	2.241008099503795	-0.5704629310260411	11.419536191145466
other	2.240677774364197	-0.2948344340050872	12.603150787696924
other	2.240134003723715	0.0423307360723251	8.1799591002045
other	2.238719680939768	-0.991058603410282	12.8
other	2.237863830098888	-0.3697155814904156	10.676156583629894
other	2.237578825151124	0.0850366826015872	6.6115702479338845
other	2.2374160276649846	-0.9910594939600692	4.3478260869565215
other	2.237375450662327	0.3493002288662069	7.487832272557095
other	2.237039197300849	0.0513940230454295	6.672226855713094
other	2.237039197300849	0.0076739278854211	13.84001876612714
other	2.2367607116246853	-1.5168893848931924	13.616817964644053
other	2.236234346490079	-1.368435196281978	8.650519031141869
other	2.2361982208614783	-1.1976281063252088	9.004502251125562
other	2.2356282484931422	-1.1985329571474943	9.623797025371829
other	2.2354485741618944	-0.2104987427551944	10.790114862513052
other	2.2341695891128017	0.6189098326444937	7.456503728251864
other	2.23412778549685	-0.1909056054471967	12.112197195070124
other	2.233022444569912	-0.6509431744510462	9.442870632672332
other	2.232994366467074	-0.3032170753743038	13.224821973550355
other	2.232660756790275	-0.1244820306811451	11.777595179402905
other	2.231325546106456	-0.954017534074758	8.626887131560029
other	2.2310572824635755	-0.134017172639803	10.683760683760685
other	2.230505067123768	-0.4855579995633015	6.721595836947095
other	2.23026108869261	-0.7804806333836873	15.600624024960998
other	2.228818690495881	-0.7935491225325735	14.91918773311231
other	2.2281060725308417	-0.3126551164652446	5.330490405117271
other	2.224442303890781	-1.515699576371652	11.967247533067397
other	2.223271041973159	-0.3322926517065426	9.71772327626099
other	2.2230614197443965	-0.2920883288840248	6.066734074823054
other	2.222392421336448	-0.4557250771000836	9.292400881057269
other	2.222392421336448	-0.3584539709124763	8.64864864864865
other	2.222392421336448	-0.6780719051126377	10.526315789473683
other	2.222000544370603	0.0485794636953116	5.9171597633136095
other	2.220446777021478	-1.32930762525296	8.275862068965518
other	2.2191685204621616	-0.0306259640307634	7.210455159981974
other	2.2188677898332427	-0.4730419402861567	7.757665312153676
other	2.2184235191335024	-0.9353840416136372	5.589879376287144
other	2.2184235191335024	-1.4618583560318372	8.470798038341506
other	2.218264535713771	-1.2631874850467224	9.362759147797842
other	2.2179050303441343	-0.9825285566865598	7.202771699489424
other	2.216575094741134	-0.3567544179682001	16.58374792703151
other	2.215448027466651	-0.6182150680200252	10.280373831775702
other	2.21501289097085	-0.3430078130061904	13.850129198966409
other	2.214264540453048	0.2834925860122299	7.475813544415127
other	2.2141248053528475	-1.4934498812640042	4.172461752433936
other	2.2137162320444324	-0.858061361394528	5.414551607445008
other	2.2132440391222628	-0.4544233890520104	8.5995085995086
other	2.2129937233341983	-1.8624964762500649	9.70472847408631
other	2.212528382866051	0.1079789112844723	5.669291338582678
other	2.2111155632612003	-1.0689241538724814	14.76433844406587
other	2.2108967824986188	0.558273593647692	8.949287371561153
other	2.2098536361530856	-0.1385088040259074	9.6323429656763
other	2.2094533656289497	-0.9538205674992968	5.494505494505495
other	2.2094533656289497	-0.8638660767143836	15.625
other	2.2088881569867005	-0.3546648812993618	9.15534554046072
other	2.2079719055902767	-1.3999913506641817	10.042891515848938
other	2.207461420890564	-0.4579809447685722	6.593406593406593
other	2.20673044244086	-1.3783105647848812	8.134394341290893
other	2.2067233815572345	-0.804886521303739	12.826668495781604
other	2.204571144249204	-0.3464951694384899	10.514865844815084
other	2.204358498506186	-0.1331404777526957	6.666666666666667
other	2.203940943283194	-0.5203861816012582	6.7340067340067336
other	2.203795202459118	-0.6171974882545109	8.226469876602952
other	2.2016338611696504	-1.0871069717268556	7.91407574901074
other	2.2016338611696504	-0.5652123374468687	13.503086419753084
other	2.2016338611696504	-1.1608798618393052	11.51028950122079
other	2.2008362779700006	-0.379834079135002	12.360939431396783
other	2.2004554293778567	0.0802342595712915	9.931425868999764
other	2.198269627136274	-1.3038036582659065	8.952551477170994
other	2.1981343533395608	-1.0030233019892931	10.22090339597758
other	2.1977771220822	-2.0874628412503395	13.791434793128476
other	2.197382996949059	-0.5563149864622197	10.29512697323267
other	2.1970368470595534	0.0383718108725184	11.029411764705882
other	2.1967666136609534	-0.2495206373287795	11.36594276435965
other	2.1956475661039194	-1.1988763751384417	6.960556844547564
other	2.195111556770258	-0.7056423744857602	10.74366291757596
other	2.194647430853544	0.1232268101509932	9.776536312849162
other	2.194378045166851	-1.000779496819686	11.247105524313596
other	2.19423540884849	-0.1394079821446798	9.776536312849162
other	2.19413716106318	-0.3575644780430428	8.221680876979294
other	2.193479729421209	-0.0528949484321253	7.84167289021658
other	2.192645077942396	-0.1174805633649832	7.876312718786464
other	2.190854022416408	-0.0038402733237024	8.497167610796401
other	2.1900306467225987	-1.3965000999105863	16.450417052826694
other	2.1899944309340107	-0.4771652579342353	10.823812387251955
other	2.189824558880017	-0.7953822803915283	14.39458086367485
other	2.1892255574012487	-1.3164379894026068	8.200922603792927
other	2.186912355462885	-0.6013335623696177	11.446886446886444
other	2.186700714193139	0.1266635063916408	8.654722137868205
other	2.186413124230881	0.6825178101438298	9.08824391673996
other	2.186413124230881	-0.998177264393182	7.553215838864729
other	2.186413124230881	-1.3704534058118016	20.205600850762146
other	2.1861900558050964	-0.2656101341244929	8.470225872689939
other	2.1858665453113337	1.3536369546147005	6.559031281533804
other	2.185682187117883	-0.5051054227833718	20.35928143712575
other	2.185675523127554	-1.278397647910936	23.576512455516013
other	2.185232254230161	-1.4235866833484736	9.84268528644738
other	2.184802314162663	-0.0407303469871159	7.360672975814932
other	2.1844245711374275	-1.1425391136472334	12.809187279151944
other	2.182203331220749	-2.0360119569938013	8.6053412462908
other	2.181979492728249	-0.9515669953320436	11.388033230654344
other	2.181636753765808	-1.1009866743877514	21.774632553075666
other	2.180802123185442	-0.9439795161142064	13.7221269296741
other	2.180382803708532	-0.4123226883371605	9.159034138218152
other	2.180230009834051	-0.4931117491679325	4.955947136563877
other	2.179323699444562	-1.540568381362703	13.49014181943964
other	2.17925531716983	-0.6717556269869667	9.895111814763506
other	2.17843650129783	-0.1877143148858405	8.913113177300415
other	2.1781776826173385	-0.0051927695034747	9.82961992136304
other	2.177538185552188	-0.7897822926096545	9.86842105263158
other	2.176886149041382	-1.014187871082482	14.737754659731252
other	2.1767570349247376	0.1830746404101082	11.215791834903545
other	2.1754335802649627	-0.8676962808061426	12.135922330097086
other	2.173736615392331	-0.2547213490435091	9.790556450613458
other	2.173656754792765	-1.5557968567446432	12.42147344374643
other	2.17306470897288	-1.1947513732906565	9.480337078651688
other	2.1721809753826804	-0.8165672226223815	13.500482160077146
other	2.1712276607099485	-0.8807216625837164	8.77343884397041
other	2.169925001442312	0.1844245711374275	13.14508276533593
other	2.169925001442312	-0.8859647567539705	10.221465076660987
other	2.169925001442312	-0.9188925320619632	8.939213349225268
other	2.169925001442312	-1.288366458739852	15.450643776824034
other	2.169925001442312	-1.2205991395133973	6.150061500615006
other	2.1695860621617946	-0.0771356604345001	14.705882352941176
other	2.169176618574596	-0.8704952674894685	8.336564559906941
other	2.1682484236349286	0.2820019104746031	7.663782447466007
other	2.1682186794919094	-0.8733276377993502	13.168395849960095
other	2.168200320972851	-0.0677561783102868	13.442778967404236
other	2.1666938801793	-0.8899221239359527	7.76169498636459
other	2.166558150343913	-0.3939373785120476	6.2789654656899385
other	2.166510337029548	-0.713695814843359	17.43796109993293
other	2.164386817900882	-0.7932442097044516	6.652806652806653
other	2.163600155534416	0.1467090837397484	8.27966881324747
other	2.162271428898877	-1.6754109236495698	15.576323987538942
other	2.1615835088482767	-1.780687953749989	16.593613024420787
other	2.1614634226941165	-0.8759942929518798	11.602383192223268
other	2.1609918766723046	-0.2595227905419038	13.564431047475509
other	2.160464672193246	-0.9131225493200328	8.156606851549755
other	2.160274831408593	-1.1282324470526373	14.99846954392409
other	2.1602098466091006	-2.9068905956085187	3.756574004507889
other	2.159102032147776	-0.3374756835548199	6.7044868488911815
other	2.157439746669334	-0.1433366737155214	7.363534496558348
other	2.156868848616866	-0.2416387039133566	13.688584698117818
other	2.1567796253853904	-1.3704635741670812	15.14280237684493
other	2.156195003574511	-0.2630912484902061	8.57227313035767
other	2.155278225477911	-0.3035668920167243	11.10550227158001
other	2.1543281463912938	-0.5130773769042769	11.835217358318792
other	2.154094772340592	-0.3789703160265662	8.327427356484762
other	2.1538053360790355	2.33441903907056	12.218460179596644
other	2.153246260295682	-0.3207804862033371	11.838284565557291
other	2.1531297588993343	-0.059137188448382	17.91713325867861
other	2.1530511828779164	-0.1993369128571343	10.994263862332696
other	2.15200309344505	-1.6945869918956542	5.172413793103448
other	2.151956373289574	-1.5396355577293768	19.993848046754845
other	2.1505596765753814	-0.1809040331534054	8.986520219670496
other	2.147361278439722	-0.6701946362425726	9.762532981530342
other	2.145855929253002	-0.807354922057604	13.186813186813186
other	2.145850866463455	-0.2350588331726084	8.056592650815485
other	2.144843301872184	-0.7616141826534509	10.885192031217908
other	2.1438357725736514	-0.6642249822711744	4.736530491415038
other	2.143735477461449	-0.1822391315608602	8.304195804195803
other	2.1434527900811213	-0.5238564136640946	14.932337844143724
other	2.142957953842043	-0.0313544327409373	8.564754736568908
other	2.1423051245804645	-1.31794966820939	9.059668853483286
other	2.141355849245542	0.5479317697761892	10.53779069767442
other	2.140993999471663	0.0354387468972152	8.565834557023983
other	2.140660406937118	-0.5342930559362153	11.548331907613344
other	2.1404812235498305	-0.9633667579596136	25.97864768683274
other	2.1404079549664425	-1.1230034732366896	12.00533570475767
other	2.1403990491391403	-0.969751314301385	11.508325171400587
other	2.1395375441279594	-0.9266363758256038	18.900343642611684
other	2.1387402962567865	-1.1095131056267873	8.942258559018905
other	2.137503523749935	-0.6876481646957202	8.427952709820905
other	2.1372026802412045	-1.487396379493617	15.583019881783988
other	2.136713222420455	-0.5384034195451927	10.756972111553786
other	2.1355519576209083	-0.2687863803243676	7.894736842105264
other	2.135292980407041	-1.0579430892766883	11.540273198304286
other	2.135159583281636	-0.5849625007211563	12.513601741022851
other	2.1347967780387105	-0.6152889597684632	8.51113442928763
other	2.1347811714654625	-0.8595187764501698	6.884681583476764
other	2.134649526694782	-0.1997619426503709	6.372809346787042
other	2.134649526694782	-0.0622489393024642	6.103286384976526
other	2.1345860403676404	-0.5971208952011646	13.1738954195379
other	2.1340313318431297	0.3774517771817203	14.716703458425313
other	2.1338557467347905	0.6026115876738175	7.584735719364779
other	2.1331250832393605	-0.6817031555595063	10.452961672473869
other	2.133071277434674	-0.6520295350412736	10.049859769398568
other	2.130879801879296	-0.3223637569896882	10.56573492042263
other	2.130396637255674	-0.1533484348674916	11.776251226692835
other	2.130060540564373	-0.609114936532675	6.617647058823529
other	2.129484075413816	-0.1736556093826266	8.026267785479753
other	2.1284057320040457	-0.4074925696535765	11.739594450373533
other	2.1281048257476853	-0.6037781227653237	7.629427792915531
other	2.12711191790334	-0.7361493593263915	10.571254319983735
other	2.1269479286970374	-0.8099835806182187	17.077798861480076
other	2.1265324059289314	-0.2051954034026159	8.257279443720122
other	2.1255308820838588	-0.9328858041414632	5.631659056316591
other	2.1246957474493144	-1.1943780451668513	9.98914223669924
other	2.124212027397544	-1.0843107644694965	14.37233325847743
other	2.1237353684222446	-0.369298836448525	9.160305343511451
other	2.123382415505282	0.8218544917527192	14.376513317191284
other	2.123226717024871	0.0297359975907122	11.817791147400088
other	2.122386612678952	-0.9102698492850014	15.2046783625731
other	2.12199052437861	1.5563933485243853	8.444834393507348
other	2.12199052437861	0.0051524877656027	13.729977116704804
other	2.12199052437861	-1.283072159070339	7.266926621765331
other	2.120657456525616	-0.5788299440593371	12.702078521939953
other	2.120217082187391	-0.543960331091613	10.646687697160884
other	2.119831386411564	-1.2490777484873183	9.644234890698671
other	2.1196702306626163	-0.8740516541752172	16.126404951946572
other	2.1193523071547347	-0.893004989085692	7.81391968017445
other	2.1191811861833547	-0.844327091709234	21.49587750294464
other	2.1181814263483143	0.4176534474858553	8.446738620366025
other	2.1160769659386083	-0.556061576908641	8.137272244825756
other	2.1157195039333763	-0.4490123732676426	8.038181361466968
other	2.115477217419936	0.6503594712695463	8.295424137008297
other	2.115477217419936	-0.0479840745759876	13.082858101308286
other	2.115477217419936	-1.6780719051126376	11.267605633802818
other	2.1140717667087947	-0.3860838786836145	10.900745840504875
other	2.1138909665279844	-0.1672238303838192	10.587345601209982
other	2.1135042044551584	-1.3211323953473872	9.60698689956332
other	2.1122381162818185	-0.4361277355511004	7.658643326039387
other	2.1115083152169905	-0.9212228866158833	8.350232613622808
other	2.111077295433605	0.3239158794860847	10.995052226498077
other	2.1106961192881366	-0.4112537114979142	8.8339222614841
other	2.110572866948918	-0.6334129671225053	20.54794520547945
other	2.108524456778169	-0.9833212588533696	6.076718571971136
other	2.107855989760668	-0.9282642464010854	11.71981466339602
other	2.106915203916512	0.1007138647481955	7.116104868913857
other	2.1057946640225964	-2.035093553651942	7.98881565807869
other	2.1057946640225964	-0.7740973390453859	10.82815319831562
other	2.1056978680857035	-1.2867606725042342	18.340387328459663
other	2.105474669557297	-0.0112481972767531	10.805731735964294
other	2.1053530001462284	0.1653408302914459	7.763975155279503
other	2.1053530001462284	0.1128725842995303	8.971704623878535
other	2.1044565656518617	0.1656051708302542	8.082849204344532
other	2.104336659814736	0.0214189836349055	9.98573466476462
other	2.1039378655978807	-1.0448511360274702	12.151129675337003
other	2.102778597177436	-0.9587522667633532	10.051736881005173
other	2.1023617176296776	-0.4999263968653567	13.6986301369863
other	2.1023617176296776	-0.9669322983143366	13.79676306712656
other	2.101695397069351	-0.0521978203602158	13.783903957314362
other	2.101337254252589	-0.703864429219636	13.677811550151976
other	2.098989094631367	-0.902224784313523	10.173989973459156
other	2.097736801695797	-0.9317977330411632	10.129969418960243
other	2.0970986881050813	-0.0190836781552246	7.466666666666667
other	2.096355063895136	-1.3010312892622131	13.039355144618302
other	2.09515723304034	1.5235619560570126	8.69167429094236
other	2.09515723304034	0.4566184327458047	7.973421926910298
other	2.09515723304034	-0.3074948061519721	9.724106739032113
other	2.094911647025467	-0.5647499008800121	9.236031927023946
other	2.0943043243303734	-0.0500013710195898	7.782101167315175
other	2.0935118859231445	0.0126525535601091	13.547840812870447
other	2.0931094043914813	0.0595844551704664	11.3882863340564
other	2.092018244595947	-0.4522520321485203	7.220216606498195
other	2.091811685497828	-0.2674045846155512	10.068027210884354
other	2.091147888058196	-1.9328858041414632	9.558488848429675
other	2.090140284099029	-0.3817346059190097	10.354382382966312
other	2.087977079374084	-0.4338714846167266	25.062656641604008
other	2.0874628412503395	1.0995356735509143	6.916426512968299
other	2.0874628412503395	0.6880559936852598	8.847254748894093
other	2.0874628412503395	0.6239736401358644	7.855459544383346
other	2.0874628412503395	-1.2713020218173945	5.970149253731344
other	2.0874628412503395	-0.1868392438650041	8.450704225352112
other	2.0874628412503395	-0.6618276249750149	9.430540442509974
other	2.086440015939232	0.1003623971532834	11.25054089138901
other	2.0856405661048307	-0.7201033769788372	8.111888111888113
other	2.083564716639131	-0.5086833979634925	7.179896290386917
other	2.0834668225173147	-0.9033865710380083	16.75296984465428
other	2.0834160081876374	0.1100433313693077	11.20162932790224
other	2.083081741494555	0.0139391909578737	8.484255180290424
other	2.081598219187121	-1.051786450097856	10.614886731391586
other	2.080919995383568	-2.292781749227846	6.823351023502654
other	2.0805654813036685	0.1656248280389188	7.302405498281787
other	2.080489917860368	-0.2845574012232513	7.404914170313026
other	2.080438615652412	0.0114047632722493	7.681564245810056
other	2.079434467494405	0.1720993726766493	7.178217821782178
other	2.077830711460327	-0.0552404052334597	11.315417256011315
other	2.0753770425944498	-0.6018871204540056	20.87286527514232
other	2.074293782347314	0.5871212547389233	10.356892932120363
other	2.072826313337231	-0.6740420280764846	14.23785594639866
other	2.072627800087397	-0.2779375626801991	15.32033426183844
other	2.071578444003135	-0.2245414212981858	7.20016457519029
other	2.071349843932796	-0.2486355644002287	10.382059800664452
other	2.071119991386828	-0.5733486653069624	13.642564802182813
other	2.070389327891398	0.8390637817849423	11.450895864205847
other	2.070389327891398	-1.0348587572116514	12.271259418729818
other	2.070389327891398	-1.0934549378093394	10.98282174035483
other	2.0692626624371138	-0.1209944365844952	8.85235535883655
other	2.068895081211068	0.1249410536540364	10.775862068965518
other	2.068895081211068	-0.8455972706717398	11.55115511551155
other	2.068895081211068	-1.87583185608533	7.979840403191937
other	2.0688030769994463	-0.219403633105542	9.514747859181732
other	2.0686416656051305	0.1748464099861871	8.755928493250638
other	2.068564286483072	0.0433604590850185	9.796533534287867
other	2.0680975163834083	-0.151031908594582	15.113350125944583
other	2.067976793816007	-0.0613848984852434	10.949464012251148
other	2.0679461519630693	-0.5523443768019508	8.340283569641368
other	2.067114195858537	0.4209954369811893	8.421052631578947
other	2.067114195858537	-1.105364752353112	14.556682840758713
other	2.0660891904577725	0.5451776346152923	7.158590308370044
other	2.0660891904577725	-1.886789389552009	8.627450980392156
other	2.066062104968545	-0.8191795783185638	7.265521796565389
other	2.0660438576154334	-1.1449014495964005	12.552301255230123
other	2.065976449079925	-1.2050534271603224	12.574950033311126
other	2.065914116731341	-0.1302401780117504	7.5154065834961665
other	2.0657677701510204	-0.1147424807983019	8.357348703170027
other	2.064130337419716	-0.7709315138077304	10.795155344918378
other	2.0633259353688294	-1.7617216932517774	16.682113067655237
other	2.06317641934742	-1.1074344117894004	12.12733703890854
other	2.0630097975258006	-0.8623992563274643	9.021512838306732
other	2.06259095733099	-0.729139082990694	11.1693640300889
other	2.062440574775907	-0.0442407530406347	8.950366151342555
other	2.062422500533815	-0.2480670008543865	8.964857757590245
other	2.0622842782543427	-0.9086382578947856	13.611053825531036
other	2.0616390657923858	-0.0218594339637393	10.577915376676987
other	2.060460984200529	-0.5214762101520627	10.614233513137288
other	2.060300510267814	-0.1975395181360238	8.140610545790935
other	2.058478465265729	-0.0641303374197157	9.45220193340494
other	2.057715497856288	0.784261746852117	7.337205747477835
other	2.057715497856288	-0.3628932275641057	6.72782874617737
other	2.056936164952852	-0.965481638658268	8.4530853761623
other	2.0568878195140257	-0.8340341068792614	10.840998685939551
other	2.0568531016682634	-0.3649439218519081	7.59784433253821
other	2.056799140249234	-0.8528090340681389	16.44398766700925
other	2.056583528366368	0.0836358782560784	10.351966873706004
other	2.0562790338441546	-0.8750836797465423	12.542209358417752
other	2.056052805219504	-0.3917033868056669	11.087803416242132
other	2.055853234733517	0.1712602121261319	7.44186046511628
other	2.054973835091428	-0.7268858752504863	9.975062344139651
other	2.054175140151038	-0.1311145592882874	4.081632653061225
other	2.05391689347696	-0.0047301519123973	18.71657754010695
other	2.053549468276734	-0.7242561771420708	12.755102040816327
other	2.053549468276734	-0.7065610949042322	8.317490494296578
other	2.053363225598725	-0.7198166477445361	11.636927851047323
other	2.053073576657755	-0.9634580504230364	10.86443079829948
other	2.052862494804425	-0.1986181799627607	12.428008487420431
other	2.052167825865255	0.3555469176185702	9.569377990430622
other	2.051596805516807	-0.5173038198109746	5.990231315086168
other	2.050472045947536	-0.7544364844213637	15.488867376573088
other	2.0496307677246004	-0.5517956367859569	15.251055842327546
other	2.04892823983135	0.0971108663349787	7.390120575651498
other	2.048759311919856	-0.7118957109423972	12.692741632192554
other	2.048363021561399	-0.6165495574984543	8.938981733385154
other	2.0483222657372546	-0.8678167521637714	7.852509388869922
other	2.0481172054011707	-1.4332343505346443	16.54091700522345
other	2.047934477063702	0.0850428681957424	3.765833618623759
other	2.0473057147783567	0.2090620909239643	7.18849840255591
other	2.0473057147783567	0.1255308820838591	5.3908355795148255
other	2.0473057147783567	-0.3669853698727022	12.379642365887207
other	2.04711259583812	-0.4921882909648338	13.71571072319202
other	2.0470997772944743	-1.108029257007844	10.834014717906788
other	2.0463929054844514	-0.2340382704967503	9.156758234249008
other	2.045514659252369	-0.3682837305791019	6.857142857142857
other	2.045188773766255	-0.7415528636618579	6.005284650492433
other	2.0450097349175658	-0.8308421855158831	10.213643178410797
other	2.044749506733299	-0.1746203995146902	11.147936125338957
other	2.0443941193584534	0.1255308820838588	8.89801505817933
other	2.0443941193584534	-2.037030730944967	15.701668302257112
other	2.0439306028754656	-0.4836124965506268	3.667889296432144
other	2.0431792181995942	0.1063822407566478	9.088327179778473
other	2.042524616646557	0.0082205068049682	6.520726595249185
other	2.0421359384381783	-1.324368707328214	11.494252873563218
other	2.041820175694627	-1.156119201917282	8.70473537604457
other	2.0411691889764043	-0.2572808786034965	14.265335235378032
other	2.0410272682600548	-0.1242382969042893	25.130890052356023
other	2.040469237680293	-1.3074987371399664	11.191047162270184
other	2.0400875637997307	-0.9746434134979518	10.192937750273025
other	2.0400447188954027	0.0194549728372099	7.885703683087485
other	2.0399664073176447	-1.3941777648042883	9.635525764558023
other	2.0396293755671016	-1.2408651696620585	12.56198347107438
other	2.0387981575258647	-0.8727294615750874	15.20086862106406
other	2.0386212940273074	-0.5175536066610248	12.048192771084338
other	2.038523071803344	-0.6985578214080973	13.518197573656844
other	2.03753564676832	-0.6500321708275035	9.03995660820828
other	2.037474705418663	-0.3748207749292752	12.340600575894694
other	2.037474705418663	-0.5678077796820891	6.269592476489028
other	2.0372168971547726	0.0183567757708116	10.605391073795849
other	2.0369942074822016	-1.8554640615092888	13.64522417153996
other	2.0351894284623	0.3822757231910005	7.02576112412178
other	2.0349839917602	-1.9400427313276487	9.58044268252395
other	2.034476808310937	-0.3618812959066304	9.700176366843031
other	2.034269902084746	-0.0697651788588878	14.391287436795022
other	2.034269902084746	-0.1155200880421815	15.439429928741092
other	2.034234253138232	0.1062097317382123	10.653297822340592
other	2.03197435815783	-0.8373928130680449	11.84383681824828
other	2.031554733874845	-1.0345150864787938	8.293321693583588
other	2.0308304301532747	-0.0684588083355728	10.36084315827081
other	2.030621615741314	-1.0422189746275772	8.919202518363063
other	2.030492537130088	-0.7905021083747151	10.333489901362142
other	2.03005723385618	-1.1873031537881515	10.564898663216905
other	2.029747343394052	0.2310746644362488	17.006802721088437
other	2.029747343394052	-0.6492180745829141	37.22854188210962
other	2.0293439615821445	-0.8233176323823788	10.716472749540722
other	2.0290110866590685	-1.4921269131224917	15.119988902760438
other	2.0279059965698845	-0.5416651870547469	7.606084867894316
other	2.027480736422107	-2.3785116232537296	10.95690284879474
other	2.027320605999512	-0.861352283811283	8.506893517160458
other	2.0266117302473194	-0.335853510167087	15.829528158295282
other	2.025630600037456	-0.878697331599917	11.524358302776324
other	2.0255350921071376	-0.6873348264416056	16.76270298585647
other	2.0253281799460243	-0.7578610908848493	23.4023402340234
other	2.0251395622785084	0.3982604462397144	8.719778042013475
other	2.024216237420823	-0.1869954194769949	11.853756069694374
other	2.0241460873317023	-0.5650116118699898	10.490501842926
other	2.0238467419543675	-3.3625700793847084	13.417009305345164
other	2.023022217915854	0.1240676319422714	10.432648051549556
other	2.0226735011408152	-0.551432491099987	12.543903662819869
other	2.0218744996227627	0.373975256236957	10.499359795134442
other	2.020846784905604	-1.01795989613889	11.641443538998836
other	2.02082992242244	-1.1578856275536955	14.442636289666394
other	2.019899557437705	-0.6829456446057138	7.826306488260539
other	2.0188956211216493	-0.7809837980521439	10.93544137022398
other	2.017921907997262	-0.2008568609942032	9.33609958506224
other	2.017745550189954	-0.384663850235325	6.814091025970687
other	2.017629894021792	-0.2315913581829127	11.013215859030838
other	2.0166787411466305	0.3219280948873623	5.089058524173028
other	2.0165828841956044	-0.2660182881774288	17.10120549481357
other	2.0157673158583167	-1.007319535759007	14.37233325847743
other	2.0155968550510184	0.0374221587507437	11.306950448952444
other	2.0155968550510184	-0.7440550189525256	9.22421948912015
other	2.0151451730007457	-0.7157875211492576	11.830985915492958
other	2.014950341465972	0.4932626665843459	9.22583233052547
other	2.014646775964401	-2.0672102527885543	12.1580547112462
other	2.014525331876541	-0.9435738485543425	7.066213033237372
other	2.014222101660624	-0.0101674515037254	6.128221244500315
other	2.0138057995250302	-0.6861619659137582	12.218963831867056
other	2.0132968226134578	-0.6844981742720706	9.687184661957618
other	2.0130561528254463	-0.7792841564709359	7.855459544383346
other	2.012608846566126	0.4839661580390536	9.080590238365494
other	2.0123837244558325	-0.6495027529158669	8.032915360501567
other	2.0117134205637903	-0.564236541253534	20.10968921389397
other	2.011619083266833	-0.8655404297049484	14.795144157814873
other	2.0113790621304903	-0.2506387484658485	10.430247718383312
other	2.0105533822544377	-0.0431341560862166	12.57861635220126
other	2.010244031496803	-0.2383361517869731	12.14040643969385
other	2.0089887832272546	-1.5873163637287375	14.204545454545451
other	2.0085911485575147	-0.4720091481674336	14.31901431901432
other	2.008589200053148	-0.5246421082509504	8.120649651972158
other	2.007195501404204	-0.6171390845702404	12.721238938053098
other	2.0070547575339504	-0.2005169995230633	11.843388602480143
other	2.006663730281011	0.3597549324715248	12.422360248447204
other	2.006388327962548	0.1171289908421409	8.888219343175656
other	2.0063137739322023	-0.2526571522855623	11.447260834014717
other	2.005932955753741	-0.7173538753303716	8.082064034815044
other	2.004676487209473	0.0047384556086818	6.902151847340642
other	2.004676487209473	-0.200697350237129	13.761467889908255
other	2.0043129928710823	0.1234843191768322	11.732851985559568
other	2.0020595221782944	-0.5217819989012682	13.347022587268992
other	2.0	0.53051471669878	9.773806199385646
other	2.0	0.1466249137184835	11.807703120607252
other	2.0	0.0763066201392583	9.721608484312858
other	2.0	-0.6807214835265869	10.869565217391305
other	2.0	-0.5716845057331401	11.373092926490983
other	2.0	-0.2564617519103077	6.495515001546552
other	2.0	-0.8574168473704563	9.184845005740527
other	2.0	-0.3351841915896293	11.00762066045724
other	2.0	-1.3234702596957677	10.19147621988882
other	2.0	-0.7443451245318036	9.433962264150942
other	2.0	-1.415037499278844	13.2130196583951
other	2.0	-1.984893107609792	23.1958762886598
other	2.0	-0.5618788876081148	10.227272727272728
other	1.995872114377324	-1.4757442737729023	11.774891774891774
other	1.995427270210176	0.3447023979634144	12.00533570475767
other	1.9938495215605727	-0.8936352982547313	13.333333333333334
other	1.993673641267824	-0.4937169478705552	25.05827505827506
other	1.993467030160767	-0.4555362835007057	11.432926829268292
other	1.9928096217935207	-1.557737897106668	18.7138482477033
other	1.9924663273145924	-0.2019429304922844	14.97326203208556
other	1.9919626809345816	-0.510997718605931	14.890282131661442
other	1.9919468463706085	-1.2420683369462169	21.346469622331693
other	1.9917038584449085	0.2241262216182963	7.230117177761157
other	1.9910027231117164	-0.906342348144804	13.054187192118226
other	1.9909325664809656	0.0490326937325551	11.76470588235294
other	1.9904772258814936	-0.0872413141802858	8.706467661691542
other	1.9902189792074143	0.2157090463813731	7.35539953192912
other	1.989804232894112	-0.7534920493155837	21.505376344086024
other	1.989658055778541	-0.5700053717478146	9.509401339961098
other	1.9893527558004915	0.446401670188179	7.928642220019821
other	1.9890288821789968	-1.2523871616342854	12.155351319300326
other	1.9885043611621709	0.3638489463351087	6.879299562226391
other	1.9877810941873384	-0.3690251015220075	9.658052727747323
other	1.986678621502166	-0.7898085572430742	10.743936187530522
other	1.9865794842376785	-1.962275498884948	6.538618716796077
other	1.9850186084615853	0.0521991131598929	8.196721311475411
other	1.9849978366607528	0.2278671371062915	8.00640512409928
other	1.9849062786369096	-0.5556545563546001	10.92896174863388
other	1.984569959430394	-1.1606761182186558	12.252042007001169
other	1.983511877211431	0.3296020227727833	18.86145404663923
other	1.983511877211431	-0.8144443468439235	10.582010582010582
other	1.9827220085681645	0.6303751630813414	13.291139240506327
other	1.982441628615696	-0.2014098228058352	11.82074805928017
other	1.9818526532897407	0.4606368217860516	3.271537622682661
other	1.9818526532897407	-0.584794755236299	11.314186248912096
other	1.9818526532897407	-1.3402599176596195	7.281553398058253
other	1.9818017834164647	-0.0658952898429897	12.957820970514346
other	1.981707325313436	-0.6353991776706631	9.691934925579783
other	1.980970771824371	-1.3580089447580932	18.15352697095436
other	1.9808911770522952	-1.7667192625208157	12.212497455729697
other	1.9802173878094624	-0.2519744290982904	15.957446808510635
other	1.980069897374424	-1.0396925306684814	13.294621026894866
other	1.979875730914376	-0.535582635815153	11.278195488721805
other	1.9798221180623696	-0.2515387669959644	9.432217495838728
other	1.979680015620404	-0.5770652914227912	12.143611404435058
other	1.97932643173525	-0.3649810937821917	5.883263663105744
other	1.9772799234999163	0.0609906298891483	11.57556270096463
other	1.9772799234999163	0.0041114164072026	6.391137622496805
other	1.9772799234999163	0.0005892158713263	11.548556430446194
other	1.9772799234999163	-0.5391588111080315	9.700366458288425
other	1.9772799234999163	-0.3555768759637421	10.357815442561206
other	1.9772799234999163	-0.3765633514642079	9.610983981693364
other	1.9772799234999163	-0.7520724865564145	9.843237331388991
other	1.976541027176011	-0.4298649169564831	15.387467556544308
other	1.9760968134735133	-0.0090345739820445	8.210890233362145
other	1.9758925183191665	0.1750474943311807	5.580923389142567
other	1.975793139466347	-0.7671282190198684	18.761726078799253
other	1.9740047914670555	1.4069641987431618	12.557077625570775
other	1.9740047914670555	-0.7500217469916525	9.57854406130268
other	1.97396010454172	-0.2928366538348012	16.197183098591548
other	1.973816068196345	-0.6077984932250449	8.275405494869249
other	1.973547204623587	-0.8310979668762966	7.94809407948094
other	1.9730329523997308	0.673731080910366	7.575757575757576
other	1.9729409877755792	-0.507836310942671	9.59780621572212
other	1.972293070830158	-0.3049149093681439	9.954264191552326
other	1.969626350956481	0.5135568324982652	6.784260515603799
other	1.969626350956481	-0.2836584972511974	12.34567901234568
other	1.969626350956481	-0.6363616532278005	11.213047910295616
other	1.969626350956481	-0.8226038495857468	9.922680412371134
other	1.969626350956481	-2.9805476373338275	18.709995076317085
other	1.969626350956481	-0.7744219410658113	11.243611584327088
other	1.9691540330472408	-1.2389017971197616	9.99607996863975
other	1.96874906601556	-0.3935916375516815	9.03750564844103
other	1.968398002614172	-0.9917526396172236	6.14882670347597
other	1.968291140272662	-0.0609588807877752	14.722536806342015
other	1.968163912877995	-0.8874967050684113	12.197159565580618
other	1.9678494763962937	-1.033819713056855	10.29633350075339
other	1.96781959425085	0.3367024374698689	10.267857142857142
other	1.9675223764828256	-1.194903789110976	9.189640768588136
other	1.9674717421016912	-1.181616494529494	12.240734444066645
other	1.966731153592706	-0.3544953422443038	12.31190150478796
other	1.9664119317289133	0.1434739312505504	13.94585726004922
other	1.966080191757964	-0.8895444383782395	10.331702011963024
other	1.965827510832212	-0.6211982270690277	12.923351158645277
other	1.9650426362496367	-1.5115530876120955	13.246090009575486
other	1.9646669268877195	-1.125946345021471	7.637017070979335
other	1.9645511639957105	-1.1489608047515187	10.87429317094389
other	1.964398632203184	-0.1884450894131103	7.554945054945055
other	1.9638403367045816	-0.1738820280970119	6.267806267806267
other	1.9634741239748856	-0.9207411389863536	13.43408900083963
other	1.9624602834265643	-0.5862017247909772	10.219467247445133
other	1.961998811575444	-1.3857644746789568	16.491445062873634
other	1.961525852185364	1.3614564590739997	8.460586050350804
other	1.9612304298354248	-0.8135098642634613	16.893132574366508
other	1.9611109866064047	-1.0708663307196444	13.163766175814368
other	1.960520364151724	-0.4840731111677716	9.34777990227321
other	1.958894796670327	-0.391159201701699	24.797843665768195
other	1.9586547335237576	-1.6247466976980085	8.695652173913043
other	1.9583140971930764	-0.2860229088431894	9.93723849372385
other	1.958147032428	-0.6221632543638689	14.746543778801843
other	1.957874524327324	0.5076457416682422	7.469957778499513
other	1.9578520101840964	-0.16350957290077	6.117455138662317
other	1.9577717646107025	0.4388623624934246	6.909547738693468
other	1.9572426265006488	-0.9391707503796004	14.442916093535077
other	1.9570427993883373	-0.588978992698607	8.48162314984201
other	1.956931278108114	-0.3155385500095408	9.973149213655544
other	1.956774854488652	-1.4765807441729732	13.547840812870447
other	1.9556058806415464	-1.0888947967434712	8.84016973125884
other	1.9550681491965296	-0.2608743467507489	12.496367335077013
other	1.95501254522669	-0.3959036826970984	17.62114537444934
other	1.954696638132791	-0.4037663869438236	11.465786094294623
other	1.9546760094905096	-1.3300423587142431	12.710408794228789
other	1.953706347726065	-0.5173368015632036	7.862161257945801
other	1.952694285221644	0.4875499990632116	12.27436823104693
other	1.952694285221644	-0.5816873686882954	11.603576184135438
other	1.952471629917414	-1.757466182196034	13.051450760435769
other	1.9515596449422468	-0.2790399292827236	8.400537634408602
other	1.9502017668818488	-0.1920514821249524	6.93321007626531
other	1.9497572452203784	-0.5547404007973443	9.75609756097561
other	1.9487746766448268	-0.7992483566389131	10.211267605633804
other	1.9475325801058645	-0.013231035550782	8.083529808016166
other	1.9470158092430312	-0.370034770669216	12.285012285012284
other	1.9468886635404377	-0.8634639039051005	8.740845735884715
other	1.9466454501526915	-1.3818675099515805	8.879023307436182
other	1.9466417526364432	-1.0672001505269657	8.374040474528961
other	1.9463313352064144	-0.2135215129622037	10.91703056768559
other	1.946245652684504	-1.4163854027835483	13.35482385447847
other	1.9460371717927685	0.1532123936339527	10.509296685529508
other	1.9453647434231545	-0.6587416443500451	12.924556657649534
other	1.945025724495289	-1.0029669691401328	9.673518742442562
other	1.944858445807539	-0.98349901902416	9.836065573770492
other	1.944858445807539	-0.9838417721354	14.587674903245013
other	1.9447359811378089	-0.5640124395958868	7.85763808643402
other	1.9434164716336328	1.5979015564286545	11.502922873844993
other	1.9434164716336328	-0.3804320162705829	7.701283547257876
other	1.9434164716336328	-1.1366714396890594	5.9620596205962055
other	1.9428183393527227	-1.3663835285551342	12.398921832884096
other	1.941583313774678	-0.5860650571683146	12.639942217407008
other	1.940702816316228	-0.992333459734453	5.141388174807197
other	1.9404431553195447	-0.3203242091847725	13.495276653171391
other	1.9404431553195447	-1.018193958740632	13.456362937331797
other	1.939359778052243	-0.2059758279998895	8.057726999398678
other	1.9389146262908816	-0.4489782424212161	7.246376811594203
other	1.9385994553358568	2.388495711826352	11.448481831757094
other	1.9385994553358568	0.7317559260447316	8.262511803588291
other	1.9385994553358568	-0.5484366246960422	8.969430715723961
other	1.9385994553358568	-0.5563933485243852	8.60952380952381
other	1.936770315012546	-0.5136461941992276	9.047044632086852
other	1.936753396170484	-1.932087369139987	8.41072367268267
other	1.9366172772715031	-2.0218590925090547	15.294646873594242
other	1.9354693402244192	-1.028654367613106	7.80205082478823
other	1.9354597478052893	-0.0378720091679025	12.919896640826872
other	1.9349101660838408	-1.3293042112881726	16.78048780487805
other	1.9349049717781155	0.5755021714720899	7.808142777467931
other	1.934830985519944	-0.5340123797528513	8.016550297388157
other	1.9337663015999127	-0.5971671160810501	10.542168674698797
other	1.9333628069697093	-0.3469192038928296	12.437810945273633
other	1.9328858041414632	-0.677023053709924	3.188097768331562
other	1.9328858041414632	-1.212408332763826	13.574660633484164
other	1.931981576571349	-1.9124369681151616	4.924242424242424
other	1.931724406389853	-0.1317898725555412	5.431830526887561
other	1.9303945325141327	-1.8354749863002773	4.667444574095682
other	1.929610672108602	-0.6450110995996937	9.607686148919134
other	1.9292970086567984	-0.3842161465162435	10.806916426512968
other	1.926537838058979	-0.7358562278471082	12.554585152838428
other	1.926519402357451	-0.8878998792552864	11.359948068808828
other	1.925999418556223	-0.1413558492455415	5.26685393258427
other	1.925999418556223	-0.3542834681997476	10.58361052313275
other	1.925999418556223	-0.686924651142514	18.471872376154494
other	1.925999418556223	-0.2153195667113112	14.583333333333334
other	1.925999418556223	-2.8845227825800643	10.82940501974774
other	1.925999418556223	-4.274202487120296	9.70343036763701
other	1.9248985447592808	-1.128559965363702	14.184397163120568
other	1.924272673836755	-0.4912795534156792	3.861003861003861
other	1.9232742093571715	-1.0747002080488255	8.19000819000819
other	1.92283213947754	-0.2662368378721376	10.95019427764041
other	1.9219974879987267	0.0824621601919729	5.498281786941581
other	1.9217272950883224	-1.0329232782786495	8.4820639688991
other	1.9213901653036336	-0.3216806979835769	9.991673605328891
other	1.920565532505595	-1.2910487820033902	7.635009310986964
other	1.920565532505595	-1.6600416175156631	9.01833234772324
other	1.9194253259666805	-0.6866880143961164	12.612612612612612
other	1.9188632372745944	-0.3293076252529598	7.190265486725664
other	1.9188632372745944	-0.8995750453478952	12.481997119539129
other	1.9180311532137189	-1.1177591485411609	9.75975975975976
other	1.9177789117512547	0.7021278303996782	9.887393573194178
other	1.917537839808027	0.3556112211436509	9.291893623838511
other	1.917537839808027	-0.970252656605948	11.27554615926709
other	1.917537839808027	-1.0581029545635685	8.741258741258742
other	1.917537839808027	-0.0379678501990205	13.821700069108502
other	1.9170106353289684	-0.2854022188622483	9.33786078098472
other	1.916131267974936	-1.009084917600937	18.341307814992028
other	1.9160444769706229	-0.4039981045141326	3.744383424862706
other	1.9149004541215464	-1.4877556388526811	18.31501831501832
other	1.914270125974116	-0.7858751946471527	7.23404255319149
other	1.914270125974116	-0.593479180596317	23.086654016445287
other	1.913442180447296	-0.21349999443188	7.142857142857142
other	1.912537158749661	-1.408464845355358	11.237389860809603
other	1.912537158749661	-0.7041398869836837	6.735340729001585
other	1.9123538779209963	-0.8615859713029052	8.659981768459435
other	1.9123244816591465	-0.7745472832156113	10.50903119868637
other	1.9114633253983424	-0.9781684867837837	7.874015748031496
other	1.9114633253983424	-0.2169379912443398	12.48266296809986
other	1.9114633253983424	-0.4780336232791626	8.699531563685033
other	1.910916456417575	-0.0964762554898799	9.645839331989633
other	1.9107326619029128	-0.9957965923055868	12.05657315093902
other	1.910362787515324	-1.6071793700166654	9.874917709019092
other	1.9099699885404904	-0.5573392230318874	15.532544378698224
other	1.9094877070945573	-1.752823694613423	10.391333185938535
other	1.909323471464804	-0.1737100105884023	6.162464985994397
other	1.9092345360768173	-1.221932304910641	9.7868638538495
other	1.9085106912766805	-1.0079945709576483	11.034973747441487
other	1.908411089380972	-0.2975376757886427	7.347670250896057
other	1.9079872851640955	-1.508003786261261	15.568862275449105
other	1.9068905956085185	-1.064851144349968	6.324262169413568
other	1.9068905956085185	-0.1375035237499349	13.308792297890417
other	1.9068905956085185	-0.8784380201190868	6.97350069735007
other	1.9068905956085185	-0.7348793611980048	13.593586615545483
other	1.9068905956085185	-0.4928056743932394	11.324470704086655
other	1.9063972822028263	0.3683565022624926	10.18808777429467
other	1.9062930826404043	-0.8143432310049616	11.698265429608712
other	1.9055724639125395	-0.4623102776941858	11.639185257032008
other	1.905535315996508	0.0058514147506323	11.340977068793618
other	1.9051408136585588	-0.4311519487249652	7.010231148162182
other	1.904751684852184	0.0273434904255355	12.524907486478794
other	1.904542840752096	-0.707008362894343	12.006861063464836
other	1.9033239805883264	-0.4288432988038742	9.051724137931036
other	1.9033239805883264	-1.120146824394922	6.1027292761485
other	1.902896052103492	-0.2667566965608297	7.880910683012259
other	1.902702798645085	-0.0655099993889175	9.448818897637794
other	1.902702798645085	-0.6574750005055242	13.530135301353017
other	1.902702798645085	-0.5286639210108385	7.8188190887031555
other	1.9025516598841807	-0.1382929666279742	6.885998469778118
other	1.9024446905773265	-0.6232624111282071	11.279097672186223
other	1.9000042100232784	-1.4327738635756524	12.529365700861394
other	1.8990474742874888	-0.873708546749829	17.76915036583545
other	1.8984619735379376	-0.1556357215001121	14.667470363672896
other	1.8984121283208413	-0.2431627319645097	8.463369478973817
other	1.8981203859807865	0.6141088463806728	10.067728354384036
other	1.8981203859807865	-1.1874124281711536	10.13299556681444
other	1.8981203859807865	-1.1308088711759268	5.88235294117647
other	1.8976194067098824	-0.731220381837642	8.551126099000362
other	1.8974819193925536	-1.0797316355676416	15.173945225758697
other	1.8957322351515336	-1.240226591530884	9.372869802317656
other	1.8955307334439708	-0.9075537512354048	9.122618728199624
other	1.8953781076791216	-0.8134167260576196	10.833880499015102
other	1.8947185496859529	-1.0109194585922556	6.980086224594539
other	1.8942549600221543	-0.7745816640493284	10.519395134779751
other	1.8933528304625007	0.3552007444334273	10.91703056768559
other	1.893084796083488	1.918552166362212	9.261939218523878
other	1.893084796083488	0.2183619619754149	8.93355667225014
other	1.893084796083488	-0.5277082680755294	9.762100082034454
other	1.8924715356955548	-1.0046618703280767	8.061468698828568
other	1.892017319126988	-0.4198350886522164	9.078903928689336
other	1.891065628446836	-0.060246542436857	7.304601899196494
other	1.890511960411864	-0.4882562820307982	11.863758132414848
other	1.8898170822495768	2.19068356160911	12.080298454432404
other	1.88841793553704	-0.3672604882790206	9.140008309098464
other	1.8883546441710908	-0.6347670472265076	7.9155672823219
other	1.8879043952289365	-0.9185838084731168	7.533197139938712
other	1.8875252707415875	0.4043902550793352	12.76595744680851
other	1.8875252707415875	-3.485426827170242	10.0
other	1.8875252707415875	-0.1387062708315921	8.870490833826139
other	1.8875252707415875	-0.2250665556347732	8.689355539464156
other	1.8875252707415875	-0.7686574188190236	7.746790615316512
other	1.8872129760279592	-1.0984699312120114	16.215557181175324
other	1.8858935143134783	-0.056448960587368	8.792965627498
other	1.885654590608	-0.5291733538270047	13.790221479314669
other	1.885652270652231	-0.5140168969456925	10.39570757880617
other	1.88506423315534	0.1991022746979689	10.243277848911651
other	1.8850074777100687	-0.986911116726188	7.050528789659225
other	1.884697010590769	-0.891550539410815	9.25925925925926
other	1.8840506192504072	-0.271993017571271	6.0769750168804855
other	1.882643049361841	1.1255308820838592	11.516853932584269
other	1.882643049361841	-1.1235811475175654	6.927465362673186
other	1.882643049361841	-0.2604014067230246	15.889830508474576
other	1.8823960336877696	-1.0830221931110882	7.778469197261979
other	1.8816205586263024	-0.3593072101094761	9.280336193311154
other	1.88112260414808	-0.7480414519732252	19.521410579345087
other	1.880257270277548	-0.7689580600972158	11.5
other	1.8800393759590872	-0.0615284661403083	7.154650522839846
other	1.879705766282288	-1.7454271729144024	7.882882882882882
other	1.879208982683596	-0.0716803779324572	10.232796111537478
other	1.879145605125614	-0.4150374992788438	10.16002032004064
other	1.879047652513913	-1.3639304387800857	11.255924170616112
other	1.8788069958348803	-0.8355790157254929	11.311053984575835
other	1.8781588770652025	-0.2105880059083462	10.043521928356212
other	1.8780094756213896	-0.6734991753228136	5.552984729291994
other	1.8776033686402736	-0.6605538784606348	9.834050399508296
other	1.8774333577937443	-0.4583092590365408	8.987701040681173
other	1.8767933064765048	-0.6969010971840686	6.1465721040189125
other	1.876228502330395	0.0108653112387549	10.423053341508275
other	1.875909652275356	-1.0961960272749374	4.132231404958678
other	1.8758962169212563	-0.8639111320380798	13.846153846153848
other	1.8753733454862551	0.574694165267329	14.961261020571731
other	1.874469117916141	-0.5008856221504058	13.28462304882099
other	1.874469117916141	-1.3566935130480389	10.095183155465822
other	1.874469117916141	-0.8631258933532725	11.07011070110701
other	1.87378228379658	-0.2537329550912366	7.014028056112225
other	1.8721251774478416	0.0734306182290205	8.474576271186441
other	1.871013559279922	-0.3605261382028844	9.823182711198427
other	1.871013559279922	-1.0408045508438912	10.570824524312895
other	1.8709646772853423	-1.4204307580490625	8.113291045876972
other	1.8705487485447985	-0.652686586692724	11.940298507462687
other	1.8705132749087567	0.0201155297496187	10.048510048510048
other	1.8703647195834048	0.3053306623947905	9.518477043673013
other	1.8700906774055668	-0.6574735553891907	9.953051643192488
other	1.8699394594356271	-1.0575664626113983	3.284072249589491
other	1.8695578109062048	-0.2187042343063338	8.298755186721992
other	1.869415890189856	-1.317321721023249	25.31645569620253
other	1.868755466721748	0.0733636171977528	8.73965041398344
other	1.868755466721748	-0.5612970384205995	10.887772194304857
other	1.8682195358240616	-0.9893512691886897	11.793983986150185
other	1.867164317292908	0.6068551065699984	9.391992090954028
other	1.8669715853387248	-1.430091522539734	14.315460697553355
other	1.866733469136536	1.3923174227787602	9.840425531914894
other	1.8662618014055337	-1.126177431010586	11.07649705780547
other	1.8659826520283125	-0.6474835852792146	6.354970494779845
other	1.865584658037636	-0.4156365007576124	11.046672190002765
other	1.865070419913892	-1.3959286763311394	12.190166598943518
other	1.865070419913892	-0.6057210608879536	9.206947060054404
other	1.8642096875200167	-0.1246493119088933	10.869565217391305
other	1.8618027060799804	-0.5871910318318053	8.661887694145758
other	1.861530062208643	-0.7951037690382384	14.427860696517412
other	1.860596943334584	-0.2802149321394808	11.09669981265312
other	1.860596943334584	-1.7801334533225797	13.15002988643156
other	1.860596943334584	-1.0660891904577727	13.333333333333334
other	1.8603806310107824	-0.8675440750672128	10.21355617455896
other	1.8596494294998167	-0.5698974141848653	7.654836464857341
other	1.8594016698272	-0.563849513567958	8.922596475574393
other	1.8591026966542528	-0.725371792362357	8.233532934131738
other	1.8586815025658987	-1.4091126653217383	8.974845152319554
other	1.8580546941411964	-1.125099773275137	12.34266161554442
other	1.857980995127572	0.7875916672361742	9.158154279675944
other	1.857980995127572	-0.8393418101664418	6.031666247800955
other	1.8577177536268163	-0.2921144591668496	18.82845188284519
other	1.8571652218285453	-0.1841934132272115	8.248508248508248
other	1.8566358248288224	0.2402151920692228	22.46893999471319
other	1.8566358248288224	-0.5373724830468377	5.383580080753701
other	1.85640914637115	0.5256815629628363	8.946322067594433
other	1.855877429689196	-0.4261113017030679	6.5913370998116765
other	1.8556100906648247	-0.812773562651375	10.184992725005197
other	1.855199592713304	-0.1126645703592774	10.451185317359164
other	1.8551834471482191	0.1976032809206069	10.978043912175648
other	1.8550516640889003	-1.199017912962639	11.267605633802818
other	1.854303633514299	-1.2679560902912217	8.497723823975722
other	1.8541491335365448	-0.9295018401153228	12.052463665366892
other	1.853921740512056	-0.559971316324747	9.474182851729038
other	1.8529975876133165	-0.966771714075461	6.98856416772554
other	1.8525841760506017	-1.3613528059151678	13.21279554937413
other	1.8524428115861424	-0.185140345109168	14.49056603773585
other	1.851619040119402	0.2164697669525619	7.108330963889679
other	1.8506960561559047	-0.7776305401477701	19.63646013002521
other	1.85042364394949	0.0486099442246214	9.430540442509974
other	1.8500627807342	-0.495026368084359	14.45466491458607
other	1.84985965057214	0.4566628043010609	6.965728615213151
other	1.84985965057214	0.0338110293070627	10.071942446043163
other	1.84799690655495	-1.263034405833794	8.906481939633844
other	1.84799690655495	-1.3536369546147005	8.456659619450317
other	1.84799690655495	-0.6704587210027623	8.356545961002785
other	1.84799690655495	-0.0334409003292988	7.738607050730868
other	1.84799690655495	-1.4694852833012204	14.51841359773371
other	1.8476740115131167	-1.2049568600904477	11.342920802106542
other	1.8474222421215845	0.0588844210763425	6.273867975995636
other	1.84684321193858	-0.2337400990397555	11.94698525294008
other	1.846753739704318	0.1355996989905979	11.008628384409402
other	1.8458861599591423	-0.8231248021304413	6.354436337961873
other	1.8456718536087064	-0.3106075587519261	11.381683430386447
other	1.8444935104684272	-1.2192897214661105	9.887553315238463
other	1.84414695342724	-1.175886175361992	9.140767824497258
other	1.8435169094821813	-0.9718046500616002	16.528925619834713
other	1.843274496312547	-1.6132636094845394	10.473946059177797
other	1.843274496312547	0.0	9.67741935483871
other	1.843172633507	-0.2578079422589617	11.017063012226254
other	1.84245872301352	-0.5707486415014554	15.352038115404977
other	1.84245872301352	-0.3055391343483292	9.44918183913344
other	1.8416708997069515	-0.4813468298056473	11.76470588235294
other	1.8413022539809416	-1.415037499278844	2.403846153846154
other	1.8413022539809416	-0.222392421336448	14.763779527559056
other	1.8410608593445728	0.6334244813832607	6.089309878213802
other	1.840521785992804	-0.4307415820262877	10.645375914836992
other	1.840103504397316	-0.5482039507110384	5.717255717255718
other	1.839855362834804	-0.6053323885564114	10.409136909064625
other	1.8397428053422933	-1.056566655371826	16.093635698610097
other	1.8392466444559377	-1.222065455689361	11.55268022181146
other	1.838605856042044	-0.4588777742495074	13.588634959851762
other	1.838248930003388	-0.2618494721493349	9.324009324009324
other	1.8380600955736823	-0.7336402290289292	14.856081708449397
other	1.837964571070588	-1.6285622189995068	14.282165921510185
other	1.8365012677171209	-4.057715497856288	12.64367816091954
other	1.8365012677171209	-1.117197839620531	6.101694915254237
other	1.8358300906680816	-0.4307494220997643	12.1580547112462
other	1.8339900485610707	0.637429920615292	8.097670362526474
other	1.8336486814375064	-1.6012495127955986	10.638297872340424
other	1.8335388538612591	-0.2662475364289799	12.12121212121212
other	1.8329782011534232	-0.3950568819946815	5.983246908655763
other	1.8328900141647413	0.0098310093596937	8.364001338240215
other	1.8316842514193448	-0.7179568571587766	13.079667063020214
other	1.831474450642288	-0.8421053412834939	9.778425049412254
other	1.830872728763741	-1.0817280015883284	13.14248536109304
other	1.830587228295321	-0.5781307294687517	10.092145677928915
other	1.830074998557688	0.0769973997151616	11.39240506329114
other	1.829696089812006	-1.6074029066145	10.84850833010461
other	1.8296650837826929	-0.2110531510801947	10.569300984866684
other	1.8292696984860448	-0.632268215499513	7.331378299120235
other	1.8288880836072448	-0.8205161701328427	9.318085556967388
other	1.8287863025891151	-1.355950820452947	11.67693804735647
other	1.82827050171094	-1.2073386714812344	24.90726020137785
other	1.82821739409131	-0.132186313652494	6.704742984852247
other	1.82781902461732	-1.131583552206117	10.479041916167663
other	1.8268142815594564	-0.3427615983045279	12.42124212421242
other	1.826106096354742	-0.0495279477289342	9.531374106433676
other	1.8259706002249512	0.2759918107205035	12.97709923664122
other	1.8259706002249512	-1.7983661388303491	10.801591813530417
other	1.8259706002249512	-0.505112843580692	12.976480129764802
other	1.82476119866122	-0.162918033226398	10.933229207340885
other	1.8242012470132951	-1.0463044062280515	5.630438491724962
other	1.8239696359085005	0.5653821317516401	8.09368004132943
other	1.8231222379159209	1.9000042100232784	9.719461011707534
other	1.8230263236094075	-0.7052444848004412	15.32567049808429
other	1.8229751592083927	-0.3014134169866	9.433962264150942
other	1.8226115881350364	-0.9318592817483308	11.014413924394889
other	1.8222537984369425	-1.1835742496742103	12.062726176115802
other	1.8218202839958768	0.0816772530108652	7.889810109654989
other	1.82179643444609	-0.8707385859980815	13.152486642005751
other	1.8213529166822555	-0.962674168811784	11.49218890285509
other	1.8210927228532887	-1.280934813893427	10.16042780748663
other	1.81918829348538	-1.0829869886711	11.120952662139551
other	1.819151349521451	-1.0882035992297312	12.18369259606373
other	1.818759685329853	0.0215906634127131	8.329250367466928
other	1.818759685329853	-1.1066939110799006	10.396361273554255
other	1.8179396726987704	-0.389850800083539	15.579654803726898
other	1.817455512026574	-0.1095482371261565	10.230179028132993
other	1.8171359428501888	1.2995602818589078	14.648182055976982
other	1.8171359428501888	-0.7038233095435764	9.169363538295576
other	1.8160249904643395	-1.06988762082115	17.40926526999115
other	1.8158744640052928	-1.0822094967021971	6.451612903225806
other	1.8153625006589704	-0.4850495369163661	7.768666378938282
other	1.814624387407508	0.0537160618414367	8.683473389355743
other	1.8145976619387425	-1.1741470403191083	9.476720230737536
other	1.8142085930986669	-0.64565042742026	10.284810126582276
other	1.813988014390051	-0.4181434101466654	6.676783004552352
other	1.812361914131703	-1.1114157801884992	11.059228311624477
other	1.8113904352927608	-0.6996592501529535	10.034403669724773
other	1.811097323743421	-0.7122490204307254	6.668783740870118
other	1.810903989138675	-0.3763198511371852	8.790623335109217
other	1.8104277561072275	0.0568925998564992	8.962426749396759
other	1.8097700139237896	-0.4968207908752057	8.394217316959429
other	1.80949277630046	-1.1686426154261331	8.541600759253402
other	1.809435232498652	0.1644499213641541	6.522306287503261
other	1.80851885519124	-0.7943107991127552	12.353500158378209
other	1.807354922057604	2.0671141958585366	7.562277580071174
other	1.807354922057604	0.1858665453113341	8.409785932721713
other	1.807354922057604	0.0995356735509143	10.948905109489052
other	1.807354922057604	-0.1432856052943787	8.652246256239602
other	1.807354922057604	-0.8460441139748249	13.062409288824384
other	1.807354922057604	-0.5833361433082074	13.357619914996963
other	1.8059229665644725	0.0929067771021091	11.44310235219326
other	1.805019833809675	-0.2489026810178552	11.60745691171298
other	1.804721465212805	-0.6338750234386653	8.959943780744906
other	1.8046758218617227	-0.9189004798534968	11.5793470007593
other	1.803827548562279	-0.6888265331636424	10.5344295991778
other	1.8027676525619525	-0.7047264192441502	11.06427818756586
other	1.8017332950943687	-1.0299596286776702	11.123627147282455
other	1.801545049497857	-0.7870442478205995	7.248878149810148
other	1.8011586560936983	-1.0507287486831982	12.31190150478796
other	1.8010238310816018	-0.4532730043186694	23.519163763066203
other	1.8002304876242226	-0.4288432988038744	6.791171477079796
other	1.8001305952896915	-1.105230545871157	16.40008098805426
other	1.7997013495141687	1.237943424870963	13.27433628318584
other	1.7997013495141687	-0.264442600226602	8.0
other	1.799507060234919	-0.3509621856025658	9.715475364330326
other	1.7994061689421132	0.0381097848777604	6.990500089621796
other	1.799206173590005	-0.7238913897139442	10.820332159033718
other	1.798741791752896	-0.260390293005716	8.315368032029566
other	1.7983661388303491	-1.0848109014227438	7.652131665249604
other	1.797335274162774	-1.2299947870318375	9.975734699379888
other	1.796617871450093	-1.6661728866902747	12.82051282051282
other	1.796466605914868	-0.9000042100232786	7.555447233731416
other	1.7962997335486084	-1.525857263753667	12.922465208747514
other	1.7958929316913017	-0.7947018411188025	19.53125
other	1.7955969511814325	-0.8852103991000424	7.418721361553567
other	1.795286387335789	-0.4429810217498968	12.93103448275862
other	1.794415866350106	-0.9186038050366632	12.48513674197384
other	1.794415866350106	-1.1277555471983725	12.581168831168831
other	1.7941904628591565	-0.3060459711421283	10.414201183431953
other	1.7936148654313018	-0.3426557460362708	12.325116588940704
other	1.7935491225325737	-0.265344566520995	9.67741935483871
other	1.7933405049281483	-1.3336360767473652	11.938702779757662
other	1.793169015814293	-0.8500109521094805	8.882655446470313
other	1.7931254857534649	-0.1374220431507612	6.889424733034792
other	1.7925579201295236	0.0892673380970873	8.651911468812877
other	1.7925579201295236	-0.2635758564090698	8.570638650815592
other	1.7925579201295236	-0.9168060644736014	10.471204188481677
other	1.7925291516710269	-0.8713359044338724	6.698187549251379
other	1.791682763875275	0.1272356156751329	6.743940990516333
other	1.791024721117027	-0.0911642230130003	9.023146331894862
other	1.7909914758487169	-0.6777154640877513	8.201701093560146
other	1.7908290249667254	-0.9700212775485576	15.554115359688918
other	1.7906940985820647	-1.156911746365462	9.615384615384617
other	1.7899203287215837	-1.1420119091681744	8.430785966820778
other	1.7898816155180597	-0.0504787963027208	9.618519726116729
other	1.789580220329628	-1.461584867981815	12.997562956945572
other	1.7891885325078585	-0.1579413962773514	10.42138649750793
other	1.7889763927427496	-0.108939862699971	7.277137659187386
other	1.7884958948062883	0.0418201756946272	11.908137227105188
other	1.7884958948062883	-0.8287022172013082	13.18154583582984
other	1.7872706760142718	-3.227512492995256	16.5016501650165
other	1.7865963618908067	-1.7346737826582166	11.479028697571744
other	1.7861948110220274	-0.2899781632167966	9.68927497494153
other	1.785759774427011	-0.7257089382998971	9.349289454001497
other	1.7854954880938647	1.104934839788271	15.640599001663892
other	1.7854954880938647	-1.6181327389987772	9.340338587273788
other	1.785278681661392	-0.2728970236670797	9.75609756097561
other	1.7852611512069874	-0.4845030213071659	15.447991761071062
other	1.7851491276761715	-0.7349148546014442	12.437810945273633
other	1.7849871090291496	-1.071822458462114	10.106382978723405
other	1.784900071229908	-1.0155708618504546	8.12007874015748
other	1.7844269478724757	-1.4465173180123427	11.640401146131804
other	1.7837138533576855	0.158074680252618	11.35135135135135
other	1.7829018783330652	-1.2250665556347735	6.605504587155964
other	1.782769283779331	-0.0795576431649932	5.310947404488608
other	1.7825823940788443	-0.4139112070072763	6.85483870967742
other	1.781854549763738	-0.8115178982746232	8.897165321746328
other	1.7813597135246595	-0.5642039405543587	10.22067363530778
other	1.7807679195568802	-1.0750162062945126	8.487269096355467
other	1.7798741856354972	-0.2391876638794261	9.959954820823492
other	1.779791825925428	0.2559763429604759	10.060894890124436
other	1.7782085763980875	-0.8323297850322926	12.810248198558844
other	1.777607578663552	0.4739311883324122	7.294571980261747
other	1.777607578663552	-0.0734479363882051	6.226650062266501
other	1.777607578663552	-0.6987824002783181	8.127328140873688
other	1.776996137653811	-0.754501163082051	7.709251101321586
other	1.77641674488493	-0.5465788220788237	14.136328427575524
other	1.7747387386311662	-1.2703100812463448	14.291492517190235
other	1.7742328518828956	-1.0051829625669266	12.191582002902758
other	1.7742232142230046	-1.1152838212387486	11.830201809324985
other	1.773724144176324	0.4646350255651901	12.207324394636782
other	1.773724144176324	-1.467205325144099	13.101189450094813
other	1.773655403495387	-0.8000329569620412	12.903225806451612
other	1.7734075901342663	-1.359643109299816	7.823613086770981
other	1.7725895038969277	-0.8919657657656259	8.81704628949302
other	1.7725895038969277	-0.2748456038508851	12.239902080783354
other	1.7725895038969277	-0.3098552625867873	8.854667949951878
other	1.7717310123268828	-1.5768962933778683	5.170927894283252
other	1.7716171408211692	-0.7347488681833811	13.138686131386862
other	1.7713756249520374	-0.2358571447636949	10.62753036437247
other	1.7705729414986535	0.0661983773229368	9.276829011174362
other	1.7705181538772323	-0.1148836378843505	7.970773829292593
other	1.7705181538772323	-0.021695071099319	8.59275954359769
other	1.7701773731880637	-0.6482507722374101	7.958162801273306
other	1.7687950755265638	-0.1743237972948724	9.446254071661237
other	1.7687664243803565	-0.1254827794217816	8.778346744696416
other	1.767553913999629	-1.5202997838567156	8.973858759266484
other	1.7672310370238755	-1.087644216777645	10.667903525046382
other	1.7668078582755091	-1.062864936422369	7.536231884057971
other	1.7668008237069692	-0.4037835890873827	9.581442259203229
other	1.766286672217849	-0.6719830008782919	7.792207792207792
other	1.7662028153913027	-1.8378639284200544	9.66817856290284
other	1.7659654658887587	0.0145111343384702	5.39568345323741
other	1.765534746362977	0.0519132831326124	6.18921308576481
other	1.765534746362977	-0.8853574340588773	14.907674064035236
other	1.765534746362977	-0.5703157247567546	17.299736743136517
other	1.765534746362977	-0.8125413687729393	13.686364799181376
other	1.765534746362977	-2.400044784803371	9.950248756218905
other	1.765534746362977	-1.4969824814333326	8.529722124516356
other	1.765083269269357	-0.8366156390066054	11.397058823529411
other	1.7644345721554504	-0.537369568046608	10.0967007963595
other	1.7638250542321487	0.0075227995110344	7.239679605668515
other	1.7634191357845854	-0.3710536028994591	9.292156326865264
other	1.7629901478972765	-1.041474899161258	12.424565140220093
other	1.7626713083586811	-0.0368649592119812	10.66892464013548
other	1.761595260674921	-1.294279202390598	9.453471196454949
other	1.761315455581955	-0.845312437801942	9.67741935483871
other	1.7611600991789986	0.0063570953207257	11.08448172558418
other	1.760888381506612	-0.2319477045725974	10.07813384667648
other	1.7602848647513312	-0.9507097939171236	12.619267466912897
other	1.7602393671030163	-0.2377920095616786	7.009345794392523
other	1.7601364424371462	0.082853049175972	20.964360587002098
other	1.7600492072792475	-0.7989426822414041	9.91501416430595
other	1.7600492072792475	-0.9586832282869427	12.642487046632125
other	1.7596293142905373	-1.7890708885629731	12.07218419415059
other	1.7590214394043029	-1.1053045205501346	6.824712643678161
other	1.7589919004962051	0.8687554667217475	7.058159232072276
other	1.7584453215766578	-0.6725863660289081	16.377649325626205
other	1.758330690052948	-0.9543412830082996	10.078997548351948
other	1.75785296064003	-1.8077382487354623	17.857142857142858
other	1.757762767266681	-0.6084861668616356	12.123582323034809
other	1.757583625244701	-0.7856558236922376	20.945945945945947
other	1.756728848987636	0.1317898725555414	7.95593635250918
other	1.7563848505499708	-0.1401216077940087	8.32639467110741
other	1.7557631896203325	-1.2205080338586412	18.05688718440396
other	1.7548875021634684	0.8548020844600644	11.355815554026153
other	1.7541748841984293	0.1333922504435959	5.565862708719852
other	1.7540391075251476	-0.7968590601561497	12.005108556832695
other	1.7538394127306025	0.1192860868949427	13.705335291238374
other	1.753233983310955	-1.2179519460107526	24.06417112299465
other	1.7516123701306077	-0.2857544823338773	10.582010582010582
other	1.7506405310632829	-0.2601518973006723	8.9449075015247
other	1.7500217469916526	-0.8766606648070936	9.309542280837858
other	1.7500217469916526	-0.4238363067297756	9.508990318118949
other	1.749742008553825	-0.3869676124528878	9.185700099304864
other	1.7496552365507188	-1.1219522027317068	10.341951626355296
other	1.7491918964994655	-0.0874628412503394	7.762402969962875
other	1.7490818804822628	-0.6193029554156867	9.287925696594426
other	1.7489835700991292	-0.2401801288201267	11.357769747031492
other	1.7489382358322825	-0.8433998924448531	11.503697617091207
other	1.7484893422898724	-0.0948152464869732	12.69956458635704
other	1.7484612330040354	-1.3770966858399911	8.806262230919765
other	1.7479010718473618	-0.1361985077940218	11.884550084889645
other	1.7472339296200332	-0.614327419980195	5.234079674323932
other	1.746995959303471	-0.7516015400248003	14.74056603773585
other	1.7464259234152724	-0.8909431637771058	10.509721492380452
other	1.746243407754217	-0.8067598735687027	10.613598673300164
other	1.7459289923577697	-1.2406102792776732	10.63010321984286
other	1.745816511748472	-0.6603996507823945	8.992805755395683
other	1.7454271729144022	-2.2479275134435857	19.87315010570825
other	1.7454271729144022	-0.4126279681857998	7.301046483329277
other	1.7448707922515525	0.3178936495589308	8.383233532934131
other	1.7447429447579257	-0.056396055811898	10.208248264597795
other	1.7447012429458115	-1.2219083045045531	11.142498430634024
other	1.7444824442833746	-2.0638112629871666	9.019607843137257
other	1.74416109557041	0.2768402053588242	7.462686567164179
other	1.7437547598288452	-0.6721213858922622	13.392857142857142
other	1.7437028789424869	-0.3134035189101842	8.559622195985833
other	1.7436088677968202	-0.3784778225356527	15.593220338983052
other	1.7428939061688802	-0.5708073906890216	9.573542210617928
other	1.7426343442528982	-0.4077197304021409	12.792714657415438
other	1.7408334116059192	-0.2274104961030725	6.0652009097801365
other	1.740480078342443	-0.6414294523801848	9.282896263634251
other	1.7403561833669805	-0.6811193593873996	10.007900974453516
other	1.7396850955197982	-0.4918590693441628	9.456264775413713
other	1.7390856460405757	-1.3593023655507974	8.690330477356182
other	1.7389500443290111	-0.6616355353213179	10.398613518197577
other	1.738728202865466	-1.2213019588940803	9.428729894620078
other	1.7384972338469162	-0.1816392892046532	17.391304347826086
other	1.7376657616348818	-1.445512072353487	8.873720136518772
other	1.737085613719613	-1.6451215022050754	10.474780826596836
other	1.7369655941662063	1.2175914350726265	9.890859481582538
other	1.7369655941662063	0.1876270031757712	7.7619663648124195
other	1.7369655941662063	-1.2829441345921877	10.29129600558172
other	1.7369655941662063	-0.0298182880495155	9.015777610818931
other	1.7369655941662063	-0.4780472968046442	10.443864229765014
other	1.7369655941662063	-1.310787537282162	8.913649025069638
other	1.7369655941662063	-1.5338340090353186	11.264367816091951
other	1.736381388836948	-0.56247396053336	13.109821620459918
other	1.7359043987958958	-0.1485536617739867	6.311992786293959
other	1.735429995254981	-0.5820728524066133	8.765652951699463
other	1.7353793432742548	-0.5339422882555988	4.664970313825275
other	1.7352051363017686	-1.2761244052742375	14.43001443001443
other	1.7350277899247135	0.2060750785441349	6.728778467908903
other	1.7344760421405083	-0.5401648867324993	16.745384285100904
other	1.7340183101158693	-0.3621958715770477	18.885741265344663
other	1.7331971243502935	-0.030657665219593	9.728415079043373
other	1.7326396687634162	-0.3968414699311657	10.99332548095799
other	1.7323042167963432	-1.851076299486922	9.005888465535158
other	1.7319821866519505	-0.1301486767569795	8.185840707964601
other	1.731319031025064	-0.833634299088166	7.844756399669695
other	1.731319031025064	-0.7172391893221959	19.464720194647203
other	1.7310040359274894	-1.885612725461351	13.815090329436767
other	1.7309712519985485	-0.0552666133946314	10.329829648423342
other	1.7308910797565218	-0.1075856096468441	10.139627659574469
other	1.7308133671846109	0.2541594671551002	7.371007371007371
other	1.730747071431049	-0.0772349889728898	8.31353919239905
other	1.7307336404546916	-0.5658412219023632	9.290802105915144
other	1.73039294024272	-0.8307445292016016	9.044958765629156
other	1.7297340249351305	-0.6300503902496941	7.378939277478862
other	1.729484012796754	-1.5508743878752609	15.47911547911548
other	1.729302895863345	-1.2383234620698491	8.601346297681376
other	1.7283266758923337	0.3479183763430061	10.406342913776015
other	1.7279204545631992	-0.3914827712999472	7.263922518159807
other	1.727101966082185	-1.3544283500726353	9.77230528681716
other	1.7265166449351754	-1.5062388630692354	12.798138452588711
other	1.7264651816843846	-0.2752531819320631	9.462976105985334
other	1.7261819184529652	-0.7262739174160953	11.220196353436185
other	1.7258250365610055	-0.2997402550434426	7.448186528497409
other	1.7258250365610055	-0.438337587002673	7.976071784646061
other	1.725519067515098	-0.1384638784788507	6.977121531721565
other	1.7253776198909945	-1.2642564099906997	11.322572874006262
other	1.7252837891185708	-0.2876469603154072	8.150591888220454
other	1.7252837891185708	-0.7253263148450726	10.080645161290322
other	1.7250353840832242	-1.448758117122845	7.51163774862463
other	1.7248927618656311	-1.1223574101045175	12.248671134735382
other	1.7243655573865726	0.1696135723982774	7.052709725315516
other	1.7237576047192975	-0.5556937604903517	8.849557522123893
other	1.722466024471091	1.3671624596460246	7.766990291262136
other	1.722466024471091	0.0305505752374205	10.456273764258556
other	1.722466024471091	-0.6513313103368712	8.500137098985467
other	1.722466024471091	-1.5849625007211563	9.453781512605042
other	1.722466024471091	-1.0658229834172928	9.67741935483871
other	1.7222322192617812	-0.4827661192606233	8.630835621812475
other	1.7222322192617812	-1.6448025133251511	19.91008349389852
other	1.7198920808072646	-0.4074243151689686	9.142857142857144
other	1.7188182474559466	-0.6045152981425567	8.161305808929429
other	1.7184622732381356	-1.482073326556557	16.77389705882353
other	1.7182290315846205	-0.6555002900817191	10.245265445513814
other	1.717676423066396	-0.5862302468843578	7.628734901462174
other	1.7169477005892486	-1.192482453855212	10.762331838565023
other	1.716680359148303	-0.1909548566856931	7.765830346475507
other	1.7162070339994089	0.0926994896164865	5.793742757821553
other	1.7162070339994089	-1.1717551362061809	13.476157567380788
other	1.7162070339994089	-0.1645421248419451	9.200102223358035
other	1.7162070339994089	-1.835057850847452	12.205754141238012
other	1.716118809260602	-1.2735506912963437	7.051969952475855
other	1.7156168725496348	-1.0784304818254178	16.761768901569187
other	1.7152003854825426	-0.902620081409208	24.06159769008662
other	1.7142455176661229	-0.0066637302810109	8.985398727068514
other	1.714057286856163	-1.0733868909772089	12.53538212697129
other	1.7134462352145228	-1.1855415301331211	12.280451235184922
other	1.7132169913935973	-0.7788945902891726	7.251381215469613
other	1.7127180479195288	1.2533372650982624	8.203125
other	1.7127180479195288	-1.7999753916920065	12.99545159194282
other	1.7123561268222047	-1.2021540666655095	13.13813813813814
other	1.7119879390775858	-1.6617841170395542	10.940272028385571
other	1.7118746132033758	0.0331668639351993	11.981566820276498
other	1.7116927303185043	-0.5744610799501163	13.301088270858523
other	1.7115959392521731	-0.0595568446804548	6.116207951070336
other	1.7113184872260694	-0.9939652590372466	14.869888475836431
other	1.7112024981011245	-0.0201910168703793	9.086050240513094
other	1.711042249100731	-0.7751087734097264	11.16593092703194
other	1.7104933828050153	0.0689346314829056	9.897360703812316
other	1.7104933828050153	-0.6697429209181759	7.471980074719801
other	1.7104933828050153	-0.6649220677492911	8.530183727034121
other	1.7104933828050153	-1.056667408423421	8.65460267505901
other	1.7104933828050153	-0.0931094043914814	9.549274255156607
other	1.7101418060904965	-1.3634189530850516	12.305889246996776
other	1.709658248170471	-1.077090527026106	12.36174365647365
other	1.7093617938303978	-0.3854360825986689	11.020881670533642
other	1.7080208971254942	-1.3320739262651544	14.830794121612511
other	1.7079733908264996	-0.5763024843364202	8.87784090909091
other	1.7065919451226874	-1.0361779811860712	12.82051282051282
other	1.706449167643142	-0.6218491411459623	6.868131868131868
other	1.7062687969432897	-0.4165569254760446	7.990411506192568
other	1.7055526415347446	-0.1524085789416155	7.598944591029024
other	1.7042614290935003	0.6100786831380656	6.981382978723404
other	1.7036069972197752	-0.7841701346368046	9.393680614859091
other	1.7032824679099174	-0.4699785967069122	18.64244741873805
other	1.7032824679099174	-0.0201778819376302	8.045190003423484
other	1.70321777509574	-0.6684336922753424	8.832721837206144
other	1.7025929947212557	0.097193729325667	9.027081243731194
other	1.7014765094475812	-0.9311737635151992	10.781671159029653
other	1.701286618688388	-0.8686157300157619	18.89338731443995
other	1.7009622759642111	-0.2443659358761134	8.132361189007291
other	1.700937284981992	0.0868661918533643	9.40733772342427
other	1.7004397181410922	0.1301036118736828	12.83422459893048
other	1.7004397181410922	-1.804079790024744	7.583965330444204
other	1.7004397181410922	-1.7200635342557864	2.392344497607656
other	1.7004397181410922	-1.687292698156802	14.879945891105852
other	1.7004397181410922	-0.195457511112763	8.909126905563255
other	1.699876275430986	0.1505842458418245	10.714285714285714
other	1.698951329439091	-0.6751078654568291	9.08147379346134
other	1.6986059130261697	-0.0825559582831975	9.167492566897918
other	1.698344300138899	-0.2546052177197609	6.709039548022599
other	1.6980425505318737	-0.5638001404434626	16.949152542372882
other	1.6978565571270896	-0.0520418618243446	12.413108242303872
other	1.6978158404110526	-0.7813329399521345	11.601796407185628
other	1.697730430883106	-0.8513885952141403	6.692160611854685
other	1.6974372299795688	0.3652998721402806	9.1324200913242
other	1.697253318316258	-1.274448470648295	15.053265400648447
other	1.6971755640604895	-1.2476143074686967	9.071729957805909
other	1.6970728670426931	-0.3370349872775705	16.200294550810018
other	1.6969675262342871	-0.2517557836863717	15.32784558614817
other	1.6964456083193824	0.0370831797392841	6.41025641025641
other	1.6956659651273758	-0.6054105727755976	16.88311688311688
other	1.695145418471579	0.3160274934476781	8.68276154171961
other	1.695085314943298	-0.5679624459308757	15.672396359959553
other	1.6947857786739071	-0.51164749196115	7.387343018960847
other	1.6947857786739071	-1.5997975418840982	17.69406392694064
other	1.694517586510372	-0.2803852272264365	8.325832583258325
other	1.694110115204409	-0.2286829010430167	6.293077614623914
other	1.6938968722743202	-0.8810384190494986	10.546875
other	1.6934092281794666	-0.508198607261109	16.949152542372882
other	1.693338661765948	-0.3314102502562419	8.81201044386423
other	1.6932951225092296	-1.4055750843468455	9.393680614859091
other	1.6930222465786091	-0.3517447136909443	10.78582434514638
other	1.692737893443748	-1.1310254421748311	14.698756259085773
other	1.692630794930328	-0.8407521319377121	8.369295148424218
other	1.6923892079370837	-1.9665796516494407	14.18918918918919
other	1.6922965448324778	-1.2618623059539842	7.776049766718508
other	1.6920503067842985	-0.1774704637237739	5.562177195073501
other	1.691877704637668	0.1913986751663783	2.793296089385475
other	1.691877704637668	-2.171574738661405	15.568428674873282
other	1.6908959454702213	-1.3584539709124763	4.339739615623063
other	1.6906849017248349	-1.1060429745628295	13.190034196384952
other	1.6903155008673847	-1.1105727563100845	13.141932875050546
other	1.6898876553598337	0.1742794812541004	7.950028392958545
other	1.6896598793878497	-0.9320789276993516	13.743218806509946
other	1.6896598793878497	-1.8329621218764087	9.104704097116844
other	1.689212462717838	-1.1508818094695406	18.025751072961373
other	1.68917349570929	-0.9272985446131836	15.44837980406933
other	1.6890123709432787	-0.7690046586823422	9.706120248045297
other	1.6888240996748607	-1.4117352534043273	10.602910602910605
other	1.6888187997311008	-0.5468580149890019	11.415525114155251
other	1.6884968845317303	-1.867268787879732	8.295625942684767
other	1.688479680229343	-1.015844944798629	11.029411764705882
other	1.6883556499415846	-0.9876222824873008	18.072289156626507
other	1.6880559936852595	-0.7333543406138273	10.752688172043012
other	1.6880559936852595	-0.4508784975123685	10.043041606886655
other	1.6877306731193795	-1.4130604583912458	15.544041450777202
other	1.6877220751463569	0.3093130725714553	7.751937984496124
other	1.6872991700398965	-0.3851989043724911	9.233997901364113
other	1.6872353268008276	-1.0592374486829632	10.6951871657754
other	1.686736766239765	-0.870320412316132	7.3033707865168545
other	1.686025527320544	0.1284693573457954	4.5118949958982775
other	1.6857074744609732	-0.2220346328484341	8.064516129032258
other	1.6856931327719058	-0.4821911539256642	10.66499372647428
other	1.6848150411832696	-0.912495647187961	16.81159420289855
other	1.6844981742720706	0.1303966372556748	7.30110775427996
other	1.6844981742720706	-0.3613940709124779	9.924487594390506
other	1.6844981742720706	-0.3156318877501476	9.889001009081737
other	1.6838158876474416	-0.9830414237523551	10.256410256410255
other	1.682772401579556	-0.3404341673621122	7.054176072234763
other	1.6826591746082895	-0.4315041781124347	9.081196581196584
other	1.6825178101438298	-1.2191897383858694	11.981865284974091
other	1.6824283101567736	-0.9335534094476332	8.159819921215531
other	1.682259702076071	-0.2172137991641213	9.175962576466356
other	1.681785407911702	-1.2310864204266376	12.550425818018825
other	1.6816930109521857	-0.9724380561468472	10.013351134846465
other	1.6816292628006928	-1.028788593900381	13.965573238064309
other	1.6811778159804591	-0.5835679186494034	10.053222945002956
other	1.6811778159804591	-0.4846814409274198	5.332040717401842
other	1.6811194958171003	-0.8531087555487806	10.422812192723695
other	1.6811032330434927	-1.1322628706730502	11.595111250391726
other	1.6810091881921907	-0.6155289832107174	5.46448087431694
other	1.6808759779893403	-0.1088871624823611	12.211981566820278
other	1.680857927943475	-0.6034947802578062	13.758599124452784
other	1.6803134015570866	-0.5853467600667082	12.100456621004566
other	1.6800385260813708	-0.482737316507912	8.733037753593981
other	1.6796324191002543	0.1119881561137571	9.60698689956332
other	1.6793781026132626	0.1867107799353501	9.291052312664108
other	1.6780719051126378	0.6818240399737453	16.483516483516485
other	1.6780719051126378	-0.9524343167479444	13.492675404780265
other	1.6780719051126378	-2.179607554839652	9.119607155384076
other	1.6780719051126378	-0.1025697336405478	6.186726659167604
other	1.6780719051126378	-0.0681715026415793	10.697911360163015
other	1.677644503231008	-0.3838329230073853	8.196721311475411
other	1.6771323446490232	-0.8554996074923898	19.03066812705367
other	1.6769790498011328	-1.266494568816378	12.269938650306749
other	1.6767549766406469	0.3158620941880083	6.20989443179466
other	1.6765929761867244	-0.2300056054463231	7.741027445460943
other	1.676302812259582	0.4088558097466544	9.71628449280995
other	1.6758709969193666	-1.2193236096530111	13.54731137974156
other	1.6751603096927343	-0.0940683243609086	11.746280344557558
other	1.6750640204768794	-0.7377395829682531	7.428807263722658
other	1.6745997132058328	-0.3497286687742105	8.640552995391706
other	1.6744035162543804	-0.457880500284579	7.653575025176234
other	1.674377421554896	-1.068948909907828	9.277667329357191
other	1.6742298388182435	-0.9281304874362684	9.35785737334624
other	1.6739675067799011	-0.0158343052656461	10.344827586206897
other	1.6737717676790125	-0.0162740551157801	9.932043910088863
other	1.6737717676790125	-1.2195327671972074	13.857677902621722
other	1.6729215397548527	-0.7158157592944235	11.419249592169658
other	1.6728352567464906	-0.5443205162238105	10.055407346603737
other	1.6721609426230255	-1.0646931938321862	12.236573759347383
other	1.6720635557166497	-0.9952692991671214	11.5672488092538
other	1.671945802315796	-0.5518238543800291	7.974935915693534
other	1.6716998227000377	-0.7713756249520375	10.865986170563056
other	1.6710514774348653	-1.0368281559880377	10.473815461346634
other	1.6700260481524305	-0.1519131414519486	9.08867600098256
other	1.669851398307669	-0.6899949522215313	10.259040779687098
other	1.669851398307669	-0.6820466952779742	9.15750915750916
other	1.669851398307669	-0.9483018123506354	6.059137178865729
other	1.669851398307669	-1.857980995127572	5.368647100930565
other	1.669851398307669	-0.9426288207708574	9.857072449482503
other	1.669851398307669	-0.1174228617349054	10.554089709762533
other	1.6689132125871484	-1.3943451041257429	11.97156752712308
other	1.6687138504144037	-0.4885575439666005	8.785216601029992
other	1.6684858562834397	-1.298953633760265	25.127226463104325
other	1.6680182404487147	-0.8495232766145384	11.027568922305765
other	1.6679518653921876	-1.4289228085638497	10.025062656641603
other	1.6674246609131291	-0.7423689526955397	8.516792543789169
other	1.6674246609131291	-0.3437462050930532	9.91571641051066
other	1.6674246609131291	-0.6755047349034676	9.589041095890412
other	1.6663736263361522	-1.218732496750288	11.180124223602483
other	1.6662626028230043	-2.2600381533738743	19.112406867508906
other	1.6659003037469762	-0.7883978792702859	19.81599433828733
other	1.6657745463092533	-1.3394230953949997	8.50087707461881
other	1.6655809609294407	0.6821023644736707	6.614303431169905
other	1.6651328494051394	0.0416805884694112	9.944751381215468
other	1.6651328494051394	-0.6163376736097478	15.108593012275731
other	1.6648158084103708	-1.3038285118917738	12.965050732807216
other	1.6642514105257955	-0.6105559081911961	9.701887458105483
other	1.664003120561558	-0.6110866307558463	8.636556703950163
other	1.663950796867985	-0.6711948983652349	10.553375727235828
other	1.6633085524408973	-1.2195889895009846	10.833333333333334
other	1.6629650127224291	0.7914133781885824	10.169491525423728
other	1.6629650127224291	0.1076259308901386	8.718395815170009
other	1.6629650127224291	-0.9467579787230208	8.674101610904586
other	1.6629650127224291	-0.6264492406297236	10.59220028887819
other	1.6626244733508757	-0.7166633008533988	10.437051532941943
other	1.6620454543759875	-0.2912641422920593	9.639149777558082
other	1.6619244825360404	-1.7006452156189535	18.56520742608297
other	1.6614145611590294	-0.4739467513017696	12.084592145015106
other	1.6609113539544549	-0.3634363027916313	7.287633796401731
other	1.660662226853009	-1.0176068967503409	11.840688912809473
other	1.660662226853009	-0.6911776772760253	7.286995515695067
other	1.6603153379469795	-1.2868223837998742	12.963904422979155
other	1.6599245584023783	0.6083813881047933	11.092851273623664
other	1.6599245584023783	0.2321302516754226	7.840342124019958
other	1.6599245584023783	-0.5628912639175901	8.403361344537815
other	1.6592562830684705	-0.8864224883936471	9.913258983890954
other	1.6591634425625732	-0.5058104308575555	8.692628650904034
other	1.6591472442451638	-0.8825900805746961	10.83096590909091
other	1.658963082164933	-2.415037499278844	11.839708561020036
other	1.658740426860704	-0.3157718290115304	8.944793850454227
other	1.6584915361431214	0.0357845751399735	9.951749095295536
other	1.6581289132831278	-0.0141243711898052	10.88534107402032
other	1.6578940231750072	-0.8939586377320823	8.308544466099088
other	1.6574452545226797	-0.9883556164643216	17.905866302864936
other	1.6572994428683665	-1.4037813991749226	10.30368763557484
other	1.6571122864769914	-2.8907709302452416	10.458320516764072
other	1.6571122864769914	-0.3840335968295875	9.950248756218905
other	1.6571122864769914	-0.9918734857858786	15.331544653123805
other	1.6560455987826386	-2.069673527806811	9.746852578854746
other	1.655665492064358	0.3705390768350715	8.735868448098664
other	1.6554593359743452	-0.897300164595037	30.76923076923077
other	1.655351828612554	-0.0401545955045455	8.630187293426367
other	1.6545034339742333	-0.8813555035013808	7.042253521126761
other	1.6541460658671572	-0.4182047783575267	8.64100549882168
other	1.6539491109124638	-0.5881602334936462	34.80475382003396
other	1.6520766965796931	0.0159415438690215	12.24204267226303
other	1.6520766965796931	-1.343144580797058	8.424182358771061
other	1.6520766965796931	-0.5115583383194611	7.565789473684211
other	1.6516535568081048	-0.722602636851373	10.079348059189364
other	1.651603707654341	-0.1403356336488313	5.621135469364812
other	1.6514962519768568	0.0140028905076304	7.265521796565389
other	1.651425660900374	-0.913458155084882	15.056022408963583
other	1.651414150050993	1.0670224767929994	10.836653386454184
other	1.651363726443666	-0.985164958837058	11.620795107033638
other	1.6512787016255075	-0.6142125132226902	14.792899408284024
other	1.6512505526867125	-1.345197111131639	9.594882729211088
other	1.6508504363776133	-0.116076522265677	6.887052341597796
other	1.650555190035401	-1.2318310137601056	7.086907870197687
other	1.6500016224486478	-0.6097545458102982	7.808292945611201
other	1.649982292571566	-0.311593669858216	8.9736399326977
other	1.6493792292169267	-0.1711031926395937	10.387157695939566
other	1.6490928381408718	-1.6629650127224294	10.141559264736951
other	1.648176395159483	-0.4479364048301988	8.212664793602766
other	1.647698256069119	-1.8517490414160576	12.932892656990948
other	1.647698256069119	-0.3247693998473916	10.952474085663994
other	1.6472467789754988	-1.4731779366211255	11.36094674556213
other	1.6468627587005302	-0.8800125741670515	6.525545121757123
other	1.646583034190206	-1.0683296623790788	17.08706265256306
other	1.6462617147414729	-0.8564227193079675	11.633875106929
other	1.645584905045826	-1.1254617090947878	10.833118390508124
other	1.645360825795923	-0.2600569371247753	9.681227863046043
other	1.644958465423066	-0.8277230954999475	6.997667444185272
other	1.644723454628548	-0.3889059888075575	10.57934508816121
other	1.6438561897747246	-0.3896198997463105	7.746790615316512
other	1.6438561897747246	-0.418995512847527	10.30741410488246
other	1.6438561897747246	-0.434958193402104	9.3603744149766
other	1.6438561897747246	-0.3905692114433269	6.514657980456026
other	1.6438561897747246	-0.5165535369579992	12.629161882893223
other	1.6426779985774436	-1.179115503320254	10.507246376811594
other	1.6417172790183898	-0.3844598780816006	5.841852701856874
other	1.6415460290875237	0.2826099441705546	8.170146543898326
other	1.64131335510252	-0.5898636776194766	9.611451942740286
other	1.64110557875869	-1.0798231020643068	9.935040122277416
other	1.6403187257035212	-1.1434527900811216	6.559601900022619
other	1.6402123612866186	0.3348255599859759	8.28524929723332
other	1.6399565325410883	-0.6518356649124567	8.614976805831677
other	1.6394997847305888	-0.4291888673944959	9.440323668240056
other	1.6394102847435326	-0.9350211729010396	13.013698630136986
other	1.6394102847435326	-0.9942083621902366	7.604562737642586
other	1.6386695914684126	-0.6305047990740017	10.135135135135137
other	1.6386311655147416	-0.694592649978131	39.735099337748345
other	1.637949230595662	-1.053490901891889	16.26978257654193
other	1.6374299206152918	0.782901878333065	14.695077149155033
other	1.6374299206152918	-0.0687127500840142	12.697112430882656
other	1.6367284810432283	-0.7718223047090007	17.061235286337784
other	1.6362345084519656	-1.69070383341385	13.464696223316912
other	1.6357867597988387	-0.5855054796665528	12.127603480094912
other	1.6355885737911242	0.0315944441164459	9.115624500239884
other	1.6355885737911242	-0.9100930276468624	14.875239923224568
other	1.6354022392683094	0.1168529910118617	9.679370840895343
other	1.6354022392683094	-1.1278786369402818	13.110846245530391
other	1.634962324668776	-0.1460479045867093	9.404388714733544
other	1.6345386537674271	-0.8557042942281078	24.05625462620281
other	1.634255672820148	-0.423178925808121	8.438818565400844
other	1.6327910258117713	-0.3294789387774061	10.180995475113123
other	1.632268215499513	0.7500217469916524	13.899663822084303
other	1.632268215499513	-1.5762891848227092	11.91634241245136
other	1.6318913359151102	-0.6411166483057181	9.701602234308394
other	1.631428598587587	-1.1371306204084075	9.42380183091007
other	1.6312561529950913	-1.3219280948873624	9.406657018813316
other	1.631132682154082	-0.2131146077484372	7.515473032714412
other	1.631009868240593	-0.4923240439772097	10.750228728270814
other	1.6307030457871263	-0.3210061497119554	7.663725034835114
other	1.6303544035351705	-1.288194479732194	13.198416190057191
other	1.630191754714154	-0.7198273496781059	8.896797153024911
other	1.6301619201512525	-0.2033869424515794	8.875234681686296
other	1.6298749225967304	-0.9897137349618108	8.23789431384368
other	1.6296315500548846	-0.2023365009209745	12.269938650306749
other	1.6294250347822137	-1.3693867952751604	9.9601593625498
other	1.6288555292185485	-0.4175758261939025	6.740681998413957
other	1.628384781012285	-0.7948372288540043	9.392265193370166
other	1.628031222613042	-0.2995602818589078	16.229712858926344
other	1.6276488998227063	-0.3966836160734537	6.560962274466921
other	1.6267826764157831	-1.1930024509674946	11.063829787234043
other	1.6261851634476692	0.6999103211413695	11.144883485309016
other	1.6261851634476692	-0.8672586059509159	6.419073819348923
other	1.6257523973432353	-0.5577772247920336	8.516678495386799
other	1.625604485218502	-0.5454341365345189	11.32951132951133
other	1.624682929747442	0.153658298594169	9.429280397022334
other	1.6244908649077936	0.4093345467206297	5.28479154433353
other	1.6244908649077936	0.1926450779423958	11.15760111576011
other	1.6243848640020584	-1.5685303935392598	22.433718558803537
other	1.6242516318352136	-0.43948402176794	10.410641989589358
other	1.623851514114751	-0.4088111102430339	7.290400972053463
other	1.6234366485357918	-1.4889027371284609	6.811989100817439
other	1.622930350920177	-0.0644030328256664	10.666108961622925
other	1.6225456835293124	-0.3821582826461406	10.279840091376355
other	1.6224372061398191	-0.8501556605727171	9.142053445850914
other	1.6224372061398191	-0.2074827396691067	8.353221957040573
other	1.6222610421441317	-0.7418809465523009	6.331222925691436
other	1.6214883767462702	0.1458508664634545	5.746125718265715
other	1.6214224385373923	-1.124575083338187	7.884972170686456
other	1.6197279188818328	-0.4895179991435987	8.945686900958467
other	1.6195197227575246	-0.3774877609624452	9.174311926605505
other	1.61939599778503	-0.8360242648888739	7.410636442894507
other	1.619178216059069	-1.0190441805320156	18.7207488299532
other	1.618909832644494	0.8479969065549501	9.273182957393484
other	1.6178903033659269	-0.3441425255000213	12.506652474720596
other	1.6177524358388258	-1.5495701074863	9.67741935483871
other	1.6173839784135338	-1.4833222388453184	8.706134476292526
other	1.6166713604484944	0.7650075418839186	5.195515449822259
other	1.6166713604484944	-0.3466403601849964	3.7546933667083855
other	1.6163266716304914	-0.3821919816622975	9.75609756097561
other	1.6159893963417806	0.2090546217992953	15.85014409221902
other	1.6154073711030692	-0.3433555153979552	7.722007722007723
other	1.6150824890974915	-0.4008603974635412	9.077780070146485
other	1.614709844115208	-1.2574748804918932	16.36520241171404
other	1.6138173633933413	0.0760320524139546	8.746691218782368
other	1.6138173633933413	-0.3933605382694783	7.537688442211055
other	1.6137939849562697	-0.7735480358553544	15.375153751537516
other	1.6134510576808518	-0.8273038226688444	12.5
other	1.6131410340327503	-0.4294297215993127	16.233766233766232
other	1.6131260311985505	-1.9527905380971389	20.4369274136716
other	1.6120743463383975	-0.9755640405146904	9.151543353497752
other	1.6117294102839417	-0.324053204926141	17.83166904422254
other	1.6114347120823471	-0.1006667555695634	11.291655191407326
other	1.6114347120823471	-0.8318419247318753	19.21229586935639
other	1.6114347120823471	-1.2744311010412457	13.264554163596168
other	1.6113170802961605	-0.3869706778551151	11.71875
other	1.611146432524811	0.1537675499043921	11.314655172413794
other	1.6104975928282936	-0.5484366246960422	9.768637532133676
other	1.6097943537010917	-0.4276423433674011	11.503928170594836
other	1.609415544445695	-0.4283586116171846	10.619977037887486
other	1.609415544445695	-0.3942110890889475	8.435005271878294
other	1.608539437162618	-0.5660398661609726	7.140023800079333
other	1.608517228700053	-0.0373338822298749	10.365521003818875
other	1.60851234093394	-0.7158399032385779	13.278008298755186
other	1.6076230981323285	-0.8232964191645539	7.1689259645464025
other	1.6071582468353525	-0.9689731043793752	12.276394247632409
other	1.6071217192112646	-1.1007449737398172	13.606935147591352
other	1.6055238232034723	-1.0316044923836825	8.35579514824798
other	1.604862058158861	-0.2325475825691086	11.120615911035072
other	1.6046192496959135	-2.032569057284874	8.753709198813057
other	1.6044946703851246	-0.1958699373871473	8.421823507872574
other	1.6040713236688608	-2.1305841098101443	11.95219123505976
other	1.6040713236688608	-0.983553897014484	17.723102585487904
other	1.6035183197493998	-0.9192341304689254	9.57647693552738
other	1.6033410300360107	-0.8164394933841472	7.899934167215274
other	1.6025226096548069	-1.0909444514275064	8.734293594851364
other	1.602520872105461	-0.5770893567892706	12.89833080424886
other	1.6019756110973642	-0.4995322207241527	6.749846594395581
other	1.6007612105678948	-0.5522861100608996	11.746280344557558
other	1.6001329353625096	-0.5282110586140227	13.513513513513514
other	1.599289282220258	-0.6423801979693288	4.892367906066536
other	1.5989985604080177	-0.9812369587581504	13.002721499848803
other	1.5988346753027138	-0.1124747292584125	8.73362445414847
other	1.5982481914713813	-1.4563201567246982	12.243203984229094
other	1.597872609608543	-0.4707766331058927	8.254716981132075
other	1.5976456157329908	-1.1087717470172966	10.281627179257937
other	1.5974318526833726	-0.671383618947251	9.88213961922031
other	1.5973310581515745	-0.2384657449441187	9.870740305522911
other	1.5969351423872322	0.2895066171949847	6.950294860994102
other	1.5968610839677253	-0.1493183770812488	4.608294930875576
other	1.5966443057687916	-0.827466617733455	22.463206816421376
other	1.5966443057687916	-0.3746775621239858	13.27433628318584
other	1.5964843706163756	-1.1463241926803014	10.189228529839884
other	1.5955317424313435	-1.0238467419543678	8.530967411704486
other	1.5951045111417703	-1.052614626163422	14.01664476565922
other	1.5949465892937784	-0.7797270935302371	6.9354139575205895
other	1.5944942628938077	-1.1661586490425946	13.0844382414515
other	1.5944228299702226	0.0973710894375915	10.824934677118328
other	1.593651081841262	-1.2616696810338437	15.119443604475356
other	1.5935682912888336	-0.9652576253251826	11.745968544694405
other	1.5931406444704952	-1.3057992201171364	11.034482758620689
other	1.5929552914746867	-0.6080573973186678	7.817697937458417
other	1.5929112538366472	-0.8320827324607095	12.415349887133182
other	1.5928246184941266	-0.6350815015730901	7.220216606498195
other	1.5927293837648464	-0.9555811790814912	9.112519809825674
other	1.5926568925111568	0.0034657270382447	8.713692946058092
other	1.5925158951527911	-0.0562532032267702	11.041902604756512
other	1.5922848278179411	-1.8318781644284847	9.846650524616626
other	1.592005777725276	-0.9465412074223676	9.069533087000336
other	1.5918940036594835	-1.2146895854576674	13.141426783479348
other	1.5915351546446423	-0.7313355575933398	9.9601593625498
other	1.5911543344354242	-1.1542638842878314	5.774198450083574
other	1.5908873346782617	-0.9951587369305008	5.068790731354091
other	1.5904169308132643	-0.3434078222978138	5.978477481068154
other	1.5895352305109802	0.2862117981527692	9.313877677739834
other	1.5891261256626923	-0.6427871142392416	10.894941634241244
other	1.588909685237819	-0.4043630400090786	14.221073044602456
other	1.588800733888684	-1.728087306501225	12.010113780025286
other	1.588573754273535	-1.1874034931633952	18.21305841924399
other	1.587107772552713	-0.1339968055390958	12.78295605858855
other	1.5862477525129643	-0.959926943631049	10.56
other	1.584962500721156	0.4715044509378722	8.011049723756907
other	1.584962500721156	0.4436066514756145	8.910386965376782
other	1.584962500721156	0.1154772174199361	12.520593080724876
other	1.584962500721156	-1.4436858138691648	11.778846153846152
other	1.584962500721156	-1.5360529002402097	11.018416496143557
other	1.584962500721156	-1.5317204794441768	13.055428309665595
other	1.584962500721156	-0.5160051283228901	11.204481792717086
other	1.584962500721156	-0.4378735525635555	8.697944122298365
other	1.584962500721156	-1.2876104504809722	12.644889357218124
other	1.584962500721156	-0.6220261233500626	9.803921568627452
other	1.584962500721156	-1.5690561098117954	9.124087591240874
other	1.584962500721156	-0.6458447428681785	9.645669291338583
other	1.581752944245266	-0.5975982980141183	10.365853658536588
other	1.5811407897687475	-0.577941778524133	8.871365204534253
other	1.5807747037577229	-0.1056842806575626	10.5977108944468
other	1.5807004738669967	-0.8178193387459451	20.02967359050445
other	1.5805872470466766	-1.1380080366785514	13.637432400658358
other	1.580240090478753	-0.095575694890026	12.103746397694524
other	1.580193256573284	0.2967457714259364	10.459469555472545
other	1.5798374685432888	0.0269488399150661	10.638297872340424
other	1.5797206632618144	-0.7325356643848528	8.127328140873688
other	1.5793070836755196	-0.645408915151171	12.502948808681293
other	1.578471173500298	-1.3531982454609808	15.994436717663422
other	1.578359765896909	-1.4137797631906075	16.82758620689655
other	1.5783286057367605	-0.5912058016142235	9.088405397961994
other	1.577759300817005	-0.6136379077988229	9.651368918652748
other	1.577720559887959	-0.7328142287188057	8.87784090909091
other	1.577428828035749	-1.5316466861886997	12.987012987012989
other	1.5772783545079792	-0.9713599519560988	13.16245237270523
other	1.577185150129437	-0.6175741382373025	6.211180124223602
other	1.576788569275456	0.2451637289951058	9.09939337377508
other	1.5765990277865296	-0.774496489144608	13.725069697619558
other	1.5750583768752875	-0.1815882544633885	10.015408320493066
other	1.5748382834474488	-0.7373938915570181	10.95360824742268
other	1.5747667336152675	-0.5752150239642612	7.846757442880222
other	1.5744701269035135	-0.8119447669872778	11.822660098522167
other	1.5744446288071567	-1.6556459738751863	18.320964749536177
other	1.5742360941280975	-1.4151516500911745	11.06612685560054
other	1.573647187493322	-0.6642781055962652	8.822003113648156
other	1.5732391651840971	-1.2299425364084036	19.83365323096609
other	1.5728896684205813	0.6546879100362313	14.869888475836431
other	1.5725787762653238	-0.5428948512583744	13.245033112582782
other	1.5722514489716022	0.3930111929488449	6.794317479925881
other	1.571726673564462	-0.3231461464958674	7.349081364829396
other	1.570748641501455	-1.131792437508602	9.879253567508233
other	1.5707205781453777	-0.7449077274406959	10.638297872340424
other	1.5703157247567547	0.0539004421533925	10.359536867763556
other	1.5703157247567547	-0.548955333798029	14.914243102162564
other	1.5700485243705913	-1.0051759261187172	10.050251256281408
other	1.5698123419739476	-0.2874721044084256	6.534569983136594
other	1.569432802427552	-0.4501641255274556	15.942028985507246
other	1.5688428353578794	-0.3936142558287435	9.68594071030232
other	1.568087408776137	-1.4096772248275444	14.675907052588666
other	1.5676845092893208	-1.5374341306385704	5.613339937262671
other	1.5669060066851852	-0.2725633433943305	10.845986984815616
other	1.566747765121383	-1.0171520202330822	7.851534618129907
other	1.5663468225538093	0.4754461355360577	6.224066390041493
other	1.5661649052670303	-0.6284047520120967	10.194624652455978
other	1.5653568897314851	-1.264306668986611	8.611410118406889
other	1.5650629432834513	0.1043468483750123	7.053291536050157
other	1.5649329297619026	-1.5098020781288073	10.4419168375909
other	1.564723961841353	-0.3867935658521106	15.250544662309368
other	1.5646138553293538	-0.0160083173273904	7.643312101910828
other	1.5644983981614409	-0.8006038800665242	10.362694300518134
other	1.5639008851933265	-2.990722186411989	5.673222390317701
other	1.5637682784520328	-1.7142636202571209	17.51207729468599
other	1.5629361943911573	-0.3488300945800174	7.440995233112428
other	1.5624199320700678	-0.6909122508860623	13.051823416506718
other	1.5620711828487712	-0.1287773395553756	9.00900900900901
other	1.561963809469451	-1.0352782132680198	13.77777777777778
other	1.561878887608115	-0.7220266865061965	17.25790987535954
other	1.5616551272290873	-0.8819912938784416	13.227513227513226
other	1.5615985076556458	-0.5605571880528782	11.206896551724135
other	1.5614269862603671	-0.2591263005191104	6.834532374100719
other	1.561246431747349	-1.0899829769230258	10.628379638262167
other	1.5609853857251137	-1.641906136614135	13.60318513603185
other	1.5608546169281483	-0.7696317289036828	10.006253908692932
other	1.5608500446043485	-0.9767784459972618	12.371134020618555
other	1.5607440296372868	0.0118290498080424	8.339376359680928
other	1.560270295805251	-0.7514728377507038	6.253256904637832
other	1.5598715197583255	0.6805831242686874	11.056511056511056
other	1.5595354230670238	-1.4945688479264765	15.424642259803012
other	1.5594757425350203	-0.6968262033129918	16.574585635359114
other	1.5594274086140183	-1.6244908649077936	17.28813559322034
other	1.5579954531208868	-0.5086966064930887	18.38755304101839
other	1.5578572705585585	-1.506285056199232	9.862881885975463
other	1.5573313817439651	0.0052805196891806	8.341056533827619
other	1.557217510238252	-0.2686480122973206	7.012622720897616
other	1.557102696260165	-0.1791790103419544	6.404657933042213
other	1.5569481245515595	-0.1462894422506565	10.22604951560818
other	1.5558161550616396	-1.34478076594118	12.467596593013209
other	1.5557423618061628	-0.5700566667997965	8.554705087798288
other	1.5555187228286742	-0.8868528423719735	5.894962486602358
other	1.5552151573271042	-1.304674846115898	17.22338204592902
other	1.5552151573271042	-1.1500519716924766	13.399503722084368
other	1.5549209146560443	-0.1502724420444232	9.143553794574824
other	1.554793021082543	-0.416982571026131	10.989010989010987
other	1.5547478876741485	-1.27769543986184	9.271523178807948
other	1.5542002469504692	-1.29452993776451	10.83463410155174
other	1.5540167698351446	-0.8493743073959604	10.66925315227934
other	1.5538693951462348	-1.5074850268313291	12.040351448096324
other	1.5538225340685388	-1.2178254716394408	8.807339449541285
other	1.553345425079665	-1.3171678429672724	18.35451161596714
other	1.5533405215479312	0.1403535589282767	12.377294067434912
other	1.5517507216992987	-1.3686511886390909	13.189448441247002
other	1.5516424275211298	-0.7728453916309947	12.286324786324784
other	1.5514099410101296	-0.8981971012752198	9.63302752293578
other	1.5498342773175542	-0.9662151632744204	9.284216831386644
other	1.5495769019852594	-2.008178206734172	12.709030100334449
other	1.5482818373946878	-1.3179732724970457	11.731433958311513
other	1.5481625825182046	-0.7089512179966095	10.201107548819586
other	1.546743178490666	-0.7211982783078896	8.931638612160768
other	1.5465422824073356	-1.220402423739573	20.02583979328165
other	1.546448847038509	-0.7961976311520144	16.311166875784192
other	1.5453770487066858	-0.0644549509842387	9.380863039399626
other	1.5446986305074288	-1.2429050186621604	8.193883439122908
other	1.5443205162238105	0.1556508704601942	8.8231301751052
other	1.5443205162238105	-0.2630344058337938	8.383547288446424
other	1.5443205162238105	-0.1206297051855385	11.593633326783255
other	1.543912341078666	-1.2752784725351145	13.215859030837004
other	1.5425272344007597	-1.0901978089715785	17.68990634755463
other	1.5415699052077756	-1.19148114480876	11.754587155963304
other	1.541342816423915	-1.299373646654322	11.453504226888464
other	1.5411265918710748	-1.6274934976216324	14.61880088823094
other	1.5410191531335593	-0.956546481736043	9.383378016085793
other	1.540568381362703	-0.6042308344259351	9.610520991401112
other	1.540568381362703	-1.564784618783526	6.541648495420846
other	1.540568381362703	-0.8693310482338261	10.096930533117932
other	1.540568381362703	-0.3953568656922903	4.678362573099415
other	1.5404456979967638	-0.7273677168414101	14.4476550344521
other	1.539556521666274	-0.5937672351634076	8.43633509907789
other	1.539519529959989	0.2034249166956386	11.810074716799228
other	1.538419914784126	-1.1963972128035034	18.19685690653433
other	1.538419914784126	-0.4866111978805608	8.149568552253116
other	1.537849904883037	-0.9680560549618238	8.014477766287488
other	1.537849904883037	-1.3415068940757595	16.516516516516514
other	1.5377805639910835	-1.170429952286041	10.741138560687434
other	1.5377200190536724	-1.017546655281464	17.099056603773583
other	1.5371053861821202	-1.3380460093152573	10.27695523427974
other	1.5366149162351976	-0.6054790363417565	12.295081967213116
other	1.536455662677468	-1.4199995991899983	8.866995073891626
other	1.5364326067934977	-0.936465694417264	11.272898074213243
other	1.5360529002402097	-0.2410080995037949	10.479645304312776
other	1.5360529002402097	-1.3378696387563838	10.726643598615915
other	1.5360529002402097	-3.026209879322849	8.85558583106267
other	1.5360529002402097	-2.023846741954368	10.66098081023454
other	1.5357964439172718	-0.4613539416190804	11.03404791929382
other	1.5355744737589927	0.1641876524420019	8.535784635587657
other	1.5348955034345415	-0.7673444284910086	20.25154551268386
other	1.5348058257489974	-0.6602016088610251	14.294342661566338
other	1.5344472294669094	-1.0363365276957608	9.242957746478874
other	1.5342615077518704	-1.1157661214987775	14.154457412465856
other	1.5340616024211182	0.092238790014153	8.62663906142167
other	1.533978572002351	-0.9816615927060502	9.138526691184664
other	1.533978572002351	-0.8199549588372377	10.344827586206897
other	1.53317995861861	-0.4673765150342612	8.903020667726551
other	1.5324950808270206	-1.6306307236679582	14.1643059490085
other	1.5324950808270206	-0.4472414856409339	9.505703422053232
other	1.5317204794441768	-1.2318582036907886	9.690644800596347
other	1.5315232417596958	0.4320897698245288	10.90688749747526
other	1.5315232417596958	-0.934112064343543	6.216006216006216
other	1.531381460516312	-1.047753131448368	10.166093928980528
other	1.5313426622256	-1.740743018640704	7.898200965335674
other	1.5313038076996306	-0.8099778870710175	8.041458184417442
other	1.5312305167833664	-0.9367025883140974	11.511895625479662
other	1.5311115203825114	-0.7096372058231218	18.75
other	1.5309226610082671	-0.2966078085982986	9.9113197704747
other	1.5309226610082671	-0.9869545798755992	10.565780504430812
other	1.5301266346410558	-0.7531510219071448	6.153846153846154
other	1.5298209465286954	-0.1690582576247799	14.112903225806452
other	1.529068043184839	-1.3332972470509177	6.520450503852993
other	1.5283789723547887	-0.2557785898309944	9.27081476198966
other	1.527560189676234	-0.662136377875387	5.8807056846821615
other	1.5265983382071675	-1.1339112531519295	9.022556390977444
other	1.5265458144958342	-0.362789103882864	9.939406824705006
other	1.5260688116675876	0.0213943404003582	10.361160449970397
other	1.5251973558628424	-0.5236430159034704	7.052186177715092
other	1.524997711731214	-1.1421720840853562	13.209208705497549
other	1.524661990453342	-0.8644360172648714	9.154550350026923
other	1.5244209587861053	-0.6518530576022048	12.646793134598012
other	1.5241169455006291	-0.8411343690648917	17.445482866043612
other	1.5235619560570128	-0.6125483323930558	15.681544028950542
other	1.5222267453731937	-1.1309332397123015	13.419216317767043
other	1.5219527031953557	-1.0791353703562157	12.324546388223212
other	1.5215371205795225	-0.680291591605445	22.41379310344828
other	1.5210098679319406	-1.1120261378974217	11.150614091790562
other	1.5210098679319406	-0.5194617570802414	13.323643410852712
other	1.5202568113333408	1.36335564708225	7.803263182785528
other	1.520059984014111	-0.4652671277700942	9.837531673870918
other	1.5193741590935794	0.0614823277792066	7.543374402816193
other	1.5193741590935794	-1.3729520979118293	14.351851851851851
other	1.5183253076908658	-0.1917901475227766	8.262454434993925
other	1.5178483048626192	-0.3827266534672683	10.402024177677818
other	1.5174995329424177	-0.1179363735366681	5.621486570893191
other	1.5170584362193529	0.5004783429439714	12.647058823529411
other	1.5170584362193529	-1.5272470028648688	12.466001813236629
other	1.5169171132980577	0.7804336227423155	13.451029844472467
other	1.5169171132980577	-0.0974965282773157	12.56038647342995
other	1.5169171132980577	-1.3784650083909782	22.71694684234439
other	1.5148505875101417	-1.1835226048430347	9.037900874635568
other	1.5145731728297582	-0.6374299206152917	8.293232312890344
other	1.5145731728297582	-1.7935491225325737	5.025125628140704
other	1.5145731728297582	-0.888968687611256	9.682350942755225
other	1.5137867486942376	-0.9385325818549128	6.855760182820272
other	1.513743799400255	-1.396839197956589	11.871357651629614
other	1.5121455477231285	-0.2322147516346981	4.959883296863604
other	1.5119377493741275	-1.3842853526865844	10.935992280476036
other	1.5118990385314328	-0.2371406276830676	6.383501104836729
other	1.5118990385314328	-1.2660500584486307	12.719563900666264
other	1.5114731506933914	-1.1371168550467192	15.762463343108504
other	1.5113584670990583	-1.420948459849147	15.488383712215835
other	1.5112330534560448	-1.0223203630344997	14.444903012794056
other	1.5106151592610748	-1.8322725542619336	15.248796147672552
other	1.5095637330517522	-0.0702483428998514	12.838238198696423
other	1.5095550980631338	-0.1787832182145072	10.40582726326743
other	1.509472301136893	-0.7493291041741172	8.370044052863436
other	1.5091754299428508	-0.6809194949199187	12.06414594674121
other	1.5090136474878575	1.4646682670034443	20.44609665427509
other	1.508696606493089	-1.1834674313178657	10.012515644555696
other	1.5077293967824776	-1.284570829742352	15.671641791044776
other	1.5075579970355495	-1.526203839693109	12.633241215949466
other	1.507437545209482	-1.1686533673171178	8.63092027187399
other	1.5074311035857386	-1.0844283042380658	13.007284079084286
other	1.5072073432067108	-1.466483502531479	12.025316455696204
other	1.506959988719883	-2.3763758789097387	12.664277180406213
other	1.50653585376434	-0.4915423502775078	7.558915073365941
other	1.5061853873370392	-1.2444677319760136	15.488482922954724
other	1.5061654934458664	-1.0001011641286826	8.20817324484806
other	1.5059631114001024	-1.351283256962723	22.027110289587185
other	1.5052353082504222	-1.3498481803447988	17.75147928994083
other	1.5051091930319416	-0.4103180598584511	8.869179600886918
other	1.5050188661165094	-0.4867415026094098	11.290736463946626
other	1.504994196017741	-0.0029395630272451	9.90307627475769
other	1.504529162465121	-0.5905392285393459	8.947006194081212
other	1.5037664178731756	-0.234084124500717	7.607192254495159
other	1.503348735167504	0.408346852794493	7.390417940876657
other	1.5028524320601289	-0.1215661138611929	7.296466973886329
other	1.5027614381755188	-0.974587427178968	9.541000515729758
other	1.5025003405291832	0.3196030419411185	5.9760956175298805
other	1.5025003405291832	0.1027689591065317	17.08706265256306
other	1.5025003405291832	-1.333423733725192	10.238907849829353
other	1.5025003405291832	-0.4127595421398374	9.731232622798888
other	1.5025003405291832	-1.087934549553504	8.194622279129321
other	1.5025003405291832	-1.11876329060638	7.775683317624883
other	1.5025003405291832	-1.298564101821852	11.504692703602784
other	1.5025003405291832	-0.1119684316427975	12.32741617357002
other	1.501546492533519	-0.4214637684382767	8.798775822494262
other	1.5014147094742	0.2327209837601716	12.762762762762764
other	1.5013045716742464	-0.5828606991430014	12.458471760797345
other	1.5005991387944924	-0.5995661133575825	15.389762462361992
other	1.500442687609902	-0.8996731933311563	13.366336633663366
other	1.5003847299507918	-0.1932192059407757	8.885067354542848
other	1.500114537040387	-1.7823876207222653	21.2601468882876
other	1.500073603134643	-1.7742513890107978	7.936507936507936
other	1.4995557634463816	-1.415732333605749	13.797313797313796
other	1.4994816978836556	-0.2630689039755927	7.434944237918216
other	1.4989892776113034	-0.5539922755770383	17.72211720226843
other	1.4988058569714418	-0.8664407176653718	13.726835964310228
other	1.4986811588391291	-0.8357485256932775	6.980802792321117
other	1.4982508675278254	-0.4355509205306719	10.557184750733136
other	1.4977332807838304	-0.7032863335066873	10.885885885885886
other	1.4974996594708168	-0.2005133212757351	9.754562617998742
other	1.4972684398147584	-0.6693255338814786	8.80503144654088
other	1.4965421396633911	-1.2670563005633624	10.11326860841424
other	1.4963312014488264	-0.8995265923189951	10.730593607305936
other	1.4963238003749006	-0.1101206990963588	8.401976935749587
other	1.4952078479628272	-0.4352457244650786	15.187849720223822
other	1.4947347823459036	-0.81595541947898	11.821471652593486
other	1.4944848737352747	-0.390013632414003	6.95195427158968
other	1.4942051222259445	-1.4231555764202486	10.18149623727313
other	1.494164843484777	-0.4725877596947589	13.399299113584828
other	1.4940335345208755	-2.299980093009318	12.918765053645718
other	1.4938146126629608	-0.6159082316071679	8.19964349376114
other	1.4934085628317162	0.273617744691621	8.226324237560192
other	1.493246331629541	-0.674825226689898	12.539184952978056
other	1.49276880251141	0.0987090040390441	11.556240369799692
other	1.4925984825724967	-0.2807236398460523	6.802721088435374
other	1.492205359801304	-0.4963897110414759	5.289733108920414
other	1.4918530963296748	0.4522553073976809	16.931216931216934
other	1.4918530963296748	-1.279175109876751	23.85321100917432
other	1.4917222337017209	-0.2850876874128287	8.028904054596548
other	1.4916045486434903	-0.949658703842594	13.846153846153848
other	1.491388385408959	-1.1244162027896585	8.890300047626608
other	1.4909863525121425	0.440906516951124	10.568513119533527
other	1.4907471591035053	-0.538399439894609	13.587954461990453
other	1.4903256265830809	0.091630475465568	5.696096498575976
other	1.4903256265830809	-0.7504867338198248	8.196721311475411
other	1.4903256265830809	-0.843114685175204	8.707009142359599
other	1.4903256265830809	-0.9925248794378536	8.646311807619561
other	1.4903256265830809	-0.8159766312283953	10.452961672473869
other	1.4901647461769048	-0.8012171876719378	7.944389275074478
other	1.4889356129473803	-0.359022118889392	11.368015414258188
other	1.4883312583867494	-0.8201659627101904	8.201701093560146
other	1.488114373341382	-0.6065662111544995	5.69620253164557
other	1.487793841714158	-1.0654365349203403	13.726695349313664
other	1.4874459948068937	-0.2989838018567766	8.447729672650475
other	1.4868001685789352	-0.6142220148038037	14.141662567634038
other	1.4866984844062905	-2.1439007440909776	10.05867560771165
other	1.486481557355557	-1.7875613879806933	13.11249137336094
other	1.4861843462429825	-0.9883221823489146	12.381906670483824
other	1.4854268271702418	0.2403143293337102	12.141652613827992
other	1.4854268271702418	0.2152812743854255	11.07011070110701
other	1.4854268271702418	-0.3096769649852639	15.805471124620064
other	1.4854268271702418	-0.6674246609131294	12.296707655692185
other	1.484199523786239	-0.106621385978382	11.26954921803128
other	1.4838157772642564	-1.347615068920916	9.697661152310326
other	1.4833222388453189	-0.967838550344186	7.286673058485139
other	1.4830828867019423	0.2415012442841526	17.573696145124718
other	1.4829000140969877	-0.8416123777122975	12.010238235873205
other	1.4824367845644304	-0.8332539092251954	9.941089837997056
other	1.4823007261835222	-0.8632136448988147	8.271186440677965
other	1.4820362379694676	-0.7485488575927769	11.776251226692835
other	1.4815329110657505	-0.0120193981613852	8.568133135607184
other	1.4811266897366162	-0.2461577098239426	11.627906976744184
other	1.480349889235714	-0.6697591511024371	10.04566210045662
other	1.4799929411196135	-0.7441610955704102	6.352087114337568
other	1.4797431886666592	-1.5445889761443394	12.571428571428571
other	1.4791678366985594	0.0162957297434306	12.924071082390954
other	1.4788974412257618	-0.2344097476694721	15.317286652078774
other	1.4788341498598128	-0.3355921228510122	12.104480781482268
other	1.4784063994924694	-0.8176372155418097	8.849557522123893
other	1.4782193431993254	-1.0911203237040044	13.009049773755656
other	1.478047296804644	0.5120479680399722	14.112903225806452
other	1.478047296804644	-1.4046472738840017	9.320905459387484
other	1.478047296804644	-1.222392421336448	11.554230339172568
other	1.478047296804644	-0.2713020218173944	10.452114730189596
other	1.478047296804644	-0.6229493338745501	8.718980549966465
other	1.477741543907264	-1.6749046260339548	11.26573889993373
other	1.476141051447393	-1.590585190243995	14.238773274917854
other	1.4759617235597833	-1.0685229692340992	12.707948243992606
other	1.47579786473277	-1.2556377424545886	11.387900355871889
other	1.4756151045327954	-0.6641437866403131	13.61536591295891
other	1.4756151045327954	-0.7456654812849022	13.309671694764862
other	1.475546482451503	-0.5482320651077883	14.095385209499904
other	1.4754371331882434	-0.7231068067135886	9.746192893401016
other	1.4750848829487826	-0.5463526680703858	15.392781316348197
other	1.4747108127993118	-0.9785326915311022	12.54125412541254
other	1.4743271326332417	-0.7671339416110939	12.23470661672909
other	1.4740953548142566	-1.403726871786617	15.690776884806734
other	1.4734158480729984	-0.7683119031964792	8.955223880597016
other	1.472839005801883	-1.1942014937049374	12.296881862099251
other	1.4720684443152228	-0.4395994777038794	8.092202059833252
other	1.4718235253704213	-1.160236933599133	13.149655604257983
other	1.4716551948950534	-1.2564036751103769	15.84786053882726
other	1.4713712319488226	-0.6183919766351685	7.588075880758808
other	1.4713057189255891	-0.0927013446968113	10.0
other	1.4713057189255891	-0.6135316529179271	12.95133437990581
other	1.4713057189255891	-0.3661929406147462	11.610076670317634
other	1.4706298252421612	-0.8878604137053249	11.32884262094305
other	1.4703199347800335	0.3102462898397271	8.119925046845722
other	1.4694852833012202	0.5849625007211562	12.066365007541478
other	1.4694852833012202	-1.1292830169449664	7.790262172284644
other	1.4694852833012202	-3.0339473319233377	14.86061394945222
other	1.4690986572662414	-0.8967394461820701	7.042253521126761
other	1.4690633809613547	-1.3328175111088976	16.991504247876062
other	1.4687694832166334	-0.8971891944162245	10.408107367844426
other	1.4685530086058456	-0.878665193614583	6.116207951070336
other	1.4683221712431478	-1.2427126376525857	6.26491646778043
other	1.467923079530937	-0.6736934646020633	10.689551339957845
other	1.4678684557859372	-0.5693324042318835	11.321455085374907
other	1.4677789613508172	-0.0175214084751831	10.798190573471471
other	1.4671260104272978	-0.2277480892168225	7.504078303425775
other	1.4662582640605837	-0.5206230537592026	10.78894133513149
other	1.4662309296508302	0.0021246148782463	11.431682090364724
other	1.4661838561875815	-0.6498220632562318	9.196811771919068
other	1.4656635723488118	-0.740359373762018	9.262689885142644
other	1.4654353519827756	-0.688287054632895	8.978082915236335
other	1.4651907675559537	-0.6668413397228437	12.859767299448867
other	1.4639470997597903	0.1773224082945667	14.30615164520744
other	1.4639470997597903	-1.0035843373490387	11.448481831757094
other	1.4639470997597903	-0.2120499353798794	9.004237288135593
other	1.4634259681144617	-1.319790206579719	13.42563457100902
other	1.463400520840243	-0.5501487767655612	7.255936675461742
other	1.4631614991568207	-0.5215711530698596	7.399577167019027
other	1.4624784941961613	-1.045725070486533	11.84990125082291
other	1.4621057529356227	-0.721327080354799	19.24473493100944
other	1.4616967004721535	-0.8230142270419861	14.360566660197945
other	1.4607369719592376	-1.4217273255294751	14.875418371141688
other	1.4606801648345562	-0.7365174826419049	11.996001332889035
other	1.459431618637297	1.4739311883324122	11.45912910618793
other	1.459431618637297	0.4801325275007289	7.964161274265804
other	1.459431618637297	0.0827110509095554	11.730205278592376
other	1.459431618637297	-0.586029977677656	7.970244420828906
other	1.459431618637297	-1.064533118597956	13.319878910191726
other	1.459431618637297	-1.8644553292881216	16.040688575899843
other	1.459431618637297	-0.4979090725853258	11.01101101101101
other	1.459431618637297	-1.2152952463961355	14.084507042253522
other	1.458843363770477	-1.525945318475795	12.667013708138125
other	1.4584300947922244	0.0729272856568745	10.184992725005197
other	1.4583903374366345	-0.4496139652289006	8.727053866987662
other	1.4580503882389366	-0.3673595241343683	11.439842209072978
other	1.4579233121320203	-0.827676922175354	8.530183727034121
other	1.4570923234003217	-1.49645641009296	11.65761737464069
other	1.4561191888382718	-0.4862608283230075	12.085769980506823
other	1.456064767538899	0.2857053701471563	7.266121707538601
other	1.4542176807581344	-1.1872897933020112	16.60872923908845
other	1.4541150212615346	-0.8311103309946888	14.15929203539823
other	1.4533656179379433	-1.4128747792526897	13.494318181818182
other	1.4527147024227165	-1.2225943219898745	13.441433752933646
other	1.4524134677409006	-0.5416471349543291	17.923823749066468
other	1.451612114177998	-0.9964533374150722	11.053588918427312
other	1.4509451527494688	-0.9210869068890976	16.329704510108865
other	1.4508451450058513	-0.665769319959476	10.424811050299711
other	1.4506614090095653	-0.1375035237499349	6.50142218610321
other	1.4504428354100425	-0.5276663543897494	12.12121212121212
other	1.4498029174395206	0.4716331645980056	7.78642936596218
other	1.4493649629587813	-1.0988366377245429	9.08130939809926
other	1.44930740136359	-0.8533824817019461	12.181616832779625
other	1.4489848312021816	0.3800738270240129	8.640291041382447
other	1.4488852697625167	-0.7691859292941742	9.28332714444857
other	1.4487941876550403	-2.141297323250487	20.02301495972382
other	1.4486200998032248	-0.1187965097564749	4.085801838610828
other	1.448460500816294	-1.459583938232106	11.379541167163634
other	1.448460500816294	-0.256540251950906	10.39919490103992
other	1.4482738287527757	-0.6177223612087729	13.11866428145498
other	1.4477435041471536	-0.3585507278985888	6.685432793807178
other	1.4476636000537413	-0.977333089833356	12.792397660818713
other	1.4474589769712212	0.0734749137240281	15.625
other	1.4469803917815982	-1.631000147409652	8.837825894829873
other	1.444784842672896	-0.5897254467471169	15.752993068683049
other	1.4443641705483556	-0.6483029694976052	9.8287888395688
other	1.444136178015195	-0.2538625783975969	11.20768526989936
other	1.4440999648813069	-1.1561953677458183	9.261709446943636
other	1.443988872974973	-1.6282001697117512	14.582770726438024
other	1.4436066514756147	0.1602930657887511	8.401284902396839
other	1.4434715107288634	-1.0806413214323651	18.49983181971073
other	1.4430518754484405	-1.265653682339959	6.947771921418304
other	1.4429434958487284	-0.3058084295240854	9.348290598290598
other	1.442295098272482	-1.1057886416770133	11.197971688147051
other	1.4407432134713187	0.0370370151981503	7.87746170678337
other	1.4405725913859817	-0.3302213016868479	10.667720268668509
other	1.4405725913859817	-0.2589182973615621	9.878982464806125
other	1.4400068840791	-0.1849230889199501	7.343631299063054
other	1.4399838564090746	-0.9289060474662826	9.256494475962974
other	1.4396816263795018	-0.941014844303303	10.212531051614684
other	1.4396147537190824	-1.1114444780547474	11.83431952662722
other	1.4393340492802476	-0.352544067566345	7.251908396946565
other	1.4391592236110362	-1.1345783852089155	14.647664291369754
other	1.4391116342577015	-0.7351633515322207	9.823986901350798
other	1.438573013739633	-2.147753620443692	7.047300525561395
other	1.4384066532222854	-1.2696070597572802	10.799632352941176
other	1.438121112391885	-1.3157945507042583	8.013149784261353
other	1.4376207846459692	-0.9392564339007392	11.58129175946548
other	1.4374391978762513	-1.2850628011355	12.876083630800611
other	1.4374053123072985	-0.3737786165997564	7.296733842946491
other	1.4373424347095682	-0.2448709332007982	8.653846153846155
other	1.436439976011068	-0.1535942428738898	9.04836193447738
other	1.435855970786398	-1.8732363744150096	11.19701412956545
other	1.435241070002025	-1.2448933978678678	23.33759590792839
other	1.435215381216474	-0.9112291786736724	5.657093124456049
other	1.4349370567165487	-1.2909471515542	8.876881512929371
other	1.4349370567165487	-1.441558375531537	11.688311688311687
other	1.434849607403542	-1.5230482783622374	17.878911011783828
other	1.434682028425114	-0.6172708386498268	14.42468970144247
other	1.4346282276367246	-1.405844145196222	13.548573075814357
other	1.434402824145775	-0.3294277947620784	16.80672268907563
other	1.434402824145775	-0.4267004168044239	11.166253101736972
other	1.4342098085536896	-0.3244302670237696	11.631288165164293
other	1.433986602079834	-0.9500396383357588	11.460619361131432
other	1.433458696099532	-0.0608236931077474	7.530807850296669
other	1.4329594072761065	-0.0030881817875703	7.410151908114116
other	1.4318457869653975	-0.8403329163125514	9.874566319722444
other	1.431488020059438	-0.1942980354593254	11.477045908183632
other	1.4313393116079445	-0.4587637850111421	6.489994591671174
other	1.4313393116079445	-0.1571263867680237	5.655526992287918
other	1.4310676090977927	-1.7592613606995575	7.0878274268104775
other	1.4309790431478653	-0.51375905480961	11.001517450682853
other	1.4305030953984668	-0.9072073237339195	10.502903743976276
other	1.4300611056073804	-1.2305924517711644	8.745476477683956
other	1.4297658364293986	-0.666472885727221	12.79251170046802
other	1.428932774737514	-0.9260118055511544	12.679628064243447
other	1.4288432988038744	-1.0491447144421375	13.164556962025316
other	1.4288432988038744	-0.5683713249007373	9.582309582309582
other	1.4288432988038744	-0.5644633647101478	8.442503639010189
other	1.4279931543827569	-1.6039834375221498	11.146496815286625
other	1.4278615396364276	-0.5499670793649525	7.155025553662692
other	1.4253688634157404	-0.6124763332938447	10.740531373657436
other	1.42449782852791	-1.1767963022133092	7.0
other	1.4232114307245438	-1.202492863898743	9.712230215827338
other	1.4232114307245438	-0.2996005818413371	9.725906277630417
other	1.422857003738143	-1.345730629176805	11.76470588235294
other	1.4226306486010742	-1.7739825293842495	15.893470790378004
other	1.4225649654228134	-1.135988819120141	11.4603798297315
other	1.422532035825768	-0.9615258521853643	7.760962359332558
other	1.4223299918452	-0.2627248478364924	12.682926829268292
other	1.422233000683048	0.1160319934471103	7.932166301969366
other	1.422233000683048	-0.6687554377263235	13.521126760563382
other	1.421165967830162	-0.2289123182878225	9.37405503477472
other	1.4211376988152618	0.4411897871348123	10.332357499569484
other	1.4211376988152618	-1.6545094356883523	11.51493342929111
other	1.4208431209600494	-0.395928676331139	8.908119114278442
other	1.4205126293449948	-0.6658909146406349	11.91658391261172
other	1.4201721881900702	-0.9065189122674462	11.319172722191167
other	1.4200730891761422	-1.0347725062766435	8.903964384142464
other	1.4190042189647671	-1.483457973161401	7.93201133144476
other	1.4182542119623869	-0.6212676559679	9.982253771073648
other	1.4179200078119654	-0.4273897727407239	10.316875460574796
other	1.4177614017161333	-0.7545115571554905	17.51487111698612
other	1.4173590985335107	-1.0813456524555476	10.11378002528445
other	1.417157551153213	-1.204957926350469	9.50950950950951
other	1.4167872812288036	-1.0894149208337398	4.506065857885615
other	1.4166047944258042	-0.8236254405016695	6.9843878389482335
other	1.4164680348852845	-0.7774597151141004	10.37344398340249
other	1.4162679428851046	-0.5084061930304611	10.61410159211524
other	1.4162312892028883	-0.8294035709827662	10.70663811563169
other	1.416001545449624	-1.701722571350872	14.956405097250167
other	1.4150374992788437	-0.8163698299426754	7.000538502961766
other	1.4150374992788437	-1.623436648535792	9.67117988394584
other	1.4150374992788437	-0.5357840618002229	7.314974182444062
other	1.4150374992788437	-0.0526737402435596	12.195121951219512
other	1.4150374992788437	-0.2524160542664377	11.36842105263158
other	1.4150374992788437	-1.46394709975979	17.003676470588236
other	1.4150374992788437	-0.5378942470643773	14.330585001963094
other	1.4150374992788437	-1.2213351145534057	10.79447322970639
other	1.4145910517924127	-0.1757100045030233	7.173601147776184
other	1.413847974648402	-0.9569099054511504	12.684365781710914
other	1.4134119272298018	-0.1827644955110527	7.874015748031496
other	1.413205505329954	-1.3537520576839366	11.904761904761903
other	1.412939033394846	-1.0203494974182383	13.254574268837343
other	1.4124863137495114	-1.5795015507249426	10.012714558169105
other	1.4118135984045574	-2.140030451778974	11.746680286006129
other	1.4118135984045574	-0.1988548724910411	13.142523364485982
other	1.4112643361767871	-0.1255308820838588	8.680555555555555
other	1.4111954329844496	-1.9307373375628865	12.34567901234568
other	1.410788026277486	-0.0622842782543427	12.715712988192552
other	1.4107115738760538	-0.7253465108993727	11.228070175438596
other	1.4106323201588429	-1.163314703321486	4.872107186358099
other	1.4104647694890198	-0.9607947839927602	12.266355140186915
other	1.4101136206395584	-0.9004992915752181	9.683098591549294
other	1.409927416700047	-0.523519696822771	10.27317300957273
other	1.4094387462830522	-0.8448015673951434	6.008010680907877
other	1.4092084204766462	0.1635412538427046	11.002444987775062
other	1.4092084204766462	-0.2048499767590185	7.260016133369184
other	1.4080847386370767	0.2927817492278457	7.156388128814986
other	1.4080847386370767	-1.3492108492807673	9.559434746467169
other	1.4080847386370767	-0.8365012677171204	8.206330597889801
other	1.407110583507215	-0.1144746873678826	11.818778726198293
other	1.406104374508836	-0.5231710670730139	4.627249357326479
other	1.4059923596758368	-1.013856313172937	12.117477921544465
other	1.4057210318925295	-0.9355525406350688	7.78642936596218
other	1.4057117070067504	-0.6911578418193202	12.41900647948164
other	1.405514725160337	0.3272011711187621	9.230769230769232
other	1.4052564784862585	-0.2284771837974254	8.0
other	1.4050946960312654	-0.8598325900030327	10.725552050473183
other	1.4048417321729554	-1.1251914643571108	9.83698707138842
other	1.4046625002168869	-0.6657154104196671	13.410890289222817
other	1.4044548905060117	-0.6828921460077083	8.523105606605407
other	1.4043902550793352	-0.8335174092782994	12.16931216931217
other	1.4043902550793352	-1.3492487008868743	8.940852819807427
other	1.4039540001498276	-1.1895862762532063	11.724659606656582
other	1.4037221860510098	-1.7754104745893566	10.157837162056572
other	1.4033556942312084	-0.3808217839409308	5.909389363099146
other	1.4030120235749968	-1.5634988895028124	13.142523364485982
other	1.402800826759946	-1.2817342030132193	11.856710393541878
other	1.4027422005104588	-1.407214959601108	12.203389830508474
other	1.402270203204966	-1.1341324166063622	11.363636363636363
other	1.4019860710167935	-0.5552566277500658	11.66371797392045
other	1.4016169835165224	-0.97343108839976	9.03010033444816
other	1.4008794362821844	-0.0526574322921852	5.856515373352855
other	1.400783515598602	-0.2850858113854887	16.506189821182943
other	1.3999108071913768	-0.6659089625522778	7.150922092585623
other	1.3987902672974617	-0.7717394638969685	20.434227330779056
other	1.3985493764902748	-0.8390637817849425	12.23083548664944
other	1.3985493764902748	-0.5802785464513769	9.945300845350571
other	1.3985493764902748	-0.8797057662822882	11.1731843575419
other	1.3984227854279474	-0.073211458927049	3.73931623931624
other	1.3980310739731538	-0.7305272087835815	10.031347962382446
other	1.3977051884870408	-0.2478940887714553	11.158021712907118
other	1.397029550128081	-0.8662936594333225	6.021409455842997
other	1.3968901525685844	-0.1829860166810463	11.10260336906585
other	1.396658969963989	-0.1698294112457634	11.805213969503196
other	1.3959286763311394	-0.4069247058525368	12.21840397098129
other	1.3959286763311394	-0.8393620186141845	13.780783463059844
other	1.3951143866749538	-0.6854055374909879	10.595647193585338
other	1.3948596173412136	-1.0185359514374277	9.547738693467338
other	1.394551043043613	-0.5251044139865252	12.48712667353244
other	1.3944901218747583	-0.8550649239750309	12.28719467061436
other	1.3944531671227514	-1.4994301340596434	9.4859241126071
other	1.3942789391120465	-0.7382333403294079	10.205351586807716
other	1.3927605789920097	-0.7412352870363996	12.708620425662229
other	1.3926097325844182	-1.1959831806465824	8.765522279035793
other	1.3923174227787602	-0.0807264446320901	12.487992315081652
other	1.391450678961228	-0.0954886151992316	6.27564566739078
other	1.390942772802543	-0.7618300411580342	11.516314779270632
other	1.3908754486048538	0.1538165852070312	5.889281507656066
other	1.3903150698676126	-0.0397821602630202	8.605851979345955
other	1.3899465183160131	0.2815703572712213	7.756948933419522
other	1.3892640988012064	-1.220281184877055	7.352941176470588
other	1.3892195151231124	-0.7107194349512743	7.963594994311717
other	1.3882705897160583	0.1069152039165121	10.259505129752563
other	1.3882705897160583	-1.5722032700058146	12.003693444136657
other	1.388161793287449	-0.5759737174939015	11.09989909182644
other	1.3878848084125726	-0.4732553880222129	15.68627450980392
other	1.3874927758856446	-1.22525041328929	15.472312703583064
other	1.3874119605861237	-0.8137432220833296	20.329138431752177
other	1.3870231231092474	0.0544477840223765	20.77687443541102
other	1.3864002938241584	-0.5951897512355246	5.1513200257566
other	1.3861449481561572	-0.9917291276784042	11.752682677567703
other	1.386058432307078	-0.666203724921192	8.347978910369068
other	1.38573112976681	-1.0560411027739542	10.447422212128094
other	1.3853980088389697	-0.6261148667159945	11.254789272030653
other	1.3850361929523416	-0.5726128833941007	8.543833580980683
other	1.384663850235325	0.5474877953024933	8.108752683043168
other	1.3842240175923983	-1.1041789759159726	11.999040076793856
other	1.384084570949932	-1.3816789023324128	14.742485161784415
other	1.3839149817830634	-0.6662207093779416	11.11111111111111
other	1.3833286395515056	-2.270089163367744	10.534563816820478
other	1.3823833331678612	-1.179890847446592	9.14419695193435
other	1.382333334206138	-2.0410626566218864	24.330900243309003
other	1.3818706353436443	0.1328942704973454	25.145067698259187
other	1.3812491858225604	-0.9862911647948852	9.91114149008886
other	1.3811672982620384	-1.7470739402797355	10.477657935285054
other	1.3808217839409307	-0.1161408554527683	13.210568454763813
other	1.3805098161505729	0.1167601833034092	8.775137111517367
other	1.380423744197507	0.2656598752406171	8.431703204047217
other	1.38036390409349	-1.3113707257445233	12.557832121612693
other	1.380046055562204	-1.3157196370086373	8.03556163446743
other	1.380012370038998	-1.218444548290209	13.250449860952068
other	1.379345792135535	-0.9706941487590872	11.693548387096774
other	1.3785116232537298	-0.8687554667217475	15.296367112810708
other	1.3785116232537298	-0.9697017397498237	11.078527207559466
other	1.3785116232537298	-0.6824560666691787	8.695652173913043
other	1.3785116232537298	-0.8725606248636009	10.632344711807498
other	1.3785116232537298	-1.8288377571823444	7.357750163505559
other	1.3785116232537298	-0.5195680827501504	10.616578195181708
other	1.3785116232537298	-0.2199656839419079	9.2084292544714
other	1.3785116232537298	-0.5522866018940238	15.758371634931056
other	1.378161497043811	-0.7121629926139923	9.356458238247376
other	1.3772354665664597	-1.0400232004257155	15.737826328457691
other	1.3769139541636637	-0.7021751489862319	14.4
other	1.3768786915107645	-1.5811187805293063	20.448548812664907
other	1.376519638068932	-0.1624295593712822	12.4101894186806
other	1.3762294792910743	-0.1592514999278598	13.5312090790048
other	1.3758669019981662	-1.910504864824637	21.77293934681182
other	1.3758211028825642	-0.9947576608686932	9.679370840895343
other	1.375367353848823	0.1653912759216793	6.226650062266501
other	1.3753243518654552	-0.6997789922120309	13.908872901678656
other	1.374395514781498	-0.2314904638600799	9.104704097116844
other	1.3741243060127908	-0.3248396903072654	10.662707517883655
other	1.373907623318989	-0.7238043460909673	12.494519947391494
other	1.3736784695177864	-0.682925754453317	13.231552162849871
other	1.3734583955274444	-1.453717967442904	7.803017166637766
other	1.3734583955274444	-0.8492513548086528	9.065825778478516
other	1.3725541679573303	-0.5360481760239666	10.85347804637395
other	1.3723710344761078	-0.6133312034378151	14.209591474245116
other	1.371968777386958	-1.156119201917282	15.356820234869016
other	1.371968777386958	-0.76197834917825	12.514757969303425
other	1.3712812231439064	-0.0575058377128502	14.084507042253522
other	1.3701832634945836	-0.5777890542091272	9.544008483563095
other	1.37016428054021	0.1416360111512	9.523809523809526
other	1.3697566199779776	-1.4300123849857145	12.622720897615707
other	1.369509159421472	-0.2033139638560701	8.870774394629585
other	1.369233809665719	1.3746985701425305	7.632232871849485
other	1.369233809665719	0.9740047914670554	4.852896572641796
other	1.369233809665719	-0.0551415541924611	9.438528557599223
other	1.369233809665719	-1.5849625007211563	14.401123990165086
other	1.369233809665719	-0.3680618828981952	7.593924860111911
other	1.3690453821801918	-0.38223079587698	12.209080503624572
other	1.3689482688353187	-0.0336831262562885	16.74641148325359
other	1.3689255744245317	-1.1638996215211488	12.37538673083534
other	1.3676281388924183	0.0261014789309011	6.944444444444444
other	1.3676281388924183	-0.6923953031920501	8.12536273940801
other	1.3672520853968528	-0.4227341972064988	11.773500280321436
other	1.3667823306716227	-0.0442364908370304	7.846556233653008
other	1.3667823306716227	-1.9100578746872008	11.395133969818293
other	1.3667823306716227	-0.3446481713874457	4.297994269340975
other	1.3667823306716227	-0.4352653075065451	11.71875
other	1.3656494723166803	-1.6629650127224294	16.5016501650165
other	1.3635471840891016	-1.5602468173142716	9.84009840098401
other	1.3632163033779945	-0.2744154036310713	12.353923205342236
other	1.3630740776573935	-1.6795738505982567	8.540925266903916
other	1.3625700793847084	-1.8019906294208303	9.696969696969695
other	1.3625700793847084	-1.4972951813979227	7.624398073836276
other	1.3625700793847084	-1.0398644608779395	1.6528925619834711
other	1.3624403814441444	-0.3147865789625265	7.389512576381981
other	1.3622260481345057	0.4527412149459012	10.551948051948052
other	1.3616378046893336	-0.7900561243589801	7.647058823529412
other	1.3612767623631876	-0.1608536659108036	8.58704137392662
other	1.3608171082809577	-0.3742678934765457	9.950248756218905
other	1.3607473437778903	-0.5218587421602646	7.033997655334115
other	1.3600434674589117	-0.6986725929536638	11.22281973345803
other	1.35954238668714	-0.6238519599093718	7.366482504604051
other	1.3590810933048283	0.4749162829519031	9.7929490766648
other	1.3590810933048283	-0.6011479284620944	18.580144204104272
other	1.3589047426833327	-1.093083818114142	8.852891316632133
other	1.3587933886392247	0.1933743730009915	11.43926788685524
other	1.3586309778498051	-0.782271320864842	10.20049243756595
other	1.358429160810224	-1.8006906337622783	11.8648439515089
other	1.358241794275446	-0.979103691658204	9.563658099222952
other	1.3579564040715764	-0.5895763016065856	12.66689489900719
other	1.3569345447152756	-0.9612032684152668	14.20217209690894
other	1.3569345447152756	-0.62740898206525	17.10794297352342
other	1.3564853169237308	-0.4453246724419218	8.354755784061696
other	1.3561438102252754	0.7467135707177683	8.101444170482566
other	1.3561438102252754	-0.206347454761128	14.215080346106305
other	1.355828501505653	-1.138099555586915	9.9009900990099
other	1.355828501505653	-1.5483114908245543	11.864406779661016
other	1.355212954505621	-1.6586188629829774	11.508951406649617
other	1.3536369546147005	0.7170660367285012	5.323868677905945
other	1.3524694894157383	-1.1227227826667536	14.27079707622694
other	1.352301743930881	-0.6171698901334334	8.00640512409928
other	1.3519853287435424	-1.7808827106964131	9.875640087783468
other	1.3519853287435424	-0.1463298850298554	9.475679090334808
other	1.3519853287435424	-0.1420190048724278	12.818601878074228
other	1.3515687225338864	-0.6762243099923706	36.55352480417755
other	1.3514723705013778	-0.7676887843865582	10.666666666666666
other	1.3507349429477384	-0.7046927043120947	10.630220197418376
other	1.349067845361248	-0.9413053287915985	14.877102199223804
other	1.3490267875194537	-1.067181919190158	11.619800139437602
other	1.3490076289436466	-0.0051704678141481	9.044657998869416
other	1.348803800878757	-0.6281822472921875	8.364919618350543
other	1.3487088711178483	-0.4343774586820286	9.689049121225777
other	1.3485300641816116	-0.7466644493297799	15.895953757225431
other	1.3479233034203069	0.8365012677171205	7.372654155495979
other	1.3479233034203069	0.6541460658671572	11.390887290167866
other	1.3479233034203069	-0.6374299206152917	6.839452843772499
other	1.3479233034203069	-1.0133790298011995	18.651362984218075
other	1.3475043415933785	-1.0259657690814352	10.644257703081232
other	1.3475043415933785	-0.8546648984828422	12.975588299978009
other	1.3466505242985938	0.0187221182923953	14.416775884665794
other	1.3464504140214313	-1.0718910295824418	14.573991031390134
other	1.3463094501206998	-0.3425938528196708	13.362852850478374
other	1.346277956303111	-0.7529647870348912	3.807106598984772
other	1.34577483684173	-1.5636815806339792	10.809040288241071
other	1.34577483684173	-0.0475366568375802	7.943512797881729
other	1.345696260820312	-1.606239160351571	6.373937677053824
other	1.3455970007809948	0.4142726944378632	10.442046641141664
other	1.345439801648081	-0.8462966386398016	17.61252446183953
other	1.345185369756965	-1.0202387812703018	13.456937799043065
other	1.3449900017505874	-0.100275662273675	7.027697395618024
other	1.3443591410266895	-1.703031584478904	14.703675918979744
other	1.343407822297814	-0.9647700082808324	11.499760421657882
other	1.3426312323313774	-0.7668899489383996	9.533311162842256
other	1.3421869338711625	-0.95795372714347	4.435994930291509
other	1.3421473616313204	-0.8585993453502484	8.420343550016842
other	1.3418276523250672	-0.292334472301434	11.04009296920395
other	1.341186971924431	-0.2190234525681366	10.200723922342876
other	1.341036917835067	-1.222392421336448	7.86308973172988
other	1.341036917835067	-1.1520030934450498	7.26866088901314
other	1.3406820549527247	-0.3719687773869579	10.376687988628287
other	1.3397827898099597	-0.9761623098923756	17.077798861480076
other	1.3397059710329713	-1.6132106616960245	9.171682430495844
other	1.3396300966208214	-0.6418517171998843	9.24736706909838
other	1.3394318425266671	-0.2635994013923398	13.513513513513514
other	1.3391373849195851	-0.7190472100899963	9.573542210617928
other	1.3388019134517584	0.4474589769712214	11.342155009451796
other	1.338168735894573	-0.3282616155611895	10.3866128101558
other	1.3380814105058856	-1.6328315783973593	20.971538626150224
other	1.3376954107456789	-0.7511243727852284	8.21917808219178
other	1.3370349872775706	0.2380056113422714	19.35483870967742
other	1.3369278948942762	-1.536308382146674	10.280042538107056
other	1.3367860536144756	-0.857182116051512	8.595284872298626
other	1.3365961446761978	-0.681333708538915	7.105637138796778
other	1.3363899817571911	-1.4743982844224142	11.856091578086671
other	1.3362833878644322	-0.3653705235656634	15.218261914297155
other	1.3361820785676042	-0.1892904380181184	10.8010801080108
other	1.3360492031320153	-0.7728434423771505	7.912087912087912
other	1.3360492031320153	-0.3493365138676773	10.278113663845224
other	1.3356030317844387	-1.2221065410143217	8.240773916159082
other	1.3356030317844387	-1.0457929193340243	12.326283987915408
other	1.335390354693925	0.0565592815946441	13.23918799646955
other	1.3351168666439026	-0.2060580646613814	8.866995073891626
other	1.3349059488855723	-0.7006787213457355	10.340927451930844
other	1.334790245824412	-0.3779691139250007	6.041335453100159
other	1.3342853014073452	-1.098743066542586	14.847161572052402
other	1.3339007365534383	-1.0595419456544055	9.501187648456057
other	1.333111833380038	-0.308967191378632	5.508262393590386
other	1.3329231021452954	-1.121358788823584	5.181347150259067
other	1.332837473655248	-1.2919273133061504	8.835594824865888
other	1.3325753390868709	0.6904860754863341	5.997001499250374
other	1.3323679041680854	-1.4929987268411449	11.71724932769881
other	1.3315944294808422	0.271330724631018	6.512301013024602
other	1.3315598572114196	-0.3676320718667134	11.173918759037727
other	1.3315141437165603	-2.014499569695115	7.82868984572876
other	1.331357507807293	-0.3362005447525531	11.27368673542816
other	1.3312059084753731	-2.215728691055437	12.023535431056535
other	1.3310591066394908	-0.9922250957176356	9.007386056566384
other	1.331038513332076	-0.8131522346770623	9.577603143418466
other	1.330579144243643	-0.9275122767292744	5.957446808510639
other	1.3305272238135613	-1.0376388625606603	7.469654528478058
other	1.3301486016923307	0.2956487700885133	7.934086054317974
other	1.330003298110966	-0.8552557444149282	11.182108626198085
other	1.3298659143120026	0.0074415533280203	4.993757802746567
other	1.329770487408712	-1.0069165802960498	15.07537688442211
other	1.3297054454790818	-0.7035332039642983	10.67995728017088
other	1.3296190684506892	-1.2008991791550525	15.658669731360437
other	1.3295513360903874	-1.4630443307531584	17.05799719044752
other	1.3294356315563036	-1.0525290511409522	14.256619144602851
other	1.329273468519229	-1.4430525884451648	13.648596693579393
other	1.3287413072708545	-0.4895959086548696	7.210343112879165
other	1.327670988615853	0.2717201337000162	15.837104072398189
other	1.3275746580285044	-0.6076825772212394	5.94679186228482
other	1.3268103162671083	-0.0294240523711639	9.33609958506224
other	1.3263065353979369	-0.6344974934076938	11.82786678969885
other	1.3261412924299825	-1.3510869953240825	11.592602815346398
other	1.3261037708585557	-1.0885939232689883	10.869565217391305
other	1.3250953739660454	-1.0239373590853789	16.407599309153714
other	1.3250273335462488	-1.2599425826288586	7.702182284980744
other	1.3236394771057074	-0.432145198115047	6.966434452184927
other	1.3231527936373844	-0.4564475274312607	11.627906976744184
other	1.3230538811644568	-1.260811531697874	8.368815151960064
other	1.3229227140518098	-0.7716566848267369	10.611817109917464
other	1.322915903923481	-1.2744602130694784	12.279355333844974
other	1.3222434036069846	-0.477826586831495	8.237232289950576
other	1.3219280948873624	0.9632414499898824	4.404145077720207
other	1.3219280948873624	0.6379014666371032	4.528985507246377
other	1.3219280948873624	0.4447848426728959	12.8099173553719
other	1.3219280948873624	-0.8571275818871358	8.793969849246231
other	1.3219280948873624	-1.2429960113069645	14.957264957264956
other	1.3219280948873624	-0.1609362182150578	14.994232987312571
other	1.3219280948873624	-1.0327485823397122	7.921886514369933
other	1.3219280948873624	-0.169572134853568	8.328995314940135
other	1.3219280948873624	-0.8230697759601132	10.624169986719789
other	1.3219280948873624	-0.7628442259918118	15.209125475285171
other	1.3219280948873624	-0.8073549220576042	12.868410128684102
other	1.3219280948873624	-0.5913602719193067	9.61136648558295
other	1.3219280948873624	-1.3119440063147405	8.97592819257446
other	1.3219280948873624	-1.2195869714969163	16.271501627150162
other	1.3219280948873624	-0.4653808849684838	10.457010069713402
other	1.3219280948873624	-0.9802010574309612	9.142857142857144
other	1.3219280948873624	-1.111990648213169	8.422664624808576
other	1.3219280948873624	-0.3886904005869512	8.293838862559243
other	1.3219280948873624	-1.5026228624998788	8.281573498964804
other	1.3219280948873624	-1.8866931225478425	10.745755426606491
other	1.3215100637719956	-0.8132438341454016	7.874015748031496
other	1.32146635859253	-0.6527940918793114	8.114248620577735
other	1.3190965041041998	-0.5846787265385506	11.403230915426038
other	1.3190684407481217	-0.2530550629147272	9.47653429602888
other	1.3188876405673111	-1.0847138026119807	4.918032786885246
other	1.318682435383708	-1.3675972430878776	9.00900900900901
other	1.31740789784998	-0.2441239386435288	8.840792667581326
other	1.3173408253917105	-1.439743029415875	9.106678230702514
other	1.3171901758806992	0.106770748064253	11.12854900841775
other	1.3171377361721757	-1.3666439280543683	12.348610781287103
other	1.3164883549192343	-1.510474468125503	18.93783449979416
other	1.3164440452286383	-1.1492557215251564	12.221203788573174
other	1.3163470626240628	-0.8105562608349881	9.968847352024923
other	1.3163035456934842	0.1474351691920135	8.678500986193294
other	1.3162593448006703	0.2682766822793471	9.345794392523365
other	1.3161457422933565	-0.7169104313742126	9.287925696594426
other	1.316027493447678	0.0435477156727567	8.02041560335399
other	1.314201652517493	-1.0319491202757691	7.544797233574348
other	1.314061213614408	-1.7695325121571983	11.374407582938389
other	1.314001179115733	-0.7786554404325983	11.061364234922308
other	1.3136604789037618	-0.8078612196732192	6.8123758160658525
other	1.3135807521738423	-1.8424077071325635	12.183978068839476
other	1.3128184717356512	-1.0523566415939445	15.126050420168069
other	1.311659759433535	-0.8740866937811281	14.475969889982627
other	1.311532923524984	-0.7914423249368425	6.2614140360031305
other	1.311511478942024	-0.6568618462058057	11.133791055854518
other	1.3112016882943038	-0.7820534836947441	5.938914027149321
other	1.310968882897496	-0.8056648507235168	12.0942075111394
other	1.310424122768912	-0.8232479843603813	17.357001972386588
other	1.3100740815101548	-1.1342703966114156	14.319809069212411
other	1.309807322920987	-1.2534973553163324	13.96032329169728
other	1.309747151002122	0.2049451300129487	7.628652702353245
other	1.309328058107729	-0.2277751249066266	8.32639467110741
other	1.30904680359063	-0.5600229603355267	7.451564828614009
other	1.3085490650861624	-0.8781856539588835	12.129860863360683
other	1.3085019020059871	-0.5554394394948141	9.79431929480901
other	1.308122295362332	0.0766212816029123	8.731966590736523
other	1.308122295362332	-0.5923729167293781	11.426319936958231
other	1.3076511804964763	-1.5682765288385216	12.251148545176113
other	1.3074285251922473	0.0262571365043626	8.707767328456983
other	1.3074285251922473	-0.5139402730429514	9.485589201021526
other	1.3073797863182073	-1.4955589559549929	5.563282336578581
other	1.3072948247110905	-1.30709667168361	14.056881333769203
other	1.3070548184058322	-0.6469847015684795	13.157894736842104
other	1.307017628355153	-0.3930363148885042	5.218525766470972
other	1.306661338234052	0.2773738451063138	13.11336717428088
other	1.3063872439915842	-1.6466900893634495	13.644821170146786
other	1.3059360621194611	-0.9365486561085749	13.723459347488348
other	1.3058084295240855	-0.5573584297357851	8.573008849557521
other	1.3057330319416445	-0.1426934188676989	6.1107117181883535
other	1.3056787432422876	-1.8519771005881056	8.186554204911934
other	1.3055025469742512	-0.7184296427287786	6.584854833882071
other	1.304854581528421	-1.018251704556223	10.070493454179257
other	1.304854581528421	-0.9007200101078654	14.75409836065574
other	1.3047662757875584	-1.3130687527244005	9.41492938802959
other	1.304426037030724	0.3971981731944238	8.133230054221533
other	1.3039140410160104	-1.8724491675512696	24.38363587103765
other	1.303906687249322	-1.9901013986125533	13.313046785850132
other	1.3033921434499347	-1.304854581528421	11.596443757247778
other	1.3033921434499347	-0.8958785803512349	27.366020524515395
other	1.3030615940617734	-0.7926370019482345	10.969267139479904
other	1.3027345296540516	-0.908409381979852	9.127789046653144
other	1.3027081187388765	-1.0796300882645915	8.649043732488732
other	1.302624464520682	-1.4042397051331956	8.943543879262158
other	1.3025627700204314	-0.3396556874367061	19.47148817802504
other	1.3025627700204314	-0.5453722020452536	4.378283712784588
other	1.3025627700204314	-1.3383926963050952	6.001500375093774
other	1.3025627700204314	-0.4640531763776747	19.02552204176334
other	1.3025627700204314	-0.9575166686784866	8.183306055646481
other	1.3017904493162862	-0.5682305198624775	5.714285714285714
other	1.3016556998611013	-0.7130922474903328	17.029328287606436
other	1.3012686243212694	-1.440385697960793	9.467455621301776
other	1.3008873048323322	-0.0988030170780239	8.634049147664378
other	1.3008190682932643	-1.2939941372581834	17.063989962358846
other	1.300789327829212	-1.2019732943526382	8.509603695599319
other	1.3004677323810512	-0.7002432861112579	8.184214176723541
other	1.300394933337721	-1.1892354730088217	10.37096130833666
other	1.2995602818589078	-0.2194630222166324	9.465478841870825
other	1.2991182119792766	-1.1440895793715844	10.31344792719919
other	1.298658315564515	-0.6064956622707975	13.794613531858989
other	1.2986429227947685	-1.738913619017442	13.962765957446807
other	1.2984915396506955	-0.4458308465670628	7.528556593977155
other	1.298341274569747	-0.4179283969596313	8.271298593879239
other	1.297904865680846	-0.7483628657055027	16.16031027795734
other	1.297315540405749	-1.0102220723969852	11.992005329780143
other	1.2967175320900826	-0.187122073970499	9.98039565139904
other	1.2954558835261714	-0.9760774216656976	5.3908355795148255
other	1.2954558835261714	-2.572889668420581	9.685230024213077
other	1.2941269415311347	-1.580605783723811	8.56457690990065
other	1.2941127170192377	-0.2375995760380906	9.206488382288471
other	1.2928706974100552	-0.1379722314616642	6.017791732077447
other	1.2924090079673074	-0.2395811705308185	10.412239694007653
other	1.292252740467697	-0.5296719710823548	14.53732177802628
other	1.2921807514933104	-1.5782678481471475	11.067475901463764
other	1.2921807514933104	-0.9975190104962448	18.442622950819672
other	1.29176612437711	-0.7055526415347447	15.472721792424394
other	1.2915544458438435	-0.7971069904210983	11.221945137157109
other	1.2912312976644458	-0.6962192518228971	12.364294330518698
other	1.2912312976644458	-0.8521847035183834	19.13709116214336
other	1.2908721592192145	-1.021441368873366	5.560235888795282
other	1.289506617194985	0.4252452897952601	9.24214417744917
other	1.289506617194985	-0.903292586599904	8.391608391608392
other	1.289506617194985	-0.3312558970424815	26.3912794033276
other	1.2887066753719454	-1.1012592402631678	9.961127308066084
other	1.288505093349912	-0.2966800569364917	11.513714866237724
other	1.2882449686310735	0.3585177972577597	10.19147621988882
other	1.2879807629640243	-0.1791032555537077	6.600660066006601
other	1.2879807629640243	-0.987506151838355	12.392542145807749
other	1.2879807629640243	-2.4076579689132465	7.718924673941975
other	1.287802310982736	-0.4287435231101584	9.24214417744917
other	1.287696460068063	-0.7901231776777189	5.652494470385844
other	1.2871936787582732	-0.719556945194694	12.10762331838565
other	1.2870618488941754	0.0153011005498483	9.181331293037491
other	1.2868811477881617	0.0073795303655974	4.790419161676646
other	1.2863358575870412	-1.741055818567386	12.42718446601942
other	1.286190837659361	-1.7769500793182205	13.82488479262673
other	1.2855685908904428	-1.029220200227011	14.882655981682884
other	1.2854022188622485	0.2801079191927355	21.489739861043784
other	1.2854022188622485	-0.622437206139819	17.38609112709832
other	1.2847414929331868	-0.5704080400561911	6.361829025844931
other	1.284657217533589	-1.5384031133092793	15.151515151515152
other	1.2840960213616233	0.049437140298326	7.29419937478291
other	1.2840217436989965	-0.8548441256662701	11.426705843943846
other	1.2839896122274193	-0.91505936806327	10.9508547008547
other	1.2834539470727266	-0.8205860804267378	12.57861635220126
other	1.283306800860055	-1.244834173336606	17.447199265381084
other	1.283306800860055	-0.5854326636847076	7.733382434174185
other	1.283055203243072	-1.2859177170831595	9.196811771919068
other	1.282489783760327	-0.285056106379835	11.484098939929329
other	1.2823997307007249	-1.157324964662679	6.501950585175552
other	1.2816642246736352	-1.4862531918940605	10.821778829895164
other	1.2811817525440532	-0.6748673115374939	8.326029798422436
other	1.2811509569831174	-1.5538107887243449	11.479591836734697
other	1.281003307920244	-0.7225704378521874	9.31098696461825
other	1.280927632306202	-1.006794726584725	8.61697544161999
other	1.2801079191927351	0.7269381338786114	11.704253497002568
other	1.2801079191927351	-0.5591043328001305	12.536873156342184
other	1.279911460413799	-1.150939404805216	12.363023321157629
other	1.2794928285669658	-1.4339155094845333	7.972322503008423
other	1.2794347691987715	-1.6294208661565612	12.844036697247708
other	1.2785058145962338	-1.3943458995001157	10.384615384615383
other	1.278482804922458	-0.8017597956076423	11.57767409711422
other	1.2780887515560833	-0.2650950534333434	13.989387361312108
other	1.278030230205896	-0.2437322223692286	12.790697674418604
other	1.2779847472997652	-0.0841130465106007	10.261502813637868
other	1.276911990159978	-0.7521656568261289	8.199581297976273
other	1.2767581244529969	-0.7969646548217052	17.437452615617893
other	1.276604104377872	-0.5393680469174386	16.827934371055953
other	1.276375943072955	-1.6044161729847133	21.631644004944377
other	1.2761590060115102	-1.2438503579843136	11.052378664103797
other	1.2760122598320038	-0.1305315631422252	10.707911957168353
other	1.2759569046265913	-0.4447514501516609	18.9873417721519
other	1.2758584461913771	-0.0698948539345859	12.161415146489771
other	1.2757579134544363	-0.9207783852052044	10.479645304312776
other	1.2756344426134274	-0.4301443916690521	9.645131938125568
other	1.2756344426134274	-0.3081222953623318	15.367103016505409
other	1.2756344426134274	-1.61595019320484	12.096774193548386
other	1.2743624116353065	-1.1877663142024997	15.56420233463035
other	1.2740588745199302	-1.324373796272161	11.498658489842851
other	1.2737608124268522	-1.19243919923482	9.67741935483871
other	1.2730184944064158	-0.4267004168044239	11.27554615926709
other	1.2730184944064158	-0.4954345264204995	5.385996409335728
other	1.2730184944064158	-0.9550875781244256	13.541666666666668
other	1.2730184944064158	-1.0491997060602245	9.47867298578199
other	1.2730184944064158	-0.1959540565902544	7.342143906020558
other	1.2730184944064158	-0.289506617194985	8.183306055646481
other	1.2720795454368008	-2.9693311703844256	11.808576755748913
other	1.2715687923508632	-0.8527460632878758	5.885015844273426
other	1.2713737067465234	-1.107432187239802	12.84722222222222
other	1.2710271965873243	0.0327041650727055	6.741573033707866
other	1.2707104456256697	-1.0914142648666263	12.817629862828872
other	1.2702659750648695	-0.9481537620491056	20.697167755991288
other	1.2700891633677442	0.4398874485744377	8.783783783783784
other	1.2700891633677442	-0.3474170058046916	14.573510501500214
other	1.2700891633677442	-1.0478285250906152	7.77511961722488
other	1.269933457249101	-1.668343733621007	14.726027397260276
other	1.2696573480275288	-0.1969206147993699	11.014052411697683
other	1.26960705975728	-0.9627372494396236	9.174311926605505
other	1.269348179765996	0.3393851981583974	13.392857142857142
other	1.2692841379039892	-0.1177287664515399	10.965837199493883
other	1.2687480570281875	-0.2288839743957309	10.014306151645208
other	1.268488835925902	-1.452716778241426	10.540970564836911
other	1.268488835925902	-0.7224660244710911	11.11699311805188
other	1.268488835925902	-0.4251189389794687	7.1758072783188105
other	1.2680256501422746	-1.038220137379145	7.661367554108408
other	1.2679892877765586	-0.525280011416965	16.216216216216218
other	1.267933205246633	-0.2226878890638416	5.6941431670282
other	1.267480310864986	-0.5145731728297581	8.401949252226517
other	1.2673473987048764	-1.132750137028647	17.914561322921454
other	1.2671676670148322	-0.7928494340822801	12.755102040816327
other	1.2671622914564704	-0.5523851400862684	10.209122344804872
other	1.2669882473580731	-0.8199964057208676	9.51776649746193
other	1.266899632635819	-0.6454169433351691	11.145510835913312
other	1.2660963702818582	-1.5398259766684934	9.177027827116635
other	1.2660275501457772	-0.4603421066385095	10.95890410958904
other	1.2659434851101912	-0.8908923343794225	10.773374374759522
other	1.2658741932029838	-1.0529006226834	11.588498961408112
other	1.2657335554347493	-0.2816833555335434	8.058017727639
other	1.2653445665209948	-0.5222417335561119	9.286775631500744
other	1.2644998148382924	-1.8866548217730097	9.08486594283182
other	1.264157562792731	-1.2138118902576205	16.968325791855204
other	1.2637763421015673	-0.5347767435529395	13.7221269296741
other	1.263210677449981	-1.2377086985175694	12.701682114658428
other	1.2631684292479726	-1.1846725747068965	10.105176325015467
other	1.2630344058337937	0.09884190338083	5.6457304163726185
other	1.2630344058337937	-0.1957016363757342	12.433944668946223
other	1.2630344058337937	-1.4997346638541251	10.869565217391305
other	1.2630344058337937	-0.754479557853981	7.930214115781125
other	1.2630344058337937	-1.1710721811278506	14.390602055800294
other	1.2630344058337937	-1.1810655590475123	9.361702127659576
other	1.262015193470041	-0.189407856570439	9.24574209245742
other	1.2615401591534634	-0.5521683780464954	14.540059347181009
other	1.261328083883391	-0.3611870066930556	14.304536043666475
other	1.2607642322089667	-0.9524088753972586	22.1606648199446
other	1.2607642322089667	-1.1763263566306077	10.137149672033392
other	1.260690465365495	0.0276930622892196	8.264462809917356
other	1.2601228104138904	-0.863722736452145	17.89057624297899
other	1.2600991148092469	-0.9612105447783538	15.410958904109588
other	1.2599184326119377	-0.1038205436593406	10.762942779291553
other	1.2596438166330195	-0.2594357633071704	9.04431715405487
other	1.2587342684001683	-1.1727182163339926	10.110020814748736
other	1.2577977574676469	-0.6985504118881083	7.349632518374081
other	1.2577292904102688	-1.4776845843081403	15.226628895184136
other	1.2571578394971246	-2.6270265602877	10.1712154602475
other	1.2563397532597855	0.6682180043705085	5.939858928350452
other	1.2563397532597855	-0.7735644913557775	13.479359730412805
other	1.2563397532597855	-0.7602973833188631	22.77802590442161
other	1.2560755475927363	-0.5340775802506603	9.237875288683602
other	1.253756592245783	-0.8562645225385505	8.185538881309686
other	1.253756592245783	-0.8994621370884905	11.76470588235294
other	1.253324280888339	-0.3381416429153378	6.391632771644393
other	1.2521870235968011	-0.6128243686748371	9.761811792268643
other	1.2517832708590848	-0.604708848894034	14.414414414414416
other	1.2512251035441606	-1.0578140845642765	10.126582278481012
other	1.251132316777502	0.5098472969898651	9.18105031215571
other	1.250543461650597	0.0606526465078059	8.877284595300262
other	1.2495421695056803	-1.5321712072055258	9.226348029947818
other	1.2493594689367171	-0.3210400092693594	7.343299239444008
other	1.24925902718913	-0.3682187216711897	9.24214417744917
other	1.24909521487592	-1.0813400686768828	9.96151233869142
other	1.2479275134435854	-0.2682986025245953	8.804108584005869
other	1.2479275134435854	-1.1880245493455202	8.374490015031137
other	1.245537757984309	-0.933009582189747	11.403230915426038
other	1.2446850959549018	-1.014021904121462	14.603174603174605
other	1.2439255828860891	-0.7303018638851952	10.23225596881598
other	1.2438435859528842	-1.4850400126590149	9.217877094972067
other	1.2435933177899892	-0.9979513304901574	9.943795936013837
other	1.242666608139832	-0.7640584676048761	8.9171974522293
other	1.2426202295641493	-1.274694423006371	15.440877691995125
other	1.2426202295641493	-1.0522556585060476	9.177679882525698
other	1.242547239158255	-1.495070133652115	12.094823415578132
other	1.2420102888233198	-0.5963888860494188	6.462035541195477
other	1.2415265882931632	-1.01117958335478	8.979206049149338
other	1.2410080995037949	-0.6629650127224294	9.4921689606075
other	1.240716026410199	-0.7441588248988137	13.872832369942197
other	1.240463994258466	0.1176881294845303	5.626406601650412
other	1.2399507927207527	-0.8960218994406266	14.010507880910684
other	1.2398270146724688	-1.3388390927681888	7.074746231928637
other	1.239575433009805	-1.4080356565256908	9.721048182586644
other	1.2394287944299471	-0.4800966132093716	7.922310247891643
other	1.2390071351873442	-0.4181037732542449	9.179364787956672
other	1.2387868595871163	-0.90784379953573	11.25703564727955
other	1.2387868595871163	-0.4525122046975065	11.648745519713264
other	1.2387868595871163	-0.271510187901139	6.644518272425249
other	1.2386377515263267	-1.0463665911774056	9.80898296334538
other	1.2383222303008536	-1.1733534608525924	7.520053475935828
other	1.2383119764225623	-0.8252041096399219	9.407985314364389
other	1.237381595555901	-1.1296362541575202	10.382868267358855
other	1.2373754506623271	-0.5568448814818868	11.801242236024846
other	1.2368465939975943	-0.8082773784296049	10.6280193236715
other	1.2368339337249337	-0.5586034461433744	6.541291905151268
other	1.2366062805561486	0.0494671541924511	8.51393188854489
other	1.2364401958220808	-0.7425279922552285	13.677811550151976
other	1.235888263820671	-0.3386784349251349	8.520399803375389
other	1.2355637325377806	-1.575484256919229	13.27433628318584
other	1.2352894153508895	-0.9531919148525502	13.571428571428571
other	1.2349376746555614	-0.5983208835761751	8.270158511371468
other	1.23427541285237	-1.1258046604333525	11.190508291762168
other	1.2341021135484616	-0.625297806141854	13.6986301369863
other	1.23395717296937	-0.9618090353781484	9.092877246157178
other	1.2336904442516494	-0.5882162462919958	12.305374183827222
other	1.2336723462024508	-0.8004972512314481	11.510387422796182
other	1.2334901302197785	0.0572684061579563	15.122873345935728
other	1.232660756790275	-0.1317898725555412	11.276127612761275
other	1.232597203342504	-0.8620054569385364	10.52440573398657
other	1.2318407589553229	-1.37093316627658	10.851419031719532
other	1.2317302859157842	-0.5703963875864918	15.053763440860216
other	1.2315234330885765	-0.3730707866769517	7.751937984496124
other	1.2313255461064558	-0.7080666454104753	10.74523396880416
other	1.2302976194217945	-1.0588936890535685	6.722689075630252
other	1.2297870815075702	-0.3896274438834647	12.72264631043257
other	1.2294818461227672	-0.5780761151359162	9.544008483563095
other	1.2294818461227672	-0.6951454184715791	2.999625046869141
other	1.2294818461227672	-1.0960268877737758	9.7757331799885
other	1.229025513668895	-1.1631977746680773	14.75568456700532
other	1.2289725697601608	-1.139557600225519	14.880391787530607
other	1.2288998524908328	-1.1929165615178792	6.832601268911665
other	1.2288619166660055	-1.2089456382175914	8.269653511985762
other	1.2288186904958809	0.3601112887752502	9.108653220559532
other	1.2286887706397989	-1.5741349111188818	10.792705619650167
other	1.2282689876731172	-1.157446428359452	12.417638114546376
other	1.2280279560058809	-0.4928499900837241	8.393519422213547
other	1.2276673633771222	-0.4758758214954104	18.09954751131222
other	1.227068908545921	0.1255308820838588	17.077798861480076
other	1.226914980027142	-1.2094776896646078	11.918225315354505
other	1.226865897915756	-0.2898792433970661	8.101851851851851
other	1.2267708618470223	0.1937992191445159	8.340649692712907
other	1.2267708618470223	-1.0553358696403794	8.752735229759299
other	1.2266095977999567	-0.480496560678382	8.409014463504878
other	1.2261348230222646	-0.6376161108511944	6.575342465753425
other	1.2258941100480003	-0.0542735452962009	12.283236994219656
other	1.2253849447924972	-1.18910299343241	9.433962264150942
other	1.225312857639161	-0.7071052611374342	13.888888888888888
other	1.2250292328123082	-1.0502665702584566	8.17673217615837
other	1.2250210798970624	-1.1160171217329409	8.822103732428502
other	1.224873410840203	-0.5279967508554306	9.783368273934313
other	1.2240807714892177	-1.2181801700495334	7.817451933234736
other	1.223751531225837	-0.253554283611177	2.538071065989848
other	1.2235750552586355	-1.238062579772945	10.121055765032745
other	1.2227169506463056	-0.7156891003890107	6.493506493506494
other	1.222392421336448	0.1607824063189771	10.156580617858657
other	1.222392421336448	0.104068616381348	15.432098765432098
other	1.222392421336448	0.0028483623090303	9.601706970128022
other	1.222392421336448	-0.4098757941630649	11.48137776533184
other	1.222392421336448	-0.2317635483174953	6.967363403006967
other	1.222392421336448	-1.6076825772212398	6.785575804575417
other	1.222392421336448	-0.7569144266322285	5.164319248826291
other	1.222392421336448	-0.8845663376102086	9.017560512577123
other	1.222392421336448	-0.8977022764556275	17.43796109993293
other	1.222392421336448	-0.441895406415862	10.309278350515465
other	1.222392421336448	-0.7865963618908066	8.115269956939382
other	1.2217710387314338	-0.0308767713429257	7.146260123868509
other	1.221017116140886	-0.4022147629560297	14.0405616224649
other	1.2208677765014049	-0.1334849911704613	7.1229482812016105
other	1.220438873250693	-1.52303055550079	15.691868758915836
other	1.2201553375560743	0.1555651779795015	6.607929515418502
other	1.219313028404476	-0.6087547582703539	7.117437722419928
other	1.2191685204621616	0.1671284024742569	11.926735766008802
other	1.21885614738724	-1.5564890495118608	10.324801032480105
other	1.2184235191335024	-1.6095631271823476	13.209246472530772
other	1.217977130848454	-0.6882312935128676	8.799497171590195
other	1.217830535983191	0.5133514289914246	4.081632653061225
other	1.217453371524898	-0.8114114481463867	9.686346863468636
other	1.2172564421105383	0.2051646855999358	12.298232129131437
other	1.2172403935743017	-1.4021252049963435	10.741582317702951
other	1.2170753574277429	-0.6660811076955494	13.88050694025347
other	1.216811389073148	0.0614498970986263	21.462105969148222
other	1.2160786474042458	-0.9651947679790468	6.711409395973154
other	1.2160709589947971	-1.021830777931774	8.872651356993737
other	1.2159830224868389	-1.877267525341396	12.440191387559809
other	1.2157286910554372	-0.9633290493062646	11.45374449339207
other	1.2155630829463315	-1.0274392095406757	13.89854065323141
other	1.215349144332328	-0.859980767278332	9.98463901689708
other	1.2150128909708504	-0.6012330191652216	7.718373493975903
other	1.2150128909708504	-0.749447017149591	13.547840812870447
other	1.2141248053528473	-1.083620774955945	14.219015280135824
other	1.2140410519035256	-1.4532426638114198	13.173099144904093
other	1.213920905268996	-0.9789986990707656	4.617321953267105
other	1.213603628180565	-1.1583664326267566	11.146496815286625
other	1.213173891307069	-0.7278819593580632	9.703504043126683
other	1.212303603712864	-0.8259706002249511	13.147410358565738
other	1.211504105193712	-0.1720102321383967	2.3809523809523814
other	1.2113449288222933	-0.5473640552880892	4.016064257028112
other	1.2113125334274608	-0.4013742269061191	13.32794830371567
other	1.2113089222074318	-1.1261781512231015	9.536423841059603
other	1.2111476641688252	-1.8357986279657963	9.608091024020228
other	1.211106613789933	-0.509743928373504	9.692513368983958
other	1.2109605466161462	-1.2136508259448682	28.58361774744027
other	1.2108646329472932	-0.694176369945793	13.03780964797914
other	1.2107670962168209	-0.7675240828913659	13.61573373676248
other	1.210145361025168	-0.3924536800586855	11.059907834101384
other	1.2100086968806154	-0.6847356353936485	16.417365924844948
other	1.2098471680173344	-2.161246423498113	10.294117647058824
other	1.2094533656289497	0.1154772174199358	10.644589000591369
other	1.2094533656289497	-0.0471184247559089	8.98876404494382
other	1.2081081953302002	-0.4184471546034141	9.813232035454256
other	1.2075132449976775	-1.982942613256055	17.53507014028056
other	1.2067532975588575	-1.0580547399959954	9.130434782608695
other	1.2064508774674263	-1.5929690577144198	9.831200148395476
other	1.2064508774674263	-0.3509071618591282	4.514672686230248
other	1.2059746619024854	-0.3166314553022885	5.4548653879992965
other	1.205904298547879	-0.310466235830631	13.685239491691105
other	1.2054865676879636	-1.1415632518125955	8.170515097690942
other	1.2054691182999795	-0.0262604342053319	7.725321888412017
other	1.2050288023982283	-0.2402114917737546	8.353808353808352
other	1.2047445555170233	-0.0098126560054967	7.436787307882994
other	1.2046177196084715	-0.9016258999009504	6.606606606606606
other	1.2046177196084715	-0.0689268482199055	8.728179551122194
other	1.2045743765599672	-0.4091663615690167	8.389261744966444
other	1.2040122659907633	-1.1736138811054722	12.135126270908495
other	1.2035333940851325	-1.4212964897505262	7.736156351791531
other	1.2035333940851325	-1.7333568042345116	14.879107253564786
other	1.203270934782224	0.2255810926848831	7.149666348903718
other	1.2032413209915362	-1.4503470910956444	11.591148577449948
other	1.203181817370613	0.0904222167308832	8.9736399326977
other	1.2021437374926425	-0.8311005706847591	7.827324478178369
other	1.202072436956852	-1.0315345347101317	13.574660633484164
other	1.201741819043079	-1.0201063754250668	13.493253373313344
other	1.2016338611696504	-0.987413539838702	11.150047785919083
other	1.2016338611696504	-0.4288907863383459	12.618296529968454
other	1.2016338611696504	-1.383547213151028	10.311936065996392
other	1.2016338611696504	-2.604071323668861	14.136447449293176
other	1.2016338611696504	-1.7492439239446431	13.26530612244898
other	1.2016338611696504	-0.1216785565882522	13.419309864064134
other	1.200196675222252	0.0761540876089043	5.005889281507656
other	1.1999801618068655	-1.0544886289653022	17.594254937163374
other	1.199731823925276	-0.9489264329420144	11.68309602044542
other	1.1985943442735825	-0.6909682388508156	6.541429050654143
other	1.19854567938208	-0.6862516983367495	10.70399341292713
other	1.1985252733673146	-1.4204341122186612	10.640039286298904
other	1.198413558402008	-1.2844330254337186	9.894459102902376
other	1.1981663056565592	-0.1607259175894446	9.609012591119946
other	1.197939377611909	-0.946037171792768	9.859154929577466
other	1.197939377611909	-0.7437665165688662	10.638297872340424
other	1.1979062795461128	-1.0557666116264786	9.445241511238642
other	1.1978537450230196	-1.442922098655706	9.480170643071574
other	1.1973014403736175	-0.3471653863863851	8.16326530612245
other	1.197191867211305	-0.8922001135537764	8.12407680945347
other	1.1969617579255143	-1.1248165319004184	12.62039189637994
other	1.1962779768812166	-1.432619930876599	16.483516483516485
other	1.1961425221786228	-1.7913751786652343	9.79557069846678
other	1.1950159824051427	-0.577738648362073	7.476491444427316
other	1.1949116849143409	-1.4232232720601228	13.109978150036415
other	1.194878928774594	-1.3171629600978505	8.7137715476416
other	1.1948549763181624	-0.7779718426004778	10.228933268387726
other	1.1946474308535435	1.0064262691594328	14.772727272727272
other	1.1943780451668513	-0.8671355529642086	7.552083333333333
other	1.1939822687331758	-1.393877492415792	7.911979231054519
other	1.1930827224295648	-0.5270690617509087	23.5934664246824
other	1.192691175590408	-1.8575191816995715	14.86793772957845
other	1.1926450779423958	0.1571382319296098	8.179078777442962
other	1.191531457631687	-1.1795895713928948	6.269592476489028
other	1.1912986522348794	-1.005893858550702	16.599885518030913
other	1.1910678447680414	-0.0332877010993005	10.752688172043012
other	1.1901028833799427	0.368129604726609	9.067048437127175
other	1.1898997012035786	-0.7403659025538515	7.7894171367177
other	1.1898245588800171	-0.9994502971772362	7.834101382488479
other	1.1896612195035745	-0.4515633753039577	16.320474777448073
other	1.1894211770681096	-0.9758461382912228	10.920897284533648
other	1.189096010861325	-1.7920689238370926	9.098603470165044
other	1.189033824390017	-1.077565556780654	3.977724741447892
other	1.1887880710394714	-1.6102199219707969	13.218770654329148
other	1.1883449405087705	-0.7330032164340591	12.95045045045045
other	1.1881089457360872	-0.24389349054737	8.097165991902834
other	1.1876270031757712	-0.1143120757025859	5.631159080244017
other	1.1873236291780411	-0.7865812262020045	16.035634743875278
other	1.1868347799523948	-1.16816681161726	12.207239176721078
other	1.1864131242308813	-1.1961391047357448	14.411027568922306
other	1.1861656424495233	-1.048174373052215	13.417521704814522
other	1.185866545311334	-0.5273892283225747	8.322663252240718
other	1.185773830100294	-1.1337187838656084	13.491882003201464
other	1.1852148724669076	-0.5278269889596262	10.528834649437664
other	1.1851114052569884	-1.9722957535655168	10.821133036282625
other	1.1847913113946806	-1.4146508293563973	15.044939429464634
other	1.1846670205188716	-0.488075566870664	13.08139534883721
other	1.184646507149078	-0.6570798881899582	8.196721311475411
other	1.1844245711374275	0.4457171173682705	6.6694456023343065
other	1.1844245711374275	-1.0901620050231051	6.989951944080384
other	1.1844245711374275	-1.289892312970812	7.984420642648491
other	1.183599938339389	-0.2016540106824391	19.89225031081641
other	1.1834461410959314	-0.5575659370115995	19.62158374211633
other	1.1827262836654018	-0.7158574784385802	8.679142934635205
other	1.1824361929823537	-1.4888310574794006	11.444684027201856
other	1.1823031337209369	-0.6146358823391852	9.421265141318978
other	1.1822907628681203	-1.2067611207689526	17.611447440836542
other	1.1819978337428874	-0.4863711023479834	8.737316798196167
other	1.1814943901544492	-0.5346629492902633	9.017132551848512
other	1.1814206402801417	-0.6396600880726702	9.162848812994586
other	1.1813894472110735	0.0016097010674994	9.105960264900665
other	1.1813297647145615	-0.2393018229032478	10.624169986719789
other	1.1813078766805634	-0.3621002235881981	6.52962515114873
other	1.181169758609935	-0.4118449884808595	8.828250401284109
other	1.1810803263094736	-0.7085597955598321	8.067473414008068
other	1.1809632728947606	-0.759405372425484	11.092150170648464
other	1.1808961192633156	-0.6676646820494722	16.643550624133148
other	1.1807803774041064	-1.5675683631244717	12.52629565882578
other	1.1805722456418208	-0.8609059600380291	11.57830591102986
other	1.1805722456418208	-0.7258250365610058	18.401015228426395
other	1.1805722456418208	-0.2563397532597857	5.167958656330749
other	1.1805722456418208	-0.1003097615236295	12.399463806970507
other	1.1805722456418208	-0.8586441507544584	10.037641154328732
other	1.1805722456418208	-1.427944983058232	7.723304231027535
other	1.180296685514751	-0.9699775169005488	13.465346534653465
other	1.1797676192735636	-0.7100384635464668	12.673003168250792
other	1.179323699444562	0.9116506154207904	12.640449438202246
other	1.1788739581697951	-0.8453314120873425	14.678030303030305
other	1.1785131206943935	-1.334126020727311	14.285714285714285
other	1.1783372412585125	-1.0417717379152107	8.61656294877932
other	1.1783372412585125	-1.708187585663289	13.95901395901396
other	1.177567222092847	-2.0786826374133547	11.475409836065571
other	1.1775381855521876	-1.063474651671868	13.235294117647058
other	1.1773045318079098	-0.6016798956660898	21.721107610678164
other	1.1758989024869453	-0.7229343559281787	8.364312267657992
other	1.1750867065580914	-1.2754082498656925	5.888650963597431
other	1.1744977312321363	-1.0195475408496035	9.946949602122016
other	1.1744451021380715	-1.4169167929662632	11.657699205739174
other	1.1742509268451022	-1.095291151951861	21.423635107118177
other	1.174217827260576	-1.1928250632378286	8.169149447381066
other	1.1736480874850297	-0.1646978316083305	9.510869565217392
other	1.1733316028855618	-0.2720651506587207	10.367298578199051
other	1.1724671960047657	-0.3024907688231701	7.317542846139034
other	1.1722689419106114	-1.4874485886234614	7.379248658318425
other	1.171223440051144	-1.2012483042449458	15.577275503970675
other	1.1707468157857477	-1.1315365034779472	8.311688311688311
other	1.170684514511125	-0.34508990902711	7.630600665231853
other	1.1704436766378643	-1.224344998847824	9.721535673092768
other	1.1703665301499326	-0.9824416286156952	17.31843575418994
other	1.1699250014423124	1.5298831330000031	7.424328954882925
other	1.1699250014423124	-1.2466768495904872	11.61003926925047
other	1.1699250014423124	-0.6109577092541006	7.911839502684374
other	1.1699250014423124	-0.6121059114355559	9.49367088607595
other	1.1699250014423124	-0.0895451534341464	8.955223880597016
other	1.1699250014423124	-1.2987206465638474	9.562563580874873
other	1.1699250014423124	-0.0943659582101604	7.383966244725738
other	1.1699250014423124	-0.6520766965796931	9.026687598116167
other	1.169270569568587	-0.5040688710752416	13.647642679900745
other	1.168894872843823	-0.7003473977293693	8.572128337007102
other	1.1688904405941856	-0.8012197531531445	9.203681472589036
other	1.1686211648954672	-0.3271226353188011	13.181818181818182
other	1.1675999484960686	-1.02097713376632	10.3454646222058
other	1.1674050094637969	-1.0229620327805262	15.299877600979192
other	1.1671489854984598	-0.739686740339932	9.935419771485344
other	1.16635838642212	-0.4770032525852364	11.184093733357004
other	1.1662835985710425	-0.9148747931951964	13.164080865068172
other	1.1660099514389293	-0.1545099490556246	14.101778050275904
other	1.1660099514389293	-0.1155570400932195	8.659981768459435
other	1.1654653532516124	-0.3583317034399775	7.667405009371272
other	1.1648540118948902	-1.1555870016794385	18.11248808388942
other	1.1648271338026337	-0.8106817118933616	9.66183574879227
other	1.1643868179008825	-1.2288186904958809	12.322274881516588
other	1.1634987322828796	0.5976575735695235	7.961165048543689
other	1.1633143740894285	-1.0240332747711938	11.280039234919078
other	1.1628647199497184	-1.3338490896415691	11.608623548922056
other	1.1624148593350332	-0.4350456402443078	9.728718428437793
other	1.1622714288988771	-1.7908075237136305	9.732360097323602
other	1.1622714288988771	-0.4260364982281009	7.575757575757576
other	1.1622714288988771	-0.1385120488108508	7.042253521126761
other	1.1622714288988771	-0.7089076300684257	10.20408163265306
other	1.1620198033569662	-1.2057350773828397	11.624610150269351
other	1.1613338528847976	-1.3438706477680396	6.899655017249137
other	1.1612946962988724	-0.8430011813519928	13.116057233704293
other	1.1610249421190793	-0.1819643242380839	8.601177003168853
other	1.160464672193246	0.6374299206152916	7.451564828614009
other	1.160464672193246	-0.150839160311414	7.258514796203238
other	1.160464672193246	-2.439856080300536	9.46431951542684
other	1.160464672193246	-0.475249656544684	18.147086914995224
other	1.1602571946577065	-1.0668162959165413	13.282732447817835
other	1.1601344982495028	-0.7177950253092346	11.317195850361522
other	1.159555447316149	-0.9492642384608324	6.458557588805167
other	1.15926651994359	-0.1174837099911126	11.235955056179774
other	1.159198594849254	-0.6514676539203434	9.655172413793103
other	1.1590664859676187	-0.0042211713051013	8.474576271186441
other	1.1589895237611567	-0.4864467600800876	10.132501948558067
other	1.1577394629941944	-0.6149183812459318	7.522697795071336
other	1.15754127698648	0.0837973708757923	9.757155247181268
other	1.15754127698648	-0.8850858679327316	17.391304347826086
other	1.1573862901419532	-1.0623397176002138	15.690376569037657
other	1.1573049245873783	-0.5278026295874538	9.004502251125562
other	1.1572716143612296	-0.8026842717532455	9.21489126428308
other	1.1571463967210096	-0.6235354789569107	9.401847949424544
other	1.1571009610847287	-0.0952294562658509	9.280742459396752
other	1.1567796253853904	-1.33097259374807	11.253787332275284
other	1.156725503687453	-1.2569726530465923	6.84655658477648
other	1.1561908904084834	-0.5070290104608468	9.803921568627452
other	1.156119201917282	-1.3116597594335353	12.103746397694524
other	1.156080425525593	-1.0412763368639852	8.103317295517853
other	1.155794672607424	-0.4480824327734707	14.147431124348472
other	1.155794672607424	-1.1038811438268783	10.821643286573146
other	1.1555925267116924	-1.0679275411805584	8.497981729339282
other	1.1552782254779108	0.0582332655854603	6.148686416992733
other	1.155097583764673	-0.4684938890286999	8.144269924374637
other	1.153246260295682	-0.1556180429428877	11.339092872570196
other	1.1523768002314652	-1.0911821898903342	12.096774193548386
other	1.15200309344505	-0.5857256295624826	9.060022650056624
other	1.15200309344505	-2.45333141910088	9.720915647538414
other	1.15200309344505	-0.8413022539809418	14.492753623188406
other	1.15200309344505	-1.1816768280714702	7.299270072992701
other	1.15200309344505	-0.150198596598302	8.8999644001424
other	1.15200309344505	-1.8831602750098275	9.535320977706151
other	1.1517951973367735	-0.4318561530222008	14.869888475836431
other	1.1514706354058306	-1.1730451763683327	17.507723995880536
other	1.1509418980747397	-1.1038615989537042	8.58000858000858
other	1.1508929009771145	-0.905867213920634	12.88404360753221
other	1.1504168425530985	-1.5161236243931584	13.26595072646873
other	1.1502426355806128	-0.0388695692343754	7.021063189568706
other	1.1502002073251758	-1.3120884839230298	14.705882352941176
other	1.150192936318128	-1.2069945627852554	4.189944134078212
other	1.1501304581653378	-0.5192552486573994	17.10654936461388
other	1.1501120969593135	-1.455111546278329	14.058265582655826
other	1.149747119504682	0.5699342914888244	8.075699486091851
other	1.149747119504682	-1.2742326124386578	11.309264897781643
other	1.149612546020056	-1.3918711134044697	12.792757331234007
other	1.1483918398926711	-0.3030726696864805	11.066398390342052
other	1.1473681436594907	-1.2024925187246378	12.199497667743094
other	1.1473417160751869	-0.8057656706663292	10.03584229390681
other	1.1468413883292712	0.1803667481639592	7.633587786259541
other	1.1468413883292712	0.15200309344505	6.717850287907869
other	1.1468413883292712	-0.9046930399042724	19.374640322271247
other	1.1468413883292712	-1.2202369684861365	8.776091081593927
other	1.1468413883292712	-2.0422478655402294	17.90450928381963
other	1.1454304395215638	0.2295879227406519	14.871563767462822
other	1.1454304395215638	-0.2765675614874866	6.895110739657334
other	1.1447050114530353	-0.6600805398878605	11.11934766493699
other	1.1446235630794526	-1.4482168311413706	25.108643167551907
other	1.1445396830223988	-0.5021474307816091	9.080590238365494
other	1.144389909335175	0.929610672108602	7.926829268292683
other	1.144389909335175	0.2102177073903455	7.922218221101909
other	1.144389909335175	-0.6902711147576359	8.91566265060241
other	1.1441409756720795	-1.2351577785790164	10.287654814222932
other	1.1439297929093677	-0.8411413937990005	11.549183592194344
other	1.1437727135863438	-0.7017752617168812	14.044943820224718
other	1.143630349222394	-0.9479543695228329	9.176942930886147
other	1.1433264650479082	-0.9166573285703808	10.276172125883107
other	1.143034629723164	-0.5105841020588029	5.994005994005994
other	1.1427845634156713	-0.3465983969972473	7.6767676767676765
other	1.1427520339945758	-1.322145409340681	12.395413696932136
other	1.1422785835532294	-1.348005534036242	14.905597880092747
other	1.142019004872428	-0.7243655573865726	10.786802030456853
other	1.142019004872428	-0.0139391909578737	10.508474576271189
other	1.142019004872428	-0.0368202735449374	10.498687664041997
other	1.142019004872428	-1.183633836647427	13.826269912834384
other	1.1413558492455416	-1.5739789473046173	14.00523560209424
other	1.1412194177318091	-0.3226908202769961	12.647374062165058
other	1.1404812235498305	0.0010835111593702	6.944444444444444
other	1.1404812235498305	-1.8229517771086228	17.271157167530223
other	1.139930261144475	-0.9388713065631228	9.395973154362416
other	1.1396345360146316	0.0588162268376039	5.649717514124294
other	1.1394744189210582	-1.4759167945371643	11.209964412811388
other	1.139235797371172	-0.7482784172037549	28.21718683197948
other	1.1385608305329773	-0.3971067016584017	10.548523206751057
other	1.1384301101921197	-0.804596212078372	6.839348079161816
other	1.1382161417149743	-0.8543402983287881	14.038876889848812
other	1.1375035237499351	1.0524674198941355	11.029411764705882
other	1.1375035237499351	0.0073494557355449	5.056890012642225
other	1.1375035237499351	-0.5260688116675877	9.153318077803204
other	1.1375035237499351	-1.4398206002087317	8.403361344537815
other	1.1372260201346358	-0.4883161204452917	9.339153385443105
other	1.1368255655415525	-1.1112520163512674	10.10419955794127
other	1.1367363367917394	-1.408182754691744	9.871244635193134
other	1.1367301680407762	-1.093795570034271	6.866245536940401
other	1.1365095898209283	-1.3242881571974794	12.995896032831736
other	1.1348312469203483	-1.063190068414125	10.583376355188436
other	1.1346495266947818	-1.3142240867011006	16.203703703703702
other	1.1344694636603017	-0.528219634786659	9.235031553024474
other	1.1341334684818127	-1.057750045995988	11.64526724395342
other	1.1332665308634642	-0.4570450258004194	9.789380005932957
other	1.1332665308634642	-0.3539604858366821	7.380073800738007
other	1.1332665308634642	-1.1040108847109715	10.677344010677343
other	1.1330337856356665	-1.1827929399797796	17.12614870509607
other	1.1328942704973457	-0.6880474838919687	10.931806350858928
other	1.1326377685781188	-1.0019358540856824	12.243285939968406
other	1.1322073730843345	-0.7935491225325735	6.657156443176415
other	1.131911675505581	-0.9608955215343168	16.728325558951262
other	1.13100601215001	-1.610743780189776	12.8334172118772
other	1.1308474794596215	-0.7018205078852466	12.271869100062933
other	1.1306780485194716	-1.1342388898416549	12.071463061323032
other	1.1301723799902208	-0.2878305453067709	8.146136756356455
other	1.1300806001446164	-1.0178263457835666	12.314007183170856
other	1.1300605405643729	-1.484891977130966	11.640596580574757
other	1.1300605405643729	-0.8622222852636372	12.041884816753926
other	1.1296352804165957	-1.1480189034464665	9.95732574679943
other	1.1292830169449664	-1.529208519198155	5.7160048134777375
other	1.1292830169449664	-1.0510539503003271	11.910549343704425
other	1.1292830169449664	-0.2895066171949848	10.935601458080194
other	1.1288134660731604	-1.6262368123961557	8.214285714285714
other	1.12880601411672	-1.4047960194023277	19.15244909190974
other	1.1286896562855533	-0.6281860763716721	15.735641227380016
other	1.1283240969755393	-0.799048102937063	14.19782300047326
other	1.1283240969755393	-0.5146206603642302	15.003750937734432
other	1.127900229045848	-1.355922138268144	9.476309226932669
other	1.127755547198373	-0.6092848974986736	12.957450534057084
other	1.127755547198373	-0.9073120049998278	11.011264396911782
other	1.127755547198373	-0.4923432254462926	14.273819436184132
other	1.1273793064762274	-1.8761967192732312	11.419249592169658
other	1.1271119179033393	-1.6476276405416383	9.006785934608267
other	1.1270820004365771	-0.1651387316504093	11.01101101101101
other	1.12700527673532	-1.4057380252989795	14.74758933635848
other	1.1265324059289317	-0.1630429006719918	9.83284169124877
other	1.1261585501559257	-0.6252093719048927	13.10615989515072
other	1.1260078849121054	-0.4985967763369753	10.422380691168405
other	1.1255308820838588	-0.6262244659074111	9.750390015600624
other	1.1255308820838588	-0.4771592111866411	8.6687306501548
other	1.1255308820838588	-1.1292830169449664	9.8119378577269
other	1.1252439213587182	-0.0587616237878639	8.795522279566766
other	1.1251064976004663	-0.1390459511723757	6.748466257668712
other	1.1243992931092417	-1.816540002075576	13.142030383409692
other	1.1235746851185324	-1.0910955370837865	10.211524434719184
other	1.123382415505282	-1.1683211157397226	18.001800180018
other	1.123382415505282	-0.9993392740709388	12.408347433728144
other	1.1226192866639555	-1.6748407838496246	11.845534233593936
other	1.122255750050998	-1.3507360577516394	8.513225904530252
other	1.1219905243786104	-0.1432570509802323	12.359550561797754
other	1.1215811040024284	-0.829794507660327	8.244994110718492
other	1.1209410371541852	-0.4905656837512721	13.068898314799954
other	1.12075215946061	-0.1781455082472809	9.24898261191269
other	1.1206022495978034	-0.6813202284632768	5.862953462806889
other	1.1202942337177118	-0.3186267317971111	5.909090909090909
other	1.1197392442740954	-0.0324214776923775	9.674374705049551
other	1.1197392442740954	-0.1703314516607744	7.445589919816723
other	1.119492513752157	-0.5377478623003241	17.441860465116278
other	1.1190526716437632	-0.9014777396973372	11.728182131769575
other	1.118476879893756	-1.255668131464574	10.100009901970491
other	1.118181426348314	-2.7914133781885826	9.365994236311238
other	1.118181426348314	-0.6830079507443279	18.64801864801865
other	1.117740268928505	-0.3837420956391046	15.196616011279962
other	1.1176950426697545	-1.1586697917427595	7.8778926637124576
other	1.117436602538297	-0.61443361921232	9.013520280420632
other	1.117384643382219	-1.9945248699338487	12.19815782922579
other	1.117137587082877	-0.6971282346859762	13.430330162283155
other	1.1169177517791509	-1.259115937895273	6.9965017491254375
other	1.1164721795565364	-1.170621364314571	8.585630366018979
other	1.116231962423228	-0.7693300325510309	12.617516081147947
other	1.1162218342317631	-1.3838493950341837	9.023861171366594
other	1.115930111801583	-1.2628313666327142	14.64396851546769
other	1.1158272586786928	-0.0698684053217777	6.849315068493151
other	1.115477217419936	0.5849625007211562	7.329842931937173
other	1.115477217419936	-2.080919995383568	6.306306306306306
other	1.115477217419936	-0.219425854172882	7.17948717948718
other	1.115477217419936	-0.1183059426718646	11.828935395814376
other	1.115477217419936	-0.9052813427468616	12.771084337349397
other	1.1148557143556184	-1.5722981046467266	13.68666278392545
other	1.1141232097739606	-1.7578811738195417	8.310871518418688
other	1.1137004991647284	-0.6859617837180638	9.7110949259529
other	1.1133589442997451	-1.1680067546021462	19.799139167862265
other	1.1128940564059333	-0.343019508621158	7.979184735472679
other	1.1123912375461935	-0.5377370765330427	4.25531914893617
other	1.112228634554656	-1.056377923659015	8.743391622610817
other	1.1122095035860249	-0.8212605240828222	4.451864218141347
other	1.1115083152169902	-0.8277501428086746	13.850415512465371
other	1.1115083152169902	-1.2576662922100312	5.9880239520958085
other	1.1113048350060934	-1.0662208326749514	5.964214711729622
other	1.11120256231961	-0.7626942304061084	9.610520991401112
other	1.1108390940098185	-0.926465559074799	10.851419031719532
other	1.1108067858859343	-0.749929604556964	8.178438661710038
other	1.110599340048274	-0.8148649835795186	20.0
other	1.1098232779527513	-1.2106363049040914	12.372634643377
other	1.1091217223801124	-0.1850318938325205	6.632124352331607
other	1.108776345917332	-1.705085875171144	11.235955056179774
other	1.1079826808730118	-0.923682580028936	21.85163887291547
other	1.1079375793319115	-0.9098623365271284	9.852216748768472
other	1.1078907229481283	-1.399045557019375	13.096239336777606
other	1.1075531411548034	-0.8249472600315398	10.607521697203472
other	1.107528464304445	-1.1662282835229143	18.25842696629213
other	1.107124214426242	-1.6314254465267743	10.969876371234546
other	1.1069152039165118	-2.619946492481356	17.036450079239305
other	1.1067763163071735	-1.1217973008013191	11.60337552742616
other	1.106775336053945	-0.6880189989929844	9.858287122612449
other	1.1066516257590435	-1.4126602977506564	9.854198089492208
other	1.106632848491227	-0.3279344034870297	13.099219620958753
other	1.106539061288677	-1.410031320020258	10.072747621712368
other	1.1063893445919768	-0.4369612396608106	12.406459235919652
other	1.105891168590738	-1.105366564600794	14.602392681210414
other	1.1057423061485272	-0.0598649319246584	9.00900900900901
other	1.1055062033099368	-1.2679952135293806	12.355212355212355
other	1.1034295896554056	-0.9185657664926886	12.544802867383511
other	1.1028309460951553	-0.9271927234425414	11.136712749615976
other	1.1023963283279388	-0.6462131579523163	14.304635761589404
other	1.1020512714696973	-0.115167326957808	8.723747980613892
other	1.1017695243831125	-0.7801100777733372	10.344827586206897
other	1.101212251358298	-1.092780741155858	8.117510630073445
other	1.1009651460888583	-0.2524414131157741	9.109730848861282
other	1.1009289088507808	-2.307428525192248	14.75409836065574
other	1.0995356735509143	-0.6273649430829396	8.269018743109152
other	1.0995356735509143	-1.8443491295398056	10.059612518628912
other	1.0995356735509143	-1.0938911945560643	12.269938650306749
other	1.0995356735509143	-0.4344028241457749	8.31758034026465
other	1.0995356735509143	-0.8813555035013808	12.470308788598574
other	1.0995356735509143	-0.2994980187460623	9.252669039145909
other	1.0992643372625672	-0.5269166939269824	9.981740718198417
other	1.0991904899050784	-1.6257790372265128	8.322663252240718
other	1.0991657043115772	-1.2045253432774623	11.478191436271086
other	1.0989260411560882	-1.0555427707841418	10.20408163265306
other	1.0981051379444735	-1.0685221065368733	8.86041439476554
other	1.0979751595632974	-1.8599346213474608	11.047180667433832
other	1.097790125799085	-0.7693012196488661	5.815305885089556
other	1.097736801695797	-0.4771958981131366	6.578947368421052
other	1.097341877209711	-0.5418812509217262	7.371233760250622
other	1.0966760194116738	-1.1125393112685766	16.083916083916083
other	1.096215315259303	0.7053280949671531	4.168245547555892
other	1.0961200763387684	-1.4518666345322122	12.371134020618555
other	1.0958317047874957	-0.9343413983470044	7.148530579825258
other	1.0954626299595351	-1.5988147535285564	11.393229166666666
other	1.09515723304034	-0.3833286395515055	6.412997007268063
other	1.09515723304034	-2.024416924060285	7.57002271006813
other	1.09515723304034	-0.495297071194303	15.6062424969988
other	1.0949866916321518	-0.8334320353163248	21.601685985247627
other	1.0946869825048169	-0.786855425014353	10.219449225473324
other	1.094434801858049	-1.248863319682446	13.416815742397135
other	1.09412217736455	-0.3287585880566303	14.16256157635468
other	1.09412217736455	-0.9977618183521784	14.12758520244684
other	1.094043489915138	-1.434790960128405	10.16260162601626
other	1.0939761482090138	0.4783340293984308	10.554089709762533
other	1.0938363860349265	-0.3159547201095767	7.321274763135229
other	1.093396536453508	0.1195113995699607	9.666666666666668
other	1.0931094043914815	-0.420461171233866	8.479366873940078
other	1.0931094043914815	-0.786897340580811	11.320754716981131
other	1.092446248764595	-0.5979720676596199	8.455718736092567
other	1.092169843927867	-0.639463699967496	13.015184381778742
other	1.091922489441039	-1.6469728700865167	7.549759780370625
other	1.091922489441039	-0.4103338653022962	10.193413486670153
other	1.0916110738418228	-1.0127422104324488	6.786233640329617
other	1.0913403115384257	-0.46739290433998	8.412787436904095
other	1.0911478880581955	-1.0883912448147026	9.1441111923921
other	1.0911478880581955	-2.485426827170241	15.609756097560975
other	1.0909084961982105	-1.196699170827313	8.771929824561402
other	1.0908534304511135	-1.8146949314041223	11.354737666405638
other	1.0907654639231823	-1.2119723533955165	8.496312920807952
other	1.0907188569664874	-0.7137624573808642	7.184305056645482
other	1.0906025487809068	-0.8230757115231065	9.732360097323602
other	1.0901978089715785	-1.6377270771644143	10.294936004451865
other	1.0899737242097998	-0.7372274202693105	10.298444724674232
other	1.0897213837239583	-0.6152505350723647	17.521367521367523
other	1.0894981508391026	-1.4724058755773215	16.105417276720353
other	1.0889005045889308	0.1629547731728444	6.12088752869166
other	1.088437964667584	-0.5957597405063677	7.844946931241348
other	1.088343517871983	-1.214134592836642	10.933557611438182
other	1.0883314986017538	-0.795832311386574	12.316715542521996
other	1.0876755183408533	-1.17324306460624	9.47867298578199
other	1.0876693092350764	-1.2294773456856771	10.050251256281408
other	1.087462841250339	0.7506968980480851	10.472972972972974
other	1.087462841250339	-1.0520261155917432	6.871278057718736
other	1.087462841250339	-0.5510151687978185	13.215859030837004
other	1.0873438119164252	-1.000181030291016	17.10376282782212
other	1.0871219800459448	-1.1950988804229432	11.09936575052854
other	1.086908065223165	-1.4873941735810718	17.71793054571226
other	1.0867026611813475	-1.136406834194358	6.51392632524708
other	1.08668405848331	-0.7749116794989901	17.72324471710975
other	1.0865876849960907	-1.0874726318679775	10.518934081346424
other	1.086508993254675	-1.1646501516816083	12.511584800741428
other	1.086466324613114	-0.7841664134407326	7.954183900731785
other	1.0862998463942204	-1.0441220229738832	8.380643417139767
other	1.0857432510783314	-1.5879666705032058	19.15386234476952
other	1.0853914912306446	-0.503321219664211	17.30769230769231
other	1.084888897586513	-1.487743583019698	10.70840197693575
other	1.0846868253064867	-1.1434510251826937	9.328358208955224
other	1.0846207137320574	-0.2647241073240668	12.301868937780933
other	1.0844503217993116	-0.6322682154995126	12.175324675324676
other	1.0834160081876374	-1.7580547812421516	10.668855149774313
other	1.083141235300246	-1.2908891712451038	10.411105178857447
other	1.082740431007936	-0.3222322933578745	6.783842121492445
other	1.082462160191973	0.070389327891398	19.04761904761905
other	1.0823849425913503	-1.7877368157444722	13.094718463553033
other	1.0819111977866176	-0.6424236519619346	10.260014054813771
other	1.0818336718174557	-1.6083001374155728	19.8647506339814
other	1.0817940911636474	-1.6238914557018689	8.248968878890139
other	1.0817431494415364	-0.6931743635640863	8.274824473420262
other	1.0815298854965985	0.0233007547292506	9.30004894762604
other	1.081430658075298	-1.1546918735833045	9.78698906160046
other	1.0811367627254056	-0.0188086679396753	11.769032732622287
other	1.0811367627254056	-0.2210790893924157	17.65504753282028
other	1.0808496697582206	-2.0539689780732	18.897951064253032
other	1.0805614947479687	-2.019689116857659	13.492475350285416
other	1.080170348683983	-1.391000734688015	7.06401766004415
other	1.080170348683983	-0.7022776268930346	16.98754246885617
other	1.0799235442969497	-0.6252343334866031	8.383791336748951
other	1.079727192470734	0.0297473433940519	0.0
other	1.079727192470734	0.0061572549235575	10.594315245478036
other	1.079727192470734	-0.7683841231288161	12.658227848101266
other	1.079727192470734	-1.2288186904958809	7.332205301748448
other	1.079727192470734	-0.8824150535402744	10.969463385710052
other	1.079434467494405	-0.346605384217712	6.692160611854685
other	1.0792072678465567	-1.1876243273037896	11.038107752956636
other	1.078951341394822	-0.398466579564034	6.736526946107785
other	1.0786569438749989	-0.7551870961923488	9.382716049382717
other	1.078522495802501	-0.4917364935161927	11.95219123505976
other	1.078002512001273	-0.2944266794583693	12.056262558606832
other	1.078002512001273	-1.969845812786601	17.553483269336258
other	1.077802151603633	-1.263155852477457	7.179781734635268
other	1.0773779416460971	-0.9032399332244516	7.414634146341463
other	1.0771840544761229	-1.153029164310938	8.086934546373515
other	1.07716786052246	-0.4460643948994685	9.316770186335404
other	1.0771089256977662	-0.5761197141130546	11.225144323284155
other	1.0768155970508309	-0.851136614085517	11.602998928953944
other	1.0767149661408126	-0.949373926930032	6.465517241379311
other	1.0758917654054656	-0.774746781089952	10.190217391304348
other	1.0756642699320722	0.1036517820231461	10.845986984815616
other	1.0754522284294654	-0.0001096564467437	8.084074373484237
other	1.075327250707065	-0.6753153220180083	11.130899376669634
other	1.074293782347314	-1.148634777546575	14.299642508937277
other	1.0740005814437767	-1.570043080885417	12.842465753424657
other	1.0740005814437767	-1.3701676753204637	8.226691042047532
other	1.073508669735577	-1.4851206601622402	12.063991607658012
other	1.0730634621897237	-0.9429189047927324	6.902151847340642
other	1.0724517943482903	-1.1036218153518482	8.29245503387059
other	1.0721497857558353	-0.6694167357893098	11.731135066582118
other	1.072011244915388	-1.0982292038876094	7.66930976212141
other	1.0718659861993207	-1.2443016210434767	14.88095238095238
other	1.0718198634978386	-0.8725719349929089	10.284167794316645
other	1.0714143332921624	-0.6483416771940567	12.12471131639723
other	1.070389327891398	-0.0164881227885691	13.966480446927374
other	1.070389327891398	-1.538668848447221	19.2468619246862
other	1.0698214494975715	-0.6396096681421407	8.902077151335313
other	1.0697089718114046	0.0686277125378219	8.604206500956023
other	1.0692244549650611	-0.4704907199880195	8.586679043861684
other	1.0688950812110678	-0.9072257373687628	12.828487016016172
other	1.0688950812110678	-0.0950682574295383	11.627906976744184
other	1.0687127500840143	-1.224942046602275	12.35370611183355
other	1.067365619682545	-1.031081870145562	12.838801711840228
other	1.067114195858537	-0.5445142055630136	8.14761562425114
other	1.067114195858537	-1.584962500721156	10.107292800497593
other	1.067114195858537	-1.5034867987152327	10.8
other	1.0666443697427852	-1.4036436209266705	25.168815224063845
other	1.066495411786907	-1.5805823751482515	14.269186270728886
other	1.0664669087583694	-1.0799340156437482	13.942791433088976
other	1.066342494828696	-1.1706271734846063	10.04107713372889
other	1.065376008852024	0.1236951584096753	9.983361064891849
other	1.0649972548464357	-0.3913585028093334	8.451957295373665
other	1.0649554418407698	-0.5148112573912093	10.328638497652582
other	1.0641303374197155	0.7452332101498066	5.713159968479117
other	1.0641303374197155	-0.3234702596957676	12.582781456953644
other	1.0641303374197155	-0.0475534715630846	9.135896459840122
other	1.0641303374197155	-2.3769694584453243	17.338092809790925
other	1.0641303374197155	-0.5096593376722139	7.880910683012259
other	1.0641303374197155	-1.4663180042225372	6.823684789786484
other	1.0637255976103872	-0.965173521995948	25.279533300923674
other	1.0635251377852144	-0.6605983561894365	9.292929292929294
other	1.0631938264871938	-0.4502730376472175	6.069094304388422
other	1.0631938264871938	-0.54296062762592	10.885554574874964
other	1.0626119772996787	-0.0185558190282438	7.104795737122558
other	1.062541466068713	0.017686821462083	9.748542274052475
other	1.0619277491432018	-0.4810415774956021	13.245033112582782
other	1.061821585099319	-0.1326278848628612	11.26028583802512
other	1.0608822421470223	-0.6984309927472169	10.135135135135137
other	1.0607391578576786	-1.2402997327283147	16.591471401542716
other	1.0605415419350508	-0.1036587016063531	10.420058612829695
other	1.0604788673841636	-1.3990366317329173	11.754334410813987
other	1.0596278948516509	-1.215954376489356	13.875123885034688
other	1.0588936890535685	-1.46669456702014	12.249208025343188
other	1.0588936890535685	-1.6394102847435326	7.616629641383688
other	1.0588936890535685	-1.1075333693366198	8.474576271186441
other	1.058416686225322	-0.7444134306718955	16.84532924961715
other	1.0582986405646673	-0.8810351500190836	7.538511963290724
other	1.0582593979723955	-0.4647492178334687	8.130081300813009
other	1.0580321213714152	-0.8577153169947265	13.195876288659797
other	1.0578206543883424	-1.1006796846401048	8.47314014573801
other	1.0573331750659516	-1.4978489380201294	14.438063986874488
other	1.0573331750659516	-0.6106491443848057	22.80130293159609
other	1.056955884812076	-0.7026140893754292	10.317157050057318
other	1.0567225900119412	-0.9906488481788404	8.569739952718676
other	1.0565835283663676	-0.1673510577784858	13.477088948787063
other	1.0565835283663676	-0.2417731626178071	8.30066866497579
other	1.0561051018851502	-0.2081190311748739	10.334511830296435
other	1.0557248045267358	-1.2474357374759193	11.21562952243126
other	1.0552824355011896	-0.0179851411081352	14.823261117445838
other	1.0550908968761097	-1.737375789535526	16.56095842142354
other	1.0544477840223765	-0.1970246079170608	9.66183574879227
other	1.0544477840223765	-0.0719279975915886	5.30705079605762
other	1.0538320633690592	-0.9269364775451748	16.522423288749014
other	1.053771256440981	-0.1438752125616496	7.089056269384138
other	1.0537105867447676	-0.3677079554347587	7.728894173602853
other	1.052851882265735	-0.1798389727734085	10.309278350515465
other	1.0524674198941355	-0.776047064675935	12.349588347055098
other	1.0524674198941355	-0.7533600324168749	10.895712466393094
other	1.0519520796347217	-1.4429297735448603	8.939315798521575
other	1.0513468800002204	-1.4286554880621156	11.517077045274029
other	1.0512367663682716	-1.5098262600350398	13.27433628318584
other	1.0510741845942693	-0.8071752253467922	8.535954474909468
other	1.050675474512981	-1.5254358436304754	17.202692595362752
other	1.050626073069968	-0.4038664957557796	14.366565084893338
other	1.050185757168217	-0.6748502276256423	14.621178555604784
other	1.04967515902419	-1.2647985512106688	6.7739204064352245
other	1.0496542340026431	-2.035434115956907	10.118460019743337
other	1.0493277123635685	-1.0562072403953784	6.345848757271285
other	1.0490945495281698	-1.497988592623864	15.894039735099335
other	1.0489096004809466	-0.4799412880865119	16.152716593245227
other	1.0486347752508764	-0.2387827143941265	20.930232558139533
other	1.0485801804450616	0.207774847510763	10.559006211180124
other	1.0482715896465398	-1.0054600968357164	10.710259301014656
other	1.0479680331836028	-1.2437979826170522	11.00975149418056
other	1.0473057147783569	0.1275940721681518	6.779661016949152
other	1.0473057147783569	-0.2094533656289497	14.5985401459854
other	1.0470148195175892	-1.5034410808548144	9.711595055915245
other	1.0457664294460003	0.1250958235760711	8.941176470588236
other	1.0455146592523687	-0.703602991130118	9.455493968046952
other	1.045152036392375	-1.1516057635578525	10.814708002883922
other	1.0450878895285385	-0.63411039838534	10.141181149333864
other	1.0443941193584534	0.0093378645793362	7.404664938911514
other	1.0443941193584534	-0.0152667566533103	6.43915003219575
other	1.043068721891886	0.478507413230451	12.745098039215684
other	1.0427740236902916	-1.15134851920935	15.654952076677317
other	1.0426443374084935	-1.4697219264643668	14.903129657228018
other	1.042617244798266	-0.7868282318753768	14.70988831381095
other	1.0424920821140788	-0.3655643853406922	7.602153943617358
other	1.0424352663203968	-1.0132549367702366	8.60557768924303
other	1.042310804857964	-0.2132684552716605	10.53484602917342
other	1.0422657269770097	-0.6516293610668469	7.523939808481532
other	1.0422282353892975	-0.9157724736406092	8.932769158439116
other	1.0421223055100568	-1.5577962967028454	15.390584583548888
other	1.0418201756946268	-1.680435497960023	7.923560941505477
other	1.0418201756946268	-1.2895066171949847	16.55052264808362
other	1.041440801969106	-0.7395402991718427	11.190689346463742
other	1.041419927379981	-0.5835853354519875	10.155506188511582
other	1.0410272682600543	-0.6144361772058117	11.529331976941336
other	1.0409566742228578	-0.252990099930341	16.453382084095065
other	1.0408062163878855	-1.0608642126115224	12.355212355212355
other	1.040718461215055	-1.245842985974683	12.094823415578132
other	1.0406419844973458	-0.3967942501029499	12.537398489813365
other	1.040414268445908	-1.337706561968599	10.374639769452449
other	1.0402638702137272	0.0273373649212095	9.265536723163844
other	1.039966407317645	-0.2130368667735739	7.510109763142692
other	1.039649076653	-0.8700980988196624	15.435139573070607
other	1.0396152029046273	-0.751925389421427	9.444144630329196
other	1.0395283641866373	0.1926450779423961	7.9908675799086755
other	1.0395283641866373	-0.600840245225161	3.5087719298245617
other	1.0395283641866373	-1.192392836479932	6.832298136645963
other	1.0390998196889405	-1.0867727216290053	11.150532184490624
other	1.0390292974283697	-1.0704742616869944	9.30603562882212
other	1.038819248890528	-1.784477330978206	12.03451407811081
other	1.0384741478146355	-0.4413342429870713	11.102299762093576
other	1.0381963235609502	-1.149773946326427	9.89345509893455
other	1.038039361019174	-0.6929474184454559	9.26916221033868
other	1.0376290456210984	-1.824915298202716	18.104366347177848
other	1.03708931873522	-1.1415297622155416	14.50676982591876
other	1.037008586908606	-1.497253961207473	9.270455461507456
other	1.036525876025114	-2.088314886437411	13.589364844903988
other	1.0356239097307212	1.4474589769712212	10.43115438108484
other	1.0353330731122805	-0.9878252860538976	12.588652482269504
other	1.035164200566889	-0.997905113259976	9.376890502117362
other	1.0343061220373206	-0.7608868716624378	9.713024282560706
other	1.034215715337913	-0.442262177057144	14.66275659824047
other	1.034138602296414	-0.6286931283836439	11.015237745548008
other	1.0339473319233374	-0.434328837887604	7.1830106183635225
other	1.0327899351176697	-0.546437154225871	7.159904534606206
other	1.032780382901816	-0.5407648037908344	10.25723215001202
other	1.0326046654319276	-0.6640742892911514	11.575031004547334
other	1.0324214776923777	0.0622560562443281	7.657110841348399
other	1.0324214776923777	-0.7350956068131601	9.817671809256662
other	1.0320612092322985	-1.3186629958039284	13.754298218193185
other	1.031708859727338	-0.8998027237511232	7.9195857447456595
other	1.0315700790008695	-0.6015317809389866	15.675583574714604
other	1.0305164265230644	-0.6609273283793525	11.5695067264574
other	1.0303736490435187	-2.263034405833794	7.734581721962141
other	1.030183005496378	-1.0302730111138003	9.784735812133071
other	1.0297473433940518	-0.7723595007014002	9.113001215066827
other	1.0294939411414747	-0.6861721453734577	16.30901287553648
other	1.0289513736961289	-0.4513590130908688	8.937437934458789
other	1.028854862672185	-0.3248741370298733	9.03387703889586
other	1.0288449154865589	-1.0348123973716472	13.782542113323125
other	1.0285691521967708	1.7449034135908463	8.335728657660248
other	1.0285691521967708	-1.606047557602878	12.396694214876034
other	1.0280597832052725	-1.3776207812832824	12.875536480686696
other	1.0280143761695966	0.212338756672525	12.834821428571429
other	1.0279059965698845	-0.5923458641279539	8.71811430416532
other	1.027480736422107	-0.7711710537900651	11.784511784511784
other	1.027480736422107	-0.9503203974774838	9.039169735520588
other	1.0272858259211388	-1.017087389704423	12.348922753547033
other	1.0272827543934049	-1.1123850698826183	13.18771893674016
other	1.0270682431981708	-0.4745501511037601	10.856921287320668
other	1.0270682431981708	-1.2555337169511491	14.241210502892743
other	1.0270329586970162	-0.8194726489453452	10.819971320557944
other	1.02700069528702	-1.508714456304652	13.295346628679962
other	1.0269670476002697	-1.1776044995896098	8.21557673348669
other	1.0266898780847311	-0.9417573729706068	10.179640718562874
other	1.0264722113611913	-0.8300749985576876	11.005502751375689
other	1.02625806633469	-1.3050415529663864	12.476606363069246
other	1.0261522878559686	-0.4405725913859812	6.666666666666667
other	1.0259952085329445	-1.27454385424386	18.28571428571429
other	1.0255350921071376	-1.1683708323070157	12.264564169951818
other	1.0255350921071376	-0.3095847334408178	6.740407881092292
other	1.0252005541251423	-1.332623469190425	14.87652484379649
other	1.024662054234269	0.2534483570045956	13.068478829064295
other	1.024045473966651	-0.4368638617320224	5.583756345177664
other	1.0238467419543678	0.5227471042754583	8.937120970315991
other	1.023311558121807	-1.2982844529579611	21.73913043478261
other	1.0227767138557051	-0.4907840453849392	10.45104510451045
other	1.0224451465248086	-1.0325113923922022	14.444444444444445
other	1.0218467022982487	-0.6298727684252959	10.538922155688622
other	1.0213980369123754	-1.3566343902625009	12.316806984720923
other	1.0210616155278296	-1.3039223068330463	10.211524434719184
other	1.0210616155278296	-0.6647717694280602	9.659613615455385
other	1.0206397660590365	-1.4099849150926975	8.392511297611362
other	1.0206397660590365	-0.2073746637676659	17.89473684210526
other	1.019991475187466	-1.4181158813301364	9.54951214448827
other	1.0198995574377048	-0.3547306648268007	6.711409395973154
other	1.0198995574377048	-1.1332101363825884	8.883953359244865
other	1.0197971551208156	-1.6280948683737528	9.790681971640783
other	1.019773673310328	-1.080207211353052	11.156186612576064
other	1.0193653248669312	-1.573185332944803	17.341040462427745
other	1.0188590272513158	-1.047507945439701	11.908306043465316
other	1.018696093709905	-0.1698746084892284	8.157211716722284
other	1.0186696121036016	-0.5682328354683324	15.530126109294722
other	1.0186638442650358	-1.3986832261720226	14.85148514851485
other	1.0183785293148546	-1.131856960608793	9.264978381717109
other	1.0181473467102595	-0.8841049647708831	7.077326343381389
other	1.0179219079972623	-0.6472220982607897	7.834101382488479
other	1.0174874267288412	-0.8925328071567872	8.18192756587655
other	1.0174874267288412	-0.7025320971023321	9.70873786407767
other	1.0172092900322232	-0.7964544394354943	9.0702947845805
other	1.0171154211029392	-1.1323771426103086	7.117437722419928
other	1.0170735133589417	-0.8068815969087098	10.584677419354838
other	1.0168738185643962	0.4760281291679919	6.5359477124183005
other	1.016775712750827	-0.4923941769834032	7.809726659566915
other	1.0166787411466305	-1.129660216379001	12.474012474012476
other	1.0165090871654394	-1.9941284650295248	10.84949215143121
other	1.0163018123291006	-1.9669286033663167	12.606273819994136
other	1.0155010935401878	-1.105866240962549	11.052378664103797
other	1.0153752258869158	-0.6963717169242186	21.67832167832168
other	1.015159807171006	-0.976927573994956	9.246287475483328
other	1.0149159919929662	-0.4645762542568937	8.336807002917883
other	1.0145076701498632	-1.5321870276629417	8.61697544161999
other	1.0144995696951151	-0.5237138266862273	7.760850819200919
other	1.0144995696951151	-0.7994027986672111	9.893597162591002
other	1.0140360596868614	-0.9084009437175414	14.485755673587638
other	1.013546531837948	-0.4774986069143336	9.771986970684038
other	1.0132404992403263	-0.2072040429005623	6.928406466512702
other	1.0128240403575837	-1.2905744194813658	9.946442234123948
other	1.012174713946102	0.0861160602132638	10.841283607979184
other	1.011972641666076	-0.2335466238833899	9.198423127463863
other	1.0107264065930583	-1.050860765637225	12.82051282051282
other	1.0104166159453385	-0.004326852123417	8.182349503214494
other	1.0101242172737073	-0.2933074169475944	7.538280329799765
other	1.0101242172737073	-1.3375274697168815	10.48136645962733
other	1.0100918421763636	-1.3447708778204788	13.13755795981453
other	1.010039671976566	-1.295420513805165	14.806980433633
other	1.0098477859563473	-0.8696890563703722	8.711721224920803
other	1.009715154833212	-0.6615837823240687	12.79514575913468
other	1.0096825533973393	-0.1460912961902494	6.356413166855846
other	1.0092185300293786	-0.8060665889574655	15.10825600761361
other	1.0091406538564691	-1.7728069462015272	14.814814814814817
other	1.0084286220705807	-0.91657760488535	12.35277219189888
other	1.0083272672226111	-0.0376477875459951	4.95458298926507
other	1.008299323218487	-1.639009782426262	7.518796992481203
other	1.0080823462978583	0.0578440745722844	8.017817371937639
other	1.0078621177729703	-0.7138257352148504	8.860759493670887
other	1.007608722803451	-0.6317399175829463	10.547214294577492
other	1.0074558049190472	-0.915479870066483	5.228758169934641
other	1.0074558049190472	-1.0083343513535294	23.094688221709006
other	1.0073669694082128	-0.9920512468845092	10.968432316746924
other	1.0071079163327243	-0.9336502977246772	15.166835187057634
other	1.006986430316107	-0.4778246676132611	6.8807339449541285
other	1.0063977711981509	-0.2304449066756216	9.39745715865119
other	1.00553818354143	-1.6309462346426251	10.425870295105142
other	1.005433886050628	-1.0708715183006363	12.6977518734388
other	1.0036385770633482	-1.3573183123117207	12.240734444066645
other	1.0031742477951435	-1.9354597478052893	15.437392795883362
other	1.0019197541633658	-1.8107106668303643	13.888888888888888
other	1.000584441993364	-1.1730415447375102	13.64445323314218
other	1.0	1.4193079366570722	13.83067896060352
other	1.0	1.0761029790857917	7.176373171404913
other	1.0	0.7060862812822342	9.533201840894147
other	1.0	0.3219280948873623	6.304176516942475
other	1.0	0.1717757971302537	6.24512099921936
other	1.0	-1.3681638797903788	19.47873799725652
other	1.0	-0.7071265951560469	18.77205363443896
other	1.0	-1.6697429209181758	5.912389142703574
other	1.0	-0.004014077573699	12.29946524064171
other	1.0	-0.1019624109454544	8.789552988448015
other	1.0	-2.091188330837394	10.007147962830594
other	1.0	-0.6858075538922431	9.86749365661122
other	1.0	-0.5085642238871111	10.857994464551842
other	1.0	-0.9829264866410584	10.157837162056572
other	1.0	-0.3644402214633596	9.818360333824252
other	1.0	-0.2863041851566409	9.058636307993634
other	1.0	-1.5154393962366812	9.780775716694771
other	1.0	-1.909938901794369	8.116189662537376
other	1.0	-0.8365012677171207	19.024970273483945
other	1.0	-0.1744977312321365	12.455516014234876
other	1.0	-0.0326169515820998	8.264462809917356
other	1.0	-0.8426351455195045	7.751937984496124
other	1.0	-2.099535673550914	10.037473233404713
other	1.0	-1.7466084159891528	8.2930200414651
other	1.0	-2.84799690655495	12.982263667946608
other	1.0	-0.0846122277149413	7.417218543046357
other	1.0	-0.7700502274854699	9.694619486185166
other	1.0	-0.324663062608601	9.74878140232471
other	1.0	-0.9637010520195364	19.566736547868626
other	1.0	-0.1555152228293973	14.78494623655914
other	1.0	-0.3279807650096204	12.354651162790695
other	1.0	-0.1261771060771448	7.524454477050414
other	1.0	-1.6308244375047227	10.423053341508275
other	1.0	-0.5864414296470696	10.275229357798164
other	1.0	-0.3297054454790817	17.97752808988764
other	1.0	-0.7688937584528918	4.627681952040387
other	1.0	-1.620066301677072	12.295081967213116
other	1.0	-1.303325821005367	11.955593509820666
other	1.0	-0.2550169382299049	7.398273736128237
other	1.0	-0.0379678501990205	6.402439024390244
other	1.0	-1.1443899093351748	13.80868691940748
other	1.0	-0.5783143488831529	5.642633228840125
other	1.0	-0.9733051333345796	8.398758444403871
other	1.0	-0.7476128383657147	18.73198847262248
other	0.9976153065613904	-0.9908228861385934	10.0
other	0.9970037475400804	-0.7015957969772071	7.447528774542993
other	0.9966565569256296	-0.5966187549130214	5.741626794258373
other	0.996544441363781	-1.234984224181265	20.99609375
other	0.9962575983141831	-1.1680757850165946	8.852005532503458
other	0.9955948208799988	-1.7585426727046602	18.11736904293029
other	0.9955677536847394	-2.179328734721782	20.887728459530027
other	0.9949819252333756	-1.2796513903513145	14.76510067114094
other	0.994686200103532	0.1287856370585859	7.467994310099573
other	0.994686200103532	-1.6310652195973427	10.7664701358626
other	0.994397293770624	-0.6463630453852997	9.608489889574072
other	0.9943200909276452	-2.0046428796811	13.644115974985787
other	0.9936584731261732	-0.2258027573879521	15.909090909090908
other	0.9935377493703031	-0.6668750254557231	13.651877133105804
other	0.9932883594538412	-0.4960808165436711	7.461258848287737
other	0.9932584221209448	-2.0069738267344026	17.89709172259508
other	0.9932044384911468	-0.991078814641238	8.440693025322078
other	0.9927973138416464	-1.5228109806880104	15.490943755958057
other	0.9921592467828166	-1.054347012327695	10.28009535160906
other	0.9913351388728724	-0.1395243712340383	8.04289544235925
other	0.990413951170802	-1.055300715350218	13.135351227869789
other	0.9902848451667884	-0.8002680832787635	11.829319814110688
other	0.989658055778541	-0.8430795962097901	10.371650821089023
other	0.9892735934069417	0.0165911246121152	9.287925696594426
other	0.9891390073682332	-0.4810798356021848	11.07419712070875
other	0.9886846867721658	-0.9430153125207276	9.83957219251337
other	0.9886442022288292	-1.2506221695737745	8.29737802854298
other	0.9883451584428644	-0.4626494461069605	6.890960680989056
other	0.9881258997117084	-0.7477988871800414	10.290556900726392
other	0.987288948250446	-0.026450758886075	10.427528675703858
other	0.9870026594711268	-1.695421941813731	12.69118125610153
other	0.9869831143331654	-0.7469386398320017	7.738607050730868
other	0.9869043423883168	-0.2905234210220345	8.25670857571777
other	0.9866322400749702	-0.7402593885269855	20.78337330135892
other	0.9859931420061208	-0.2981170834341144	10.526315789473683
other	0.9857661068272924	-0.9957154443979656	14.0020366598778
other	0.9849717907676682	-0.8744854519990716	8.291873963515755
other	0.984569959430394	-0.640529205191241	18.15525876460768
other	0.9842326841416832	-0.2858596644985786	10.43540842029507
other	0.9838803346367232	-1.9378782880922023	6.320541760722348
other	0.9838803346367232	-0.6363418063138223	7.410456978180321
other	0.9838287093288544	-0.0216606799743391	10.60070671378092
other	0.9833597343121718	-0.8986596525628298	9.361702127659576
other	0.9830696040501228	-1.109100921928727	8.351228823669768
other	0.9830178398176532	-1.630002239776371	15.23994811932555
other	0.9830126459794274	-0.622048266164722	8.110687022900763
other	0.982297998266541	0.1882604040304483	10.317060895822848
other	0.9818399625024824	-0.8566356137635022	15.384615384615383
other	0.9816214706851456	-0.5896840089180586	15.178571428571429
other	0.9810404955581732	-1.6027882246669234	7.79874213836478
other	0.9808911770522952	-0.0324214776923773	7.826610475617099
other	0.9808911770522952	-1.0654069960122428	11.744127936031983
other	0.98081858679638	-1.0676305022650654	8.700237279198523
other	0.980100442562295	-0.7253860752713229	7.048458149779736
other	0.980100442562295	-0.9731999406562848	9.971509971509972
other	0.9790877859159832	-1.1480881894504045	8.990420044215181
other	0.9789383844721704	-0.8705248500059999	17.103153393907
other	0.9786263492074332	-1.0188590272513158	13.562091503267974
other	0.9779736936700012	-1.8586441507544589	8.039894158355382
other	0.9773255098824432	-0.4114824953384744	10.735853276671886
other	0.9772799234999164	-0.65514550826313	8.915304606240714
other	0.9771600236418888	-1.0476834773641814	10.15228426395939
other	0.976692626507931	-1.2919748727857343	12.211077191452246
other	0.976612334172684	-1.2428177851649462	14.814814814814817
other	0.9762839310261926	-1.7972249016454331	13.389536325316143
other	0.9762513972273912	-0.8412627974854952	9.557344064386315
other	0.97602113706556	-1.7169792477921657	10.19690576652602
other	0.9758539126682976	-0.709191115491477	9.037900874635568
other	0.975337945765731	-0.5125211952172786	10.45751633986928
other	0.9748629993226284	-1.4360319038470557	13.268998793727382
other	0.9747332413895698	-0.3200894036150759	10.174194542932018
other	0.9746146815800864	-0.3190032179790206	13.177159590043924
other	0.9740047914670554	-0.08304283842114	10.27077497665733
other	0.9736486730530476	-0.3480760069465056	9.00900900900901
other	0.9733648734965332	-1.2937150083153224	10.86036671368124
other	0.9726926540042646	-0.5243394796764195	14.821272885789014
other	0.9724715924545588	-1.181269991677708	8.050089445438283
other	0.9721657918032744	-0.3923585023795799	14.056224899598392
other	0.972057970195581	-1.258669213272392	11.716760061130923
other	0.9719856238304032	-0.634424640657488	5.6850483229107445
other	0.9719856238304032	-1.4247569460015286	19.454123112659698
other	0.971894662319646	-0.8772641925728659	12.551460990059244
other	0.9716181986301776	-0.3621381832497942	7.455268389662027
other	0.9713654179730228	-1.6103297326154298	8.837308347529813
other	0.9712936284341852	-0.7575158588755354	11.439466158245947
other	0.9709227671355763	-1.382439633592349	8.307826847398339
other	0.9709150469250536	-0.9128528115524632	10.321984285934372
other	0.9708536543404837	1.6379325142594234	19.607843137254903
other	0.9708536543404837	-0.5232831474677041	9.11854103343465
other	0.9708536543404837	-1.115477217419936	9.095043201455209
other	0.970252656605948	-0.3380755174639596	7.246376811594203
other	0.9701294704178623	-0.20159305000599	12.367491166077738
other	0.9700743928982464	-1.189744042674807	12.887304633945709
other	0.9696263509564812	0.3405437730547092	7.428369296073576
other	0.9696263509564812	-1.002477793723518	13.809666766736717
other	0.9696263509564812	-0.4570816785514209	9.994597514856832
other	0.9695863300113384	-1.5616931103589031	8.221225710014949
other	0.9691059920542162	-1.0603637533576542	11.35135135135135
other	0.968507452596463	-1.806462732135979	10.931259196972883
other	0.9682911402726618	-0.7566479600279061	12.449528936742936
other	0.9682911402726618	-0.7149392878362072	8.203445447087777
other	0.9682632375748128	-1.0150992044842049	9.011546043368066
other	0.9679387907677014	-0.4861666512693817	13.60863444392304
other	0.9675785223076224	-0.3824899063679857	8.453350031308704
other	0.9675785223076224	-1.3074686898671728	12.32371998475416
other	0.967333811079678	-0.6296061385855222	3.1120331950207465
other	0.9668331360648008	-1.117108302998864	9.445460085313831
other	0.966193055858692	-1.1863074278770545	13.94351090454058
other	0.966156545028206	-0.8790629414745736	13.457225248317847
other	0.9661251343619772	-1.1241888256836807	11.41050316194666
other	0.9658517775881544	-1.4383902695037227	8.81861030865136
other	0.9652345818393232	-0.2355811930929882	8.973975471133713
other	0.9646144012641034	-1.355794158214538	8.091210003677823
other	0.9644813414183026	-0.2633212162226032	11.166253101736972
other	0.9639307452924782	-0.3005217580963529	10.126582278481012
other	0.9637364560132284	-1.3202917234429945	10.910815939278937
other	0.963719084505382	-0.6887350703997672	7.927677329624478
other	0.9636784861879748	-1.598595503772002	15.287769784172662
other	0.963474123974886	-1.4033082066967368	9.577015163607342
other	0.963474123974886	-2.21905091424706	7.951859015688803
other	0.963474123974886	-0.807277988579869	14.975041597337771
other	0.963474123974886	-1.0586759073276075	10.97972972972973
other	0.963474123974886	-0.4199105590322581	8.491947291361639
other	0.9621201163289108	-0.9262559204754496	10.578012844729884
other	0.9617414189649616	-1.4947813189709542	14.421385860007035
other	0.9615258521853643	-0.5715002409145935	7.08024275118004
other	0.9608294027193224	-1.8704671873586447	6.246917639322703
other	0.9604716358133628	-0.9068905956085186	13.618677042801556
other	0.959984321152121	-0.7202823097290889	15.065913370998116
other	0.959358015502654	0.2339858733232953	13.05158483530143
other	0.9577717646107026	-1.1389361902439248	10.838562464346834
other	0.9570820220652952	-1.027644556002946	7.031000319590924
other	0.956931278108114	1.4656635723488116	9.9241097489784
other	0.956931278108114	0.3131698497404243	10.58001133572643
other	0.956931278108114	-0.5343364276511884	5.226894749346638
other	0.956931278108114	-0.8314302781696985	6.819590824550527
other	0.955975376108002	-1.3331101193049095	11.330815374361253
other	0.955800196089465	-0.6810213061737397	10.880316518298716
other	0.95550053983314	-0.3827687971096783	12.728278915329277
other	0.9553309506662716	-0.963121774469926	6.360745115856429
other	0.9541963103868752	0.3795003800883261	5.333333333333333
other	0.9541963103868752	-0.7268263252225277	11.233815689261236
other	0.9536070945155488	-1.35259979062978	6.610009442870632
other	0.9532057885210588	-0.4320849803740346	10.1617289251467
other	0.9531333949620256	-0.9065759476673404	9.24397490921096
other	0.952499576396071	-1.0327569491602044	11.08213820078227
other	0.952246868551632	-0.8331988650553234	14.589198873816228
other	0.9520199710981784	-0.5680606875290338	7.752939656286341
other	0.9515596449422468	-1.1446807225705882	7.731958762886598
other	0.9510903995190536	0.8844401516317959	10.540184453227932
other	0.9510903995190536	-0.2223924213364478	8.25082508250825
other	0.9503485512922945	-0.7630495215401923	4.077791718946048
other	0.9501240933604304	-0.4007340740072498	9.9728014505893
other	0.9499593175004044	-0.7688173303522784	8.185798591281173
other	0.949373926930032	-0.7070575417108811	9.41492938802959
other	0.948469699359918	-0.5214595584149981	9.456264775413713
other	0.9484033466900968	-1.3469018848401504	15.43824701195219
other	0.9482849634558448	-0.27039779424728	5.865102639296188
other	0.9475325801058644	-0.2516448436138489	8.52575488454707
other	0.9475325801058644	-1.6007830182035552	28.15350739226172
other	0.9471833015565518	-1.082941638791472	13.566397078006782
other	0.9468886635404375	-1.0892673380970874	5.899104963384866
other	0.9467579787230204	-1.5194927767617354	12.924071082390954
other	0.9467579787230204	-0.5922644573374526	10.734220695577502
other	0.9459601602871108	-0.2454592578528359	6.1509344688904655
other	0.9456640831541142	-1.5474339437251583	9.903640256959315
other	0.9453229073796856	-0.1506387205290308	7.901668129938543
other	0.944985897995518	-1.0985157406410686	9.394964299135664
other	0.944886535937718	-1.0797284114824508	5.361930294906166
other	0.9447085476266271	-0.6227689545736295	7.135575942915392
other	0.9446865429129788	-1.326110141568472	19.838354151359297
other	0.9446569661562252	-0.7929303526363777	10.91867469879518
other	0.9438799136680992	-0.6650420014438146	7.701661937576003
other	0.9438569219624664	-0.9130981011208708	16.07883817427386
other	0.9435430182799914	-1.0351382603041532	12.550113299633956
other	0.9434164716336326	-1.3123475113070493	18.72006965607314
other	0.94277513130705	0.4141982188497627	8.408071748878923
other	0.9422845021437126	-0.9071470519314564	8.486175745962223
other	0.9418970454364316	0.2637650693292238	8.19000819000819
other	0.9418970454364316	-0.2198184776726215	13.360739979445016
other	0.9418970454364316	-1.7774446635212766	6.838506049447659
other	0.9417548589640464	-0.8424005732738554	10.33464566929134
other	0.941597943270456	-0.7466441233223852	11.995318899941486
other	0.9411063109464314	-0.0327328563243292	8.839779005524862
other	0.9411063109464314	-0.5050023655070024	9.05373831775701
other	0.9411063109464314	-0.4013625623817671	12.206572769953052
other	0.9405987069861528	-1.244918874334887	10.71517567904311
other	0.9405918108372404	-1.439117886242574	8.71881811576653
other	0.9404989882513382	-1.4197793114059127	19.16802610114193
other	0.9404922447792776	-1.5745837537425331	9.098428453267164
other	0.9404431553195453	-0.5987044270255623	7.709251101321586
other	0.9403760173135812	-1.1178875653139164	11.582452584334732
other	0.939879007562429	-0.1645944997958136	10.167628469359714
other	0.9397824771658932	-0.5673559217131742	10.432190760059614
other	0.9394584580649492	-0.9297849001193071	10.32967032967033
other	0.939337218093376	-0.3441766253656343	10.0
other	0.9388164835485096	-0.4271084644178766	31.97158081705151
other	0.9385994553358568	-2.773407590134267	9.670487106017193
other	0.9385994553358568	-0.4589632231584103	10.487916096671226
other	0.9385994553358568	-0.6866339186160618	9.028642590286426
other	0.9385994553358568	-0.9835180145683712	16.22596153846154
other	0.9385994553358568	-0.9859444047785808	12.903225806451612
other	0.9384122017771684	-1.3468155413220406	23.197492163009404
other	0.9379390318677484	-0.7932737202141101	10.349586016559336
other	0.9378435239374306	-1.66582441415737	7.829977628635347
other	0.9364348712225338	-1.7465901677705211	17.19967750604676
other	0.936051137459354	-1.125419100010527	9.106239460370997
other	0.9358696625802844	-1.2006286410205822	12.927756653992397
other	0.9349774247193416	-0.741243684059753	10.638297872340424
other	0.9347085397482808	-0.2433755080060544	7.257448433919022
other	0.9344116583724232	-0.5767885692754561	8.704827222368767
other	0.9344116583724232	-0.4953136672243221	6.775067750677507
other	0.93356434693404	-0.7211328039362844	8.870967741935484
other	0.9330910677173788	-0.9225469236475744	8.811253671355697
other	0.932885804141463	-0.3785116232537297	7.78485491861288
other	0.932885804141463	-0.106915203916512	14.950166112956811
other	0.932885804141463	-0.9755469562754612	12.225705329153604
other	0.9323131924884256	-1.3129275055967369	7.334963325183374
other	0.9318284973584208	-1.4043902550793352	6.690827989963759
other	0.9317307239829716	0.2125999152881805	7.374631268436578
other	0.9312872499159858	-0.9021952145282018	13.250194855806702
other	0.9310526462825086	1.0252852964107488	7.322336981655619
other	0.9307373375628862	-1.1525056870891814	6.944444444444444
other	0.9304191311047594	-0.7627538511933166	9.956853634251576
other	0.9300979867698438	-1.4403066165758331	12.359550561797754
other	0.929610672108602	-1.4044754370113086	14.332514332514332
other	0.929492024545651	-1.0202486838438054	10.70154577883472
other	0.929380925306478	-1.386537410572175	7.711038961038961
other	0.9292766762647932	-1.4877453069252773	9.292802016065522
other	0.9290640931890546	-0.6125231278570111	7.913896802785692
other	0.92885592710531	-0.2417872436909477	11.11111111111111
other	0.9285004796406662	-0.8696837053440353	16.61721068249258
other	0.928446738974966	-0.0991540586721149	10.289542952859536
other	0.9272436575646856	-1.093350476334709	8.427876823338737
other	0.9270793379015442	-1.7360932219197718	18.15038893690579
other	0.9268764072271783	-0.4966020095949243	9.825327510917033
other	0.9266268136697808	-1.6154362157211657	17.17967072297781
other	0.9265077976209384	-1.0026335967482622	11.039558417663294
other	0.9262359453279456	-0.9938652261316352	11.295681063122924
other	0.925999418556223	-1.2640772534369151	14.700193423597678
other	0.925999418556223	-1.0588936890535685	4.595263343937788
other	0.9252322315980278	-0.3444872909812698	8.732468907118285
other	0.9245925973419776	-1.102036393333678	21.38643067846608
other	0.9245794430076436	-1.2348133457836727	10.684128898845424
other	0.9244209398914937	-1.5272691193195234	14.658662571548234
other	0.9243357300679276	-0.0334688062617045	8.432539682539682
other	0.9237644141729148	0.0136973221355369	5.128205128205129
other	0.9233787183970876	-0.3945446485556439	7.584735719364779
other	0.9231312366157294	-1.4191727093520097	13.814616755793226
other	0.922724286523362	-0.2148533649081532	8.396023643202579
other	0.9219974879987268	0.2882074770433611	12.286324786324784
other	0.9219974879987268	-2.0070547575339504	12.34922458357266
other	0.9219974879987268	-0.9776321869715456	19.8300283286119
other	0.9217485543356316	-0.9760417773908996	10.194404931247036
other	0.9213901653036336	-1.405213274969324	7.714285714285714
other	0.9212675638541964	-1.3491162785508075	13.004658385093167
other	0.9212633293950822	-0.8481809355163435	6.918238993710692
other	0.9211445792887604	-1.5136622480137356	18.00450112528132
other	0.9209284290088012	-0.9452187142676178	10.72814425930153
other	0.920565532505595	-1.1922080300623832	9.891662741403673
other	0.920096134407786	-1.8856800801633729	13.134328358208954
other	0.9193121544344393	-0.9552580337342824	14.2602495543672
other	0.919014154691008	-1.319852715600917	15.933232169954476
other	0.9189853116269404	-1.108468042431966	10.406342913776015
other	0.9189160713123656	-0.1067350209329795	11.518324607329845
other	0.918550186380258	-0.9455957268068362	11.390602752729
other	0.9183497109835824	-1.0538730759151724	12.5
other	0.91829132342096	-0.9500747746683176	9.84455958549223
other	0.9182794709562608	-0.7166257040278522	7.709251101321586
other	0.918230444257666	0.0059492663311865	8.123637804636418
other	0.9175378398080272	0.1640244000026279	11.278195488721805
other	0.9174119227194996	-1.0781141846979896	16.848364717542122
other	0.9170332068878136	-0.5312148127508316	10.738255033557046
other	0.9166872442755228	-0.9031015787400491	11.08179419525066
other	0.9156078127096277	-0.7476957292128075	13.157894736842104
other	0.914752713381489	-1.1655646064621286	10.530421216848676
other	0.9136663896359164	-0.9969283680786516	9.68088920760129
other	0.9131690421268204	-0.626250709211788	13.258752848560183
other	0.9128893362299616	-0.8421267261794073	12.012012012012011
other	0.9125371587496606	0.3629147682027112	9.09090909090909
other	0.9125371587496606	-0.2190700508266524	6.162695152013147
other	0.9125371587496606	-1.1184257061651843	12.7408328154133
other	0.911943823334804	-1.4724877714627438	12.262811410868723
other	0.911644125579153	-1.0804572789050453	11.279311368358565
other	0.9114633253983426	-1.5841471884412546	11.135857461024498
other	0.9111907330421442	-0.514320931367294	10.217350919561584
other	0.9107326619029126	-0.2997513040426877	12.658227848101266
other	0.9101393874868666	-0.5238921223307104	22.07293666026872
other	0.9100420605178576	-1.7314394625723208	9.179575444635685
other	0.9098621621398094	-1.6072059986271603	17.28564093787438
other	0.909802191028422	-0.6108950057260655	10.336680448907265
other	0.9093728047218238	-0.8381914477620597	9.39143501126972
other	0.9091465695488864	-0.7099874133282356	8.440514469453376
other	0.909125599991827	-0.760750904323384	10.66539318688316
other	0.9090263399525096	-1.0806494305167498	6.153023006955591
other	0.9082928588398188	-0.9618186932966776	9.685900096859
other	0.9080775105589608	-0.7158455015978454	13.879003558718862
other	0.907487861210462	-0.1625373755773287	8.739495798319327
other	0.9073888498151248	-1.765924762405481	13.168724279835391
other	0.9071257345611844	-0.8916401048310183	8.055493398970686
other	0.9068905956085184	-1.760049207279247	6.189002618424185
other	0.9068905956085184	-1.2515768072338247	7.890961262553802
other	0.9068905956085184	-0.7259859438822622	7.405793944674363
other	0.9068905956085184	-1.306821202497154	12.67605633802817
other	0.9068905956085184	-1.7292445571021533	15.384615384615383
other	0.9065133711218908	-1.0911840066894083	11.063191449465592
other	0.9060821366123613	-0.8217001628467226	12.903225806451612
other	0.9058013580778124	-1.2476407326214976	10.292953285827394
other	0.9055651981419512	-0.7117065659666406	14.45086705202312
other	0.9054609323797678	-0.7489713415156876	9.736842105263158
other	0.9053962752273842	-0.80714768332242	17.310252996005325
other	0.9050034860642532	-0.7551518794883865	10.989010989010987
other	0.90460965435728	-0.3096440798240756	10.66447908121411
other	0.9045428407520958	-0.0999537163975956	10.861132660977503
other	0.9044223400177688	-0.8629990698941965	4.623513870541612
other	0.9042888004202386	-0.6684020849865937	10.644768856447689
other	0.9042164613101932	-1.3387859609826844	13.931523022432112
other	0.9037846847406968	-0.1727510455210758	5.830903790087463
other	0.9034920191466536	-1.6247424027065112	7.124536905101168
other	0.903138460747411	-1.1417736670547225	6.842285323297982
other	0.9029657139303586	-0.7336422634680546	13.007284079084286
other	0.9029325820398352	-0.8618886329712179	10.385756676557865
other	0.9027027986450852	-0.8477886653535363	14.882032667876588
other	0.9027027986450852	-1.6444056832267642	11.530815109343935
other	0.9024834940857376	0.1092954515302433	10.521164668460974
other	0.9022939970061676	-0.667596735460918	11.490479317137227
other	0.9019679170394732	-0.735269936645764	9.562841530054644
other	0.9018196060610966	-0.1394100030687776	11.590727418065548
other	0.9015962959390056	-0.6767279878837469	7.8671328671328675
other	0.9015601829703584	-0.5651627942324324	7.590759075907591
other	0.901494455047575	-1.2251365659245876	9.352221152523724
other	0.9012218455218264	-0.0280143761695966	5.483744614179397
other	0.9006602250223907	-1.711572235811315	8.323100013644426
other	0.9005988497407946	-0.2584363042351046	8.383490971625108
other	0.9004643264490856	-0.2106199007204556	9.49796472184532
other	0.9004643264490856	-0.6326567316759845	9.129640900791236
other	0.8996950942043147	-0.3326849605924759	9.9009900990099
other	0.8994731240460355	-1.573659350974303	13.031041423879648
other	0.8994436719736262	-0.5342426505641057	10.28368794326241
other	0.8993437865551703	-0.9031200923022622	7.316685223477016
other	0.8993060003805269	-1.1339613278838323	10.230849947534104
other	0.8990710911492193	-1.0140812910174466	9.344047841524947
other	0.8989138748856855	-1.3965715947987207	6.332992849846782
other	0.8989138748856855	-0.9586414496663264	15.574302401038288
other	0.8987166641628183	-0.8650704199138913	12.82051282051282
other	0.8987166641628183	-1.4432173126415453	10.535557506584723
other	0.8985079583416088	-0.6519806430605536	12.987012987012989
other	0.8984018599921932	-1.3785217138296082	13.540961408259989
other	0.8982634182558145	-0.5075106698435807	14.732965009208105
other	0.8981203859807864	-1.762960802699151	11.679153812252093
other	0.8981203859807864	-1.3192923469830924	11.051289317086992
other	0.8976382823703221	-1.201598281677414	14.14677276746242
other	0.8973468229376477	-1.4179283250785493	15.928725701943844
other	0.8969374644961388	-1.0482235248946228	9.994121105232216
other	0.8961641890154601	-0.8241795446989632	10.532837670384138
other	0.8959923095267625	-0.789723446002387	7.340485601355167
other	0.8957246779561922	-0.5178154023016763	9.538058724518422
other	0.8956633401852644	-0.2585330135988528	7.512279687951459
other	0.8950920242902514	-1.1501204847957096	10.805500982318271
other	0.8949805848462836	-0.7529802474767135	9.809932556713672
other	0.8943634977323556	-0.7118731149735572	9.00900900900901
other	0.8942680604851799	-1.5252898528062535	10.021668472372696
other	0.8931455040740244	-1.168360024665434	11.587078651685394
other	0.8930847960834881	0.1874586312270607	7.275902211874272
other	0.8930847960834881	-2.1549644938161574	16.493194555644514
other	0.8930847960834881	-1.71513855083663	12.65001621796951
other	0.8930847960834881	-0.5186200058924603	9.690937663698271
other	0.8930847960834881	-0.0744248411265546	16.455696202531648
other	0.8930847960834881	-0.1199094637351966	18.79971077368041
other	0.8930847960834881	-1.806252365610446	11.710074702200686
other	0.8928284764522038	-1.5049772378785125	12.874583795782463
other	0.8925477128579928	-1.582992855497216	10.2184637068358
other	0.8917837032183102	-1.2574962222923638	9.850419554906969
other	0.8915532725416896	-0.8954100600708222	7.517226978492379
other	0.891475543221831	-0.8228788336178475	16.683022571148182
other	0.8908782776198875	-0.4464514675943415	9.06655676900886
other	0.8908277268029132	-0.8628973721804039	8.304011259676283
other	0.8907709302452417	-2.5296672705950147	12.673267326732674
other	0.8903755088255019	-0.0879366511029732	11.945392491467578
other	0.89000737375429	-0.9231275384123112	5.893019038984588
other	0.8898680833999452	-0.4843417348882946	14.84806629834254
other	0.8898170822495771	-0.1439297929093679	11.594202898550725
other	0.8898170822495771	-1.608809242675524	11.192972513459903
other	0.8892844276225593	-0.8247873183142398	8.481421647819063
other	0.8891874683738378	-1.0628622621982222	8.587324625060473
other	0.8891718697876203	-0.8421256944101885	18.260869565217394
other	0.8888101409831622	-0.4303691530348346	7.661108607480847
other	0.8879414928075284	-1.1387743789300762	12.253233492171546
other	0.8875252707415875	0.8605969433345835	12.66490765171504
other	0.8875252707415875	-0.8897358745694514	7.5665120820112275
other	0.8875252707415875	-1.6807446239625956	15.621562156215624
other	0.8866889478044215	-1.251441393132986	9.474590869939709
other	0.8865177518413369	-1.245093701434146	11.875761266747867
other	0.8858289800806889	0.2221869238585861	9.512937595129376
other	0.8858289800806889	-0.5967283686189842	9.803921568627452
other	0.8855412754150851	-0.8016430846657181	8.296107211231652
other	0.8855412754150851	-1.227776479025385	10.65547303842428
other	0.8855052102931311	-1.367525631388216	12.062371285672258
other	0.8851360429679971	-0.219296946709347	9.373458312777505
other	0.8850642331553401	-1.047307401246952	10.771369006254345
other	0.8850250262895365	-1.157597273558914	11.747430249632892
other	0.8846693904802857	-1.079468813332973	8.96700143472023
other	0.8846340973473651	-0.7863818930189191	11.805859204197638
other	0.8845227825800641	0.3452920879528727	4.651162790697675
other	0.8845227825800641	0.1604646721932461	10.49097775912715
other	0.8845227825800641	0.0754074026580225	20.13422818791946
other	0.8845227825800641	-0.5511073449497133	8.628127696289905
other	0.8845227825800641	-2.889817082249577	20.142677297524127
other	0.8845227825800641	-2.2607975776263567	10.404812225654364
other	0.8845227825800641	-3.070389327891398	16.89432063263839
other	0.8845227825800641	-0.2479275134435855	6.666666666666667
other	0.8845227825800641	-1.2022159353810813	9.883720930232558
other	0.8845227825800641	-0.892243819644117	8.73839432004369
other	0.8845227825800641	-0.4587328077537435	14.54681089145841
other	0.8845227825800641	-1.2571023945476176	11.113738472452116
other	0.884380329354484	-1.3421098343649585	8.812337272181054
other	0.8842236854418746	-0.1349295800861085	11.921793037672868
other	0.8842236854418746	-0.958651692530318	12.236767216846898
other	0.8837469315041518	-1.4929976382706156	25.1414204902577
other	0.8834859912735749	-1.2328022044143787	7.518796992481203
other	0.8829806177716586	-0.9033570343469336	9.122618728199624
other	0.8826430493618412	-0.8666125847222971	7.627118644067797
other	0.8826430493618412	-1.0975165059142624	8.076009501187649
other	0.8826430493618412	-0.7246241450550547	13.656854945637765
other	0.881818573651686	-1.2878295215161537	11.544011544011545
other	0.8817371183801803	-0.0525825248910607	8.589568031868543
other	0.8814186581838752	-1.0524515526214109	12.5
other	0.8810490706140442	-1.5060537970619694	11.962403873540303
other	0.8805848330552294	-0.0983152225510618	12.039127163280662
other	0.8805848330552294	-0.8797057662822882	12.141816415735796
other	0.8800393759590873	-1.2072992721057474	10.88646967340591
other	0.8800002238893699	-0.7313498680389872	9.186954524575103
other	0.8797057662822882	-1.0241124561168076	12.507817385866169
other	0.8786937037778664	-0.7957316619148227	18.04670912951168
other	0.877703861515442	-1.2967972570627797	10.634762379528082
other	0.877515993475005	-0.1536917612023773	6.478482184173994
other	0.8769988310680533	-0.98436185844245	7.5575403641360355
other	0.8768092563706575	-1.483204494958399	14.014466546112116
other	0.8766947924530409	-1.0356473173640268	8.81294964028777
other	0.8764700822325916	-1.3723206578645752	12.875536480686696
other	0.87582058877927	-1.2778448676841665	13.15068493150685
other	0.8755801653648836	0.1009033660269224	3.58974358974359
other	0.8755526290755116	-1.3061425623234189	17.26121979286536
other	0.8755014578821144	-0.7593207302894678	7.208387942332897
other	0.8751485128149171	-1.1259495444076917	9.625126646403244
other	0.8751395820136004	-0.9536153954314944	12.876990850559134
other	0.8750000084615576	-1.2950836519742617	10.8383101083831
other	0.874469117916141	0.6273411029917081	6.92779110045297
other	0.874469117916141	-1.5028438802476511	10.962084085633222
other	0.874469117916141	-0.0037521348611075	8.02139037433155
other	0.874469117916141	-0.8290011652063697	9.523809523809526
other	0.874469117916141	-2.2609708666418857	5.908932916232186
other	0.874469117916141	-0.5681542130346021	8.253094910591471
other	0.874469117916141	-1.3646863038015695	11.181434599156118
other	0.873847400586593	-0.5826864927407536	20.199674947759465
other	0.8737237316733192	-1.4484378488996716	26.881720430107528
other	0.8737237316733192	-0.5420958511092964	7.124536905101168
other	0.8736542661345866	-0.1530269557363344	13.684744044602128
other	0.8732708661521673	-1.1003298334549323	12.1580547112462
other	0.873256463359673	-0.6019776857759099	9.460737937559127
other	0.8728490222479792	-1.139749890879681	12.737127371273711
other	0.8722444528016273	-1.4768025603152188	15.88089330024814
other	0.8722444528016273	-0.4967915702027973	3.5366931918656053
other	0.8717900177202598	-0.5997118264518416	14.363885088919288
other	0.8712666858777972	-0.8620770271873955	14.510575504181013
other	0.8711816939757496	-1.8882660896253325	10.518809056872884
other	0.8708713728075367	-0.3586115846731773	6.539833531510107
other	0.8708599491846918	-1.3128724736670925	16.362252663622527
other	0.8702415439128163	-1.4382925066748014	17.11142798940721
other	0.8696919776542691	-1.346571079371953	9.408602150537634
other	0.8696033627443249	-0.7465019527710851	5.926901547579849
other	0.8694158901898557	-1.4213489520912272	7.438400743840074
other	0.8689939878499899	-1.833090876683812	10.839160839160838
other	0.8687554667217473	1.3461756411340398	10.714285714285714
other	0.8687554667217473	-0.9521714749093848	16.161616161616163
other	0.8687554667217473	-0.839168894165799	7.121661721068249
other	0.8686382268662615	-0.3758864700270179	7.993605115907274
other	0.8685491463723233	-1.8590039967365208	3.5211267605633805
other	0.8684530593085437	-0.8753607993628449	14.236622484045164
other	0.8680883244944191	-0.392815161283228	9.581677962140686
other	0.8669464444898735	-0.872426113063318	10.177281680892971
other	0.8667334691365358	1.0	7.502930832356389
other	0.8667334691365358	-1.3331428823832887	16.532341392849762
other	0.8657882143666751	-0.6399167040866687	8.347978910369068
other	0.8654178981883834	-1.907721534531684	10.532837670384138
other	0.8645365827048812	-1.3000813925891137	8.116084604033448
other	0.8643780481384061	-0.3526888571020856	14.282956958116191
other	0.863426947124556	-0.7735090104499313	7.968833008677174
other	0.8632212665395566	-1.282828275198422	15.151515151515152
other	0.86298052089171	-0.7472425761792353	8.94736842105263
other	0.8624964762500651	-0.6465911574959635	12.400110223201985
other	0.8624964762500651	-1.4093909361377015	10.738255033557046
other	0.8612613675968475	-1.5925430895556023	10.27077497665733
other	0.860650417084692	-0.8935784156089575	11.769834350479512
other	0.8605969433345836	-0.9268584212853156	7.318592338835254
other	0.8605969433345836	-1.2837929660005911	10.526315789473683
other	0.8602752363333868	-0.2286542221097628	3.53356890459364
other	0.8602752363333868	-0.8534366465230778	4.793863854266539
other	0.8602549899000186	-1.0267391739341436	8.100147275405009
other	0.8598980282849883	-1.013724424401667	8.932196508323184
other	0.8598223419517397	-0.4355016018385592	11.190817790530843
other	0.8598223419517397	-0.2499782530083474	8.463251670378618
other	0.8594960695376417	-1.3140187155236671	8.82515168229454
other	0.8586949060902089	-0.6534013986188831	10.320284697508896
other	0.8581926736608385	-2.055828388312022	9.521700620017716
other	0.8579809951275721	-1.196530358024482	11.96808510638298
other	0.8579809951275721	-1.199972667027331	11.011523687580029
other	0.8579809951275721	-0.2671388041665304	15.020482476103778
other	0.8579809951275721	-1.3115630624910373	9.8091671125379
other	0.8579809951275721	-1.1717663482664802	8.494208494208495
other	0.8578199890405919	-0.4828100252912604	8.737571557698102
other	0.8577903767695106	-1.505471907060474	9.285051067780872
other	0.8575557349797946	-0.4795338196208717	13.550135501355014
other	0.8572598278839181	-0.8294562144860573	11.795543905635649
other	0.857042046157957	0.1312445332782524	6.052581804425951
other	0.8565312930720195	-0.8228875422451898	11.974380395433029
other	0.8563876666674195	-0.67180518357059	6.531678641410843
other	0.8560751386311016	-1.0388178053039792	10.966415352981494
other	0.8556100906648252	-2.2479275134435857	8.726003490401396
other	0.8552414449388155	-0.0623624647167843	11.595971925541654
other	0.8551834471482193	-0.4615358036619083	15.216068167985393
other	0.855115339274212	-1.3893723356462857	13.046153846153846
other	0.8548832921401898	-0.4504802660142261	9.75177304964539
other	0.8548020844600644	-0.9560566524124032	14.438502673796792
other	0.8548020844600644	-1.127425070724384	12.133468149646108
other	0.8548020844600644	-0.4260454501427505	12.459210916641949
other	0.8544196867679726	-0.6670773834090725	12.035010940919038
other	0.8543362899279199	-1.034116761111216	6.209037599172128
other	0.8541491335365452	0.0104871137769135	8.097165991902834
other	0.8541491335365452	-2.5943765311290288	11.07011070110701
other	0.85402069418272	-0.8605033444006239	10.401188707280832
other	0.8537792591489561	0.2000246083079936	8.711433756805809
other	0.8537105577493437	-1.0784456978089754	10.9851169383416
other	0.8533750862815168	-0.6297044364917088	9.313154831199068
other	0.8530567803637595	-0.3058364090878661	6.133522057088936
other	0.8530425601048143	-1.1756509252873022	11.098779134295228
other	0.8523228319577401	-0.8204834769395644	11.34809953513809
other	0.8523228319577401	-0.8841486099969733	7.874015748031496
other	0.8520665708639971	-0.9563743293673954	4.268943436499467
other	0.8516772530428987	-0.5140562939656078	13.295346628679962
other	0.8515547259681392	-1.6602257516317922	12.539184952978056
other	0.8511366140855173	-0.9655116236147094	12.49442213297635
other	0.8511366140855173	-1.068093520501889	16.066481994459835
other	0.8508565606941907	-0.445714314437606	9.01449628456572
other	0.8508109238403826	-1.3349591225687392	10.230622507369516
other	0.8501045695169411	-1.512852743896352	11.911207363291824
other	0.8499236196689838	-0.3020191143743515	8.030173987103053
other	0.8497573644193874	-0.9965835126487516	9.39306358381503
other	0.849609757523251	-1.5665118347222964	9.29203539823009
other	0.8495083734725495	-0.2595520106979747	8.414074451810302
other	0.8487991838123211	-1.1948366988158865	12.873134328358208
other	0.8484961953783756	-0.7989157094004135	6.892230576441103
other	0.8479969065549501	1.5324950808270206	8.81201044386423
other	0.8479969065549501	1.2003661150064493	4.512635379061372
other	0.8479969065549501	0.8524428115861422	14.091470951792337
other	0.8479969065549501	-1.125839512963395	10.56859015007398
other	0.8479969065549501	-0.7230934195846487	10.897768552153606
other	0.8479969065549501	-2.327413633971092	15.792798483891344
other	0.847148511916629	-1.231221443260753	6.813020439061317
other	0.8468985471255073	-0.9834481623468692	13.506493506493506
other	0.8467035895334295	0.0039467250202059	6.469500924214418
other	0.8458290698722398	-1.1704851625989865	12.344107915500128
other	0.8456718536087061	-0.3502477710350084	6.60569105691057
other	0.8454900509443752	-0.2538953340454479	8.653122648607976
other	0.8450253400236591	-0.7002733269246124	7.171314741035856
other	0.8446534634805797	-0.9407914406704168	10.97366320830008
other	0.8443491295398057	-0.5241874884583514	11.7975117975118
other	0.8427192078099104	-0.6288700969519383	13.958125623130607
other	0.8424587230135201	1.3090002597859742	7.339449541284404
other	0.8424587230135201	-1.0868078745886662	10.224948875255624
other	0.8422824470897777	-1.4743475378221738	12.42571582928147
other	0.8421528015465053	-1.0239304864199383	12.338425381903642
other	0.8421203402182807	0.4027591695004071	10.869565217391305
other	0.8413022539809418	-0.311039778744626	10.340865568747606
other	0.8413022539809418	-0.3150054948582766	12.724550898203592
other	0.8410104762388433	-0.6335969021297241	8.760951188986233
other	0.8408014051507462	-1.0626631870000238	7.531865585168019
other	0.8400590871303097	0.2449787760197464	6.355932203389831
other	0.8398537332463357	-0.3648375701823811	8.88888888888889
other	0.8395353278067539	1.7130673264688414	9.487666034155597
other	0.8395353278067539	-0.6115976272246227	13.181332383327396
other	0.8392266969272179	-1.31969654758878	13.5312090790048
other	0.8388522443321365	-1.0938883210098618	11.542239685658153
other	0.8388232022970142	-0.5065709567729596	7.465618860510805
other	0.8386845427761676	-0.7900104421978204	8.863132776546788
other	0.8385365773058838	-1.442884732420867	7.268951194184839
other	0.8385036206282683	-1.0892389109798517	9.915611814345992
other	0.8383949074436509	-0.8743700443065751	14.161220043572984
other	0.8382489300033878	-2.7822639410947736	7.347352419559159
other	0.8382489300033878	-0.756865151603911	11.904761904761903
other	0.8377285711011229	-0.6071771175886066	7.6923076923076925
other	0.8377285711011229	-1.415037499278844	18.59504132231405
other	0.83761014312061	-1.5115862440470658	12.003000750187548
other	0.8373496623554416	-0.3403584438694216	10.3048518677544
other	0.8370536631870792	-1.722993214337684	12.9926375054136
other	0.8369944124974783	-0.6646568951686226	13.564431047475509
other	0.8366856259105717	-0.8903294217180607	12.349691257718558
other	0.8365012677171206	-0.7787181683532077	10.226442658875092
other	0.8365012677171206	-1.0995356735509143	8.849557522123893
other	0.8365012677171206	-0.5263772522096885	13.795674869500374
other	0.8365012677171206	-0.8776260011033239	13.232514177693762
other	0.8365012677171206	-0.0400597178301897	9.903791737408037
other	0.8365012677171206	-1.4459329001137151	11.78559896674201
other	0.8365012677171206	-1.2861000157517355	12.505269074048051
other	0.8361751980941055	-1.0328419954328478	12.116316639741518
other	0.8359949701015055	-0.1869244831770391	10.435090201627167
other	0.8359618416346019	-0.8957439763740594	10.26694045174538
other	0.8358478238888337	-1.3345871690989477	7.844276583381755
other	0.8355391502817371	-0.6497621295637128	10.172143974960877
other	0.8352119319113305	-1.3666277418826411	3.875968992248062
other	0.8352038800029882	-0.8994253417725591	10.898158586997369
other	0.8351891302543298	-0.6182649839757663	8.64864864864865
other	0.8347350071460276	-1.4995487599984798	14.357501794687725
other	0.8345763907926285	-0.2711108415322823	10.64333017975402
other	0.8339900485610707	-1.166200659388417	10.273972602739724
other	0.8335388538612591	-0.701837090491564	13.218770654329148
other	0.8332353394510157	-1.6504577772576874	11.594689968072592
other	0.8331809094255092	-0.2619487747788107	10.194174757281552
other	0.8331357256599945	-0.6135734677414441	11.724659606656582
other	0.8328900141647416	-0.2279630917629616	8.450704225352112
other	0.832648942221514	-0.9959365502976086	9.873495834618945
other	0.8323797910673074	-1.4977867700710126	14.179283826003363
other	0.8314942756430218	-0.4493430210247591	6.986268369067695
other	0.831400396024255	0.015826489995069	9.07715582450832
other	0.831400396024255	-0.7947278485178026	12.693935119887165
other	0.8311389890485439	-1.2760974136953986	12.030516431924882
other	0.8308009710387284	-0.8196683627282813	10.815173527037931
other	0.8307189151231144	-1.0492860541795672	11.487650775416428
other	0.8303220142317589	-1.1336130424332738	7.425149700598802
other	0.8300749985576875	1.3481379742102109	5.370157268891446
other	0.8300749985576875	0.4036750768723778	7.515265382808831
other	0.8297661694778636	-1.0801143839912477	7.64006791171477
other	0.8291993111008241	-1.6627444255822286	7.907979870596693
other	0.8280473172107051	-0.6548021257897906	9.662553887319756
other	0.8277089464825893	-1.6875325318318737	9.66405890473999
other	0.8271634031377844	0.3904923813704338	8.107423359513556
other	0.8263830934488874	-0.4436789772883628	10.657921705267473
other	0.8259706002249511	-1.2128853355920728	12.940330697340045
other	0.8259706002249511	-0.8285491443267274	11.601796407185628
other	0.8251661981740648	-0.7169880686808302	8.939974457215836
other	0.8249132934419087	-1.0545949752729136	10.82195310486988
other	0.8245821273330523	-1.5406127470663	12.139997417021826
other	0.8245232528751508	-1.5997293725110917	12.939001848428836
other	0.8244284354165455	0.1851415677092881	9.71502590673575
other	0.8244284354165455	-1.1800492187160196	20.66374452097683
other	0.8236772273595371	-1.589284546986844	7.022471910112359
other	0.8233803459836794	-1.188741583874924	7.571660356949702
other	0.8231222379159207	-1.7844285252080967	9.803921568627452
other	0.8231222379159207	-0.321347416658195	10.569456427955137
other	0.8221182747293445	-0.8558746354608154	7.965407373691398
other	0.8219076776862893	-1.585116314361783	13.749641936407906
other	0.8216627587414875	-0.4611339138682979	13.299556681443953
other	0.8210298589546806	-0.862496476250065	6.330292310556693
other	0.8209896506231084	-0.7166836555966851	8.769365682548964
other	0.8209350103276526	-1.1430510099288225	10.300981812328988
other	0.8208725055116617	-1.0294017917470943	9.282700421940929
other	0.8201789624151877	-0.5177312077446713	10.41124414367517
other	0.8200213338937647	-0.6344311769854563	8.890980236762594
other	0.8196681834964555	-0.9551679184535128	8.705114254624592
other	0.819427754358179	-0.5557958355562713	11.75917215428034
other	0.819427754358179	-1.0360160190777463	9.2
other	0.819368492716285	-1.0872079792193046	9.86252241482367
other	0.8176232575114312	-0.4025812646464401	14.98012840110058
other	0.8171359428501894	-1.2713020218173945	8.515611955251295
other	0.8155754288625726	2.09515723304034	9.576505639497766
other	0.8155754288625726	-1.2078928516413328	9.762900976290098
other	0.8155754288625726	-0.9177212604478886	13.21767864518794
other	0.8145147136304701	-0.8866558854014804	14.78415138971023
other	0.8142085930986666	-0.814226793739641	9.04977375565611
other	0.8139880143900512	-0.6141329997870719	8.231707317073171
other	0.8129144473995048	-0.4192252962422773	9.386523633925576
other	0.8129144473995048	-0.7708096884036515	8.271298593879239
other	0.8126298640982783	-1.9377495709537176	9.4948727687049
other	0.8118283986369119	-0.858380299434025	11.428571428571429
other	0.8114131386319575	-1.6334825613025246	13.962765957446807
other	0.8112806252714041	-0.7787664590451554	12.288786482334867
other	0.810966175609983	-0.2718428634510532	10.713192531374348
other	0.810966175609983	-1.5288737363805631	11.7442366246194
other	0.810966175609983	-0.6107225299531076	13.969732246798603
other	0.8104837349102411	-0.8263128936809657	10.263929618768328
other	0.8102225338959651	-1.4865469813622103	18.38235294117647
other	0.8095380675549929	-0.8580453357449738	8.233841086867022
other	0.8088251430270549	-1.6837222075178953	16.477049823460177
other	0.8073549220576041	0.910994993941255	12.61904761904762
other	0.8073549220576041	0.6181293646563554	6.692822524809601
other	0.8073549220576041	-0.4104983396636763	10.296242774566474
other	0.8073549220576041	-1.2451124978365316	14.084507042253522
other	0.8073549220576041	-2.0297473433940523	8.57449088960343
other	0.8073549220576041	-0.9623826555266832	7.258514796203238
other	0.8073549220576041	-1.4184810032604156	6.7551266586248495
other	0.8073549220576041	-2.467584081566529	11.268985791278784
other	0.8073549220576041	-2.9248571421379674	10.73279052553664
other	0.8073549220576041	-1.2656206539854082	11.649755730928222
other	0.8073549220576041	-1.8365012677171204	11.71875
other	0.8066160257336987	-1.790717189116732	14.402781226719643
other	0.8065942075443876	-1.5090017689977742	10.305028854080792
other	0.8057807865594936	-0.9421456145343742	15.514809590973202
other	0.8054791763677763	-1.766051911686233	11.295681063122924
other	0.8046857352816197	-1.1525494404373586	14.858841010401187
other	0.804275529125632	-1.2940268668328694	11.695906432748536
other	0.8038574778213772	-0.1448127845771799	11.169284467713789
other	0.8037346063789073	-0.7711100977311613	13.761467889908255
other	0.8036027871964965	-0.4095319781309597	8.29127613554434
other	0.8029631529404464	-0.8655846580376353	10.79734219269103
other	0.802553935793783	0.1858665453113336	10.673234811165846
other	0.802553935793783	-2.1735174881078705	11.988424968995451
other	0.8023381895632494	-0.2039464285238452	9.024818250188016
other	0.8021577179927236	-0.1085918108538706	7.644197359277276
other	0.8003909743078398	-0.8845874180067402	7.970244420828906
other	0.800250135508747	-1.5778535963037132	13.66535074400243
other	0.8001263722835199	-0.917127032732014	7.517512386810182
other	0.7997817023528032	-1.0016200956681618	13.781697905181918
other	0.7990873060740036	-0.8179396726987704	6.335797254487857
other	0.7988993184018838	-1.1693067841219464	11.931634956465656
other	0.7988601278921487	-0.6116220629092957	12.424242424242424
other	0.7984198895071646	-2.035064305802177	8.360128617363344
other	0.7983661388303495	0.6315418993007456	6.259389083625438
other	0.7983661388303495	-0.4988058569714415	4.868270332187858
other	0.7980411709179744	-0.1092649298053948	9.00900900900901
other	0.7979813688478342	-1.0157335658169662	14.97763081112624
other	0.7977196252453025	-0.9141337722186196	8.447043534762832
other	0.797417546076768	-0.6484526298381341	8.548707753479125
other	0.797315250081038	-0.8459482054993872	11.0126242277733
other	0.7972275461221981	-1.8880467496329705	6.930842248003616
other	0.7971831170003129	-0.5000736031346431	11.82033096926714
other	0.7969683038259057	-1.4592506753508383	12.990455991516436
other	0.7969549928663462	-0.4143943683183934	7.804878048780488
other	0.796466605914868	0.0661863353624752	9.704641350210972
other	0.796466605914868	-1.37213954084113	6.680026720106881
other	0.7960053715233666	-0.8817520661869152	11.627906976744184
other	0.7953822803915281	0.0125065945411187	7.59144237405107
other	0.7953822803915281	-0.1522691355263548	7.666666666666666
other	0.7952462348408696	-0.8202922661749731	7.678883071553229
