group	fraction_aag_like_cds	fraction_aag_like_3utr
other	0.5652173913043478	0.4347826086956521
low_clip_control	0.6875	0.0625
other	0.9545454545454546	0.0227272727272727
low_clip_control	0.4411764705882353	0.5588235294117647
other	0.2	0.8
low_clip_control	0.6296296296296297	0.2962962962962963
low_clip_control	0.75	0.25
other	0.36	0.6
other	0.9565217391304348	0.0434782608695652
low_clip_control	0.7741935483870968	0.0967741935483871
low_clip_control	0.3181818181818182	0.5909090909090909
low_clip_control	0.6136363636363636	0.2272727272727272
low_clip_control	0.7222222222222222	0.2777777777777778
low_clip_control	0.4615384615384615	0.5384615384615384
low_clip_control	0.5714285714285714	0.0
low_clip_control	0.4883720930232558	0.4651162790697674
low_clip_control	0.3076923076923077	0.6153846153846154
other	0.2295081967213114	0.7377049180327869
other	0.3018867924528302	0.660377358490566
low_clip_control	0.9090909090909092	0.0
low_clip_control	0.4509803921568627	0.5490196078431373
other	0.3783783783783784	0.5675675675675675
high_clip_target	0.5925925925925926	0.3703703703703703
low_clip_control	0.375	0.5
other	0.5714285714285714	0.4285714285714285
other	0.875	0.0
other	0.7142857142857143	0.1428571428571428
functional_target	0.6756756756756757	0.3243243243243243
other	0.4222222222222222	0.5111111111111111
low_clip_control	1.0	0.0
low_clip_control	0.4333333333333333	0.5
low_clip_control	0.8095238095238095	0.1904761904761904
low_clip_control	0.4166666666666667	0.3333333333333333
low_clip_control	0.9090909090909092	0.0
other	0.5416666666666666	0.4583333333333333
low_clip_control	0.1111111111111111	0.6666666666666666
low_clip_control	1.0	0.0
other	0.984126984126984	0.0158730158730158
other	0.8	0.2
low_clip_control	0.8235294117647058	0.1764705882352941
low_clip_control	0.8181818181818182	0.1818181818181818
other	0.7333333333333333	0.2
functional_target	0.84375	0.0625
low_clip_control	0.9444444444444444	0.0555555555555555
functional_target	0.5806451612903226	0.3870967741935484
low_clip_control	0.2727272727272727	0.7090909090909091
low_clip_control	0.625	0.375
low_clip_control	0.8235294117647058	0.0588235294117647
low_clip_control	0.4444444444444444	0.4444444444444444
low_clip_control	0.4736842105263157	0.4210526315789473
functional_target	0.4193548387096774	0.5806451612903226
low_clip_control	0.3783783783783784	0.5945945945945946
other	0.4444444444444444	0.3333333333333333
low_clip_control	0.6086956521739131	0.391304347826087
other	0.6333333333333333	0.3
other	0.2222222222222222	0.6111111111111112
other	0.75	0.0
other	0.3043478260869565	0.6739130434782609
low_clip_control	0.2105263157894736	0.6842105263157895
other	0.3333333333333333	0.6296296296296297
other	0.1666666666666666	0.8333333333333334
other	0.8636363636363636	0.0
high_clip_target	0.3870967741935484	0.4516129032258064
low_clip_control	0.6724137931034483	0.2586206896551724
other	0.9380530973451328	0.0619469026548672
other	0.7346938775510204	0.2448979591836734
other	0.3888888888888889	0.6111111111111112
low_clip_control	0.8421052631578947	0.0526315789473684
low_clip_control	0.75	0.125
low_clip_control	0.4285714285714285	0.5714285714285714
other	0.8648648648648649	0.0
low_clip_control	0.2727272727272727	0.6666666666666666
low_clip_control	1.0	0.0
low_clip_control	0.5625	0.4375
low_clip_control	0.6363636363636364	0.3409090909090909
low_clip_control	0.7297297297297297	0.1621621621621621
low_clip_control	0.8275862068965517	0.1724137931034483
low_clip_control	0.8333333333333334	0.1666666666666666
other	0.5238095238095238	0.4523809523809524
low_clip_control	0.782608695652174	0.1739130434782608
low_clip_control	0.7121212121212122	0.1969696969696969
low_clip_control	0.8148148148148148	0.1851851851851851
low_clip_control	0.546875	0.421875
low_clip_control	0.0975609756097561	0.8780487804878049
low_clip_control	0.5	0.4444444444444444
other	0.6086956521739131	0.3478260869565217
other	0.631578947368421	0.3684210526315789
low_clip_control	0.3333333333333333	0.6666666666666666
low_clip_control	0.4888888888888889	0.4888888888888889
low_clip_control	0.2571428571428571	0.7142857142857143
other	0.6875	0.3125
low_clip_control	0.6923076923076923	0.2307692307692307
other	0.6	0.4
low_clip_control	0.7083333333333334	0.2916666666666667
low_clip_control	0.90625	0.0625
other	0.5357142857142857	0.2142857142857142
other	0.4666666666666667	0.2666666666666666
low_clip_control	0.2608695652173913	0.6956521739130435
low_clip_control	0.717948717948718	0.282051282051282
low_clip_control	0.5909090909090909	0.3181818181818182
low_clip_control	0.4166666666666667	0.4583333333333333
other	0.2857142857142857	0.7142857142857143
low_clip_control	0.7142857142857143	0.0
low_clip_control	0.8636363636363636	0.0909090909090909
other	0.3478260869565217	0.5217391304347826
low_clip_control	0.875	0.125
low_clip_control	0.8	0.2
low_clip_control	0.7586206896551724	0.1724137931034483
low_clip_control	0.5384615384615384	0.2307692307692307
other	0.5217391304347826	0.391304347826087
low_clip_control	0.75	0.15625
low_clip_control	0.4090909090909091	0.5
low_clip_control	0.7	0.2
other	0.64	0.3333333333333333
low_clip_control	0.4166666666666667	0.5833333333333334
low_clip_control	0.6666666666666666	0.3333333333333333
other	0.6363636363636364	0.0909090909090909
low_clip_control	0.7222222222222222	0.2222222222222222
low_clip_control	0.6111111111111112	0.2777777777777778
other	0.7	0.1
low_clip_control	0.8181818181818182	0.1818181818181818
low_clip_control	1.0	0.0
low_clip_control	0.6	0.2
other	0.34375	0.625
other	0.2903225806451613	0.6451612903225806
low_clip_control	0.935064935064935	0.0
high_clip_target	0.946153846153846	0.0307692307692307
low_clip_control	0.2368421052631578	0.7631578947368421
other	0.6071428571428571	0.3214285714285714
other	0.8333333333333334	0.1666666666666666
low_clip_control	0.7222222222222222	0.0555555555555555
other	0.5	0.5
low_clip_control	0.2	0.7428571428571429
low_clip_control	0.25	0.7272727272727273
other	0.7368421052631579	0.2631578947368421
low_clip_control	0.8095238095238095	0.1666666666666666
low_clip_control	0.9090909090909092	0.0909090909090909
low_clip_control	0.9444444444444444	0.0
low_clip_control	0.8333333333333334	0.125
low_clip_control	0.8333333333333334	0.0833333333333333
low_clip_control	0.8461538461538461	0.0769230769230769
high_clip_target	0.2884615384615384	0.7115384615384616
low_clip_control	0.7619047619047619	0.1428571428571428
low_clip_control	0.8571428571428571	0.1428571428571428
low_clip_control	0.7083333333333334	0.25
other	0.3076923076923077	0.6923076923076923
high_clip_target	0.3055555555555556	0.6944444444444444
low_clip_control	0.8620689655172413	0.1034482758620689
low_clip_control	0.6666666666666666	0.25
low_clip_control	0.2592592592592592	0.6666666666666666
other	0.4615384615384615	0.2307692307692307
other	0.7647058823529411	0.2352941176470588
other	0.9230769230769232	0.0769230769230769
low_clip_control	0.8571428571428571	0.0476190476190476
other	0.6666666666666666	0.3
low_clip_control	0.8333333333333334	0.1666666666666666
low_clip_control	0.6818181818181818	0.3181818181818182
low_clip_control	1.0	0.0
other	0.1071428571428571	0.8571428571428571
low_clip_control	0.9230769230769232	0.0
other	0.5	0.3888888888888889
other	0.8421052631578947	0.131578947368421
other	0.8888888888888888	0.1111111111111111
low_clip_control	0.75	0.1875
low_clip_control	0.4727272727272727	0.4909090909090909
other	0.7368421052631579	0.2631578947368421
low_clip_control	0.5	0.3888888888888889
low_clip_control	0.8333333333333334	0.1666666666666666
high_clip_target	0.3448275862068966	0.5172413793103449
low_clip_control	0.6785714285714286	0.3214285714285714
low_clip_control	0.75	0.25
low_clip_control	0.6296296296296297	0.3703703703703703
other	0.84375	0.125
other	0.6206896551724138	0.2758620689655172
low_clip_control	0.6226415094339622	0.3584905660377358
low_clip_control	0.6470588235294118	0.2941176470588235
low_clip_control	0.5	0.5
low_clip_control	1.0	0.0
low_clip_control	0.6111111111111112	0.3888888888888889
other	0.5	0.3947368421052631
low_clip_control	0.8076923076923077	0.1923076923076923
other	0.6190476190476191	0.2857142857142857
other	0.75	0.0
other	0.4479166666666667	0.5416666666666666
low_clip_control	0.5294117647058824	0.4705882352941176
low_clip_control	0.75	0.1875
low_clip_control	0.9545454545454546	0.0
low_clip_control	0.9166666666666666	0.0833333333333333
other	0.64	0.32
other	0.6	0.4
low_clip_control	0.8958333333333334	0.0833333333333333
low_clip_control	0.5625	0.375
low_clip_control	0.9	0.0
other	0.4705882352941176	0.4117647058823529
low_clip_control	0.0	1.0
other	0.75	0.25
low_clip_control	0.9705882352941176	0.0
low_clip_control	0.2307692307692307	0.6153846153846154
other	0.4444444444444444	0.5555555555555556
other	0.2857142857142857	0.6666666666666666
low_clip_control	0.7894736842105263	0.1052631578947368
low_clip_control	0.5789473684210527	0.1052631578947368
other	0.875	0.125
low_clip_control	0.6666666666666666	0.1428571428571428
other	0.5357142857142857	0.3571428571428571
other	0.3636363636363636	0.6363636363636364
other	0.8333333333333334	0.0833333333333333
other	0.5	0.0
other	0.2857142857142857	0.673469387755102
low_clip_control	0.9090909090909092	0.0454545454545454
low_clip_control	0.875	0.0833333333333333
other	0.3333333333333333	0.6666666666666666
low_clip_control	0.7142857142857143	0.2857142857142857
low_clip_control	0.65	0.3
low_clip_control	0.75	0.0
other	0.5526315789473685	0.3947368421052631
other	0.7777777777777778	0.1851851851851851
low_clip_control	0.4444444444444444	0.1111111111111111
low_clip_control	0.3571428571428571	0.6428571428571429
low_clip_control	0.9166666666666666	0.0277777777777777
low_clip_control	0.3666666666666666	0.6
functional_target	0.9642857142857144	0.0
other	0.5833333333333334	0.2916666666666667
low_clip_control	0.782608695652174	0.1304347826086956
low_clip_control	0.65	0.05
low_clip_control	0.4516129032258064	0.5483870967741935
other	0.6875	0.0625
low_clip_control	0.7241379310344828	0.1379310344827586
low_clip_control	0.9746835443037974	0.0
high_clip_target	0.2631578947368421	0.7368421052631579
low_clip_control	0.9615384615384616	0.0384615384615384
low_clip_control	0.7	0.3
low_clip_control	0.6818181818181818	0.2272727272727272
other	0.2753623188405797	0.7246376811594203
low_clip_control	0.8548387096774194	0.1451612903225806
other	0.8285714285714286	0.1428571428571428
other	0.8421052631578947	0.0
low_clip_control	0.6326530612244898	0.2653061224489796
low_clip_control	1.0	0.0
other	0.6923076923076923	0.1538461538461538
other	0.5	0.0
other	0.7333333333333333	0.2666666666666666
low_clip_control	0.8285714285714286	0.1428571428571428
high_clip_target	0.7845303867403315	0.2154696132596685
low_clip_control	0.34375	0.5625
low_clip_control	0.2	0.6
low_clip_control	0.8631578947368421	0.0631578947368421
low_clip_control	0.9	0.04
low_clip_control	0.7	0.2
other	0.6363636363636364	0.1818181818181818
low_clip_control	0.5	0.25
low_clip_control	0.55	0.4
low_clip_control	0.3846153846153846	0.6153846153846154
low_clip_control	0.1818181818181818	0.5454545454545454
low_clip_control	0.875	0.0833333333333333
other	0.1724137931034483	0.8275862068965517
other	0.9090909090909092	0.0
low_clip_control	0.4444444444444444	0.5
other	0.1964285714285714	0.8035714285714286
low_clip_control	0.8421052631578947	0.0526315789473684
low_clip_control	0.66	0.32
low_clip_control	0.7058823529411765	0.2352941176470588
high_clip_target	0.5	0.4761904761904761
other	0.7142857142857143	0.0
low_clip_control	0.8	0.2
low_clip_control	0.7857142857142857	0.2142857142857142
low_clip_control	0.6031746031746031	0.3492063492063492
other	0.2045454545454545	0.7954545454545454
low_clip_control	0.8333333333333334	0.1
low_clip_control	0.8181818181818182	0.1818181818181818
other	0.75	0.1666666666666666
low_clip_control	0.5	0.5
low_clip_control	0.6153846153846154	0.3461538461538461
low_clip_control	0.9696969696969696	0.0303030303030303
other	0.6632653061224489	0.2959183673469387
low_clip_control	0.2	0.8
low_clip_control	0.6666666666666666	0.25
low_clip_control	0.6153846153846154	0.3846153846153846
other	0.4814814814814814	0.4074074074074074
other	0.8636363636363636	0.0909090909090909
low_clip_control	0.8611111111111112	0.0555555555555555
other	0.1333333333333333	0.8666666666666667
low_clip_control	0.7666666666666667	0.2333333333333333
other	0.5833333333333334	0.0833333333333333
low_clip_control	0.8461538461538461	0.0
low_clip_control	0.4	0.45
low_clip_control	0.4761904761904761	0.5238095238095238
other	0.2857142857142857	0.7142857142857143
other	0.8235294117647058	0.1764705882352941
high_clip_target	0.5740740740740741	0.3888888888888889
other	0.3043478260869565	0.6956521739130435
low_clip_control	0.4782608695652174	0.2608695652173913
low_clip_control	0.6	0.2
low_clip_control	0.6	0.4
other	0.725	0.275
low_clip_control	0.6956521739130435	0.3043478260869565
low_clip_control	1.0	0.0
low_clip_control	0.625	0.0
low_clip_control	0.9230769230769232	0.0
low_clip_control	0.4545454545454545	0.3636363636363636
low_clip_control	0.7777777777777778	0.1111111111111111
high_clip_target	0.2727272727272727	0.7121212121212122
low_clip_control	0.0	0.975
other	0.75	0.2321428571428571
low_clip_control	1.0	0.0
low_clip_control	0.6153846153846154	0.3846153846153846
high_clip_target	0.6363636363636364	0.2727272727272727
low_clip_control	0.7777777777777778	0.2222222222222222
low_clip_control	0.7945205479452054	0.1506849315068493
low_clip_control	0.8333333333333334	0.1458333333333333
low_clip_control	0.75	0.1875
low_clip_control	0.85	0.1
other	0.8301886792452831	0.1698113207547169
low_clip_control	0.6	0.3333333333333333
low_clip_control	0.8181818181818182	0.0454545454545454
low_clip_control	0.5	0.375
other	0.7142857142857143	0.25
other	0.6470588235294118	0.0588235294117647
low_clip_control	0.6	0.3
other	0.6551724137931034	0.2068965517241379
low_clip_control	0.9393939393939394	0.0303030303030303
other	0.9285714285714286	0.0714285714285714
low_clip_control	0.945945945945946	0.027027027027027
low_clip_control	0.75	0.125
low_clip_control	0.5714285714285714	0.2857142857142857
other	0.8846153846153846	0.0769230769230769
low_clip_control	0.75	0.125
other	0.9565217391304348	0.0434782608695652
other	1.0	0.0
other	0.5384615384615384	0.3846153846153846
low_clip_control	0.4285714285714285	0.4761904761904761
other	0.3076923076923077	0.5769230769230769
other	0.8073394495412844	0.1559633027522936
low_clip_control	0.9090909090909092	0.0454545454545454
other	0.9	0.0
other	0.7	0.1
other	0.4545454545454545	0.4545454545454545
low_clip_control	0.6956521739130435	0.2608695652173913
other	0.1794871794871795	0.7948717948717948
other	0.8333333333333334	0.125
low_clip_control	0.8421052631578947	0.1578947368421052
low_clip_control	0.5	0.5
other	0.1818181818181818	0.7727272727272727
low_clip_control	0.9069767441860463	0.0697674418604651
low_clip_control	0.8333333333333334	0.0833333333333333
low_clip_control	0.2941176470588235	0.6764705882352942
low_clip_control	1.0	0.0
low_clip_control	0.9761904761904762	0.0238095238095238
low_clip_control	0.7763157894736842	0.2236842105263158
other	0.3793103448275862	0.6206896551724138
other	0.5238095238095238	0.3809523809523809
other	0.8888888888888888	0.1111111111111111
other	0.6470588235294118	0.1764705882352941
low_clip_control	0.9615384615384616	0.0384615384615384
low_clip_control	0.4	0.1
high_clip_target	0.5277777777777778	0.4444444444444444
other	0.8	0.2
other	0.2638888888888889	0.7361111111111112
high_clip_target	0.9298245614035088	0.0175438596491228
other	0.5172413793103449	0.4482758620689655
low_clip_control	0.5	0.3888888888888889
low_clip_control	0.5357142857142857	0.4285714285714285
other	0.8214285714285714	0.1785714285714285
low_clip_control	0.7333333333333333	0.2333333333333333
low_clip_control	0.8333333333333334	0.0416666666666666
low_clip_control	0.6875	0.3125
other	0.9375	0.0625
other	0.3636363636363636	0.5909090909090909
low_clip_control	0.7333333333333333	0.2666666666666666
low_clip_control	0.6363636363636364	0.1818181818181818
low_clip_control	0.6923076923076923	0.0769230769230769
other	0.5833333333333334	0.2222222222222222
high_clip_target	0.5757575757575758	0.4242424242424242
other	0.2580645161290322	0.6451612903225806
other	0.4545454545454545	0.3636363636363636
low_clip_control	0.7142857142857143	0.1428571428571428
low_clip_control	0.2195121951219512	0.7804878048780488
low_clip_control	0.625	0.3125
low_clip_control	0.4482758620689655	0.5172413793103449
low_clip_control	0.75	0.25
other	0.8571428571428571	0.1428571428571428
low_clip_control	0.5714285714285714	0.0
other	0.1111111111111111	0.7777777777777778
low_clip_control	0.8	0.2
low_clip_control	0.8421052631578947	0.1578947368421052
other	0.8518518518518519	0.1296296296296296
low_clip_control	0.48	0.16
other	0.1020408163265306	0.7346938775510204
low_clip_control	0.7560975609756098	0.2195121951219512
other	0.3	0.6
other	0.2692307692307692	0.6538461538461539
other	0.3	0.475
low_clip_control	0.2307692307692307	0.7692307692307693
other	0.5	0.5
low_clip_control	0.7	0.1
low_clip_control	0.8181818181818182	0.0
other	0.8888888888888888	0.1111111111111111
high_clip_target	0.8666666666666667	0.1333333333333333
low_clip_control	0.72	0.2
low_clip_control	0.75	0.2
high_clip_target	0.9829059829059827	0.017094017094017
other	0.4590163934426229	0.4754098360655737
low_clip_control	0.7777777777777778	0.0555555555555555
low_clip_control	0.6875	0.28125
low_clip_control	0.8571428571428571	0.1071428571428571
low_clip_control	0.8571428571428571	0.0476190476190476
low_clip_control	0.5238095238095238	0.4523809523809524
other	0.375	0.5
low_clip_control	0.8214285714285714	0.0714285714285714
low_clip_control	0.625	0.25
low_clip_control	0.2916666666666667	0.4166666666666667
low_clip_control	0.6875	0.25
high_clip_target	0.6756756756756757	0.3108108108108108
low_clip_control	0.75	0.25
low_clip_control	0.8636363636363636	0.0454545454545454
low_clip_control	0.5	0.5
low_clip_control	0.25	0.625
low_clip_control	0.6190476190476191	0.3809523809523809
low_clip_control	1.0	0.0
low_clip_control	0.9090909090909092	0.0681818181818181
low_clip_control	0.4666666666666667	0.1333333333333333
low_clip_control	0.8	0.15
low_clip_control	0.5	0.3333333333333333
other	0.2666666666666666	0.6666666666666666
other	0.7741935483870968	0.064516129032258
other	0.2972972972972973	0.6216216216216216
low_clip_control	0.3529411764705882	0.6176470588235294
functional_target	0.1111111111111111	0.7777777777777778
low_clip_control	0.4705882352941176	0.0588235294117647
low_clip_control	0.4285714285714285	0.5238095238095238
low_clip_control	0.6666666666666666	0.2222222222222222
low_clip_control	0.7272727272727273	0.0909090909090909
low_clip_control	0.8695652173913043	0.0652173913043478
other	0.4	0.3
low_clip_control	0.9655172413793104	0.0
low_clip_control	0.5	0.375
low_clip_control	0.5714285714285714	0.4285714285714285
functional_target	0.4536082474226804	0.5360824742268041
other	0.7	0.2
low_clip_control	0.7142857142857143	0.1904761904761904
low_clip_control	0.25	0.6666666666666666
low_clip_control	0.8571428571428571	0.1428571428571428
other	0.1111111111111111	0.8888888888888888
low_clip_control	0.9	0.1
low_clip_control	0.625	0.375
low_clip_control	0.8571428571428571	0.1428571428571428
other	0.5714285714285714	0.4285714285714285
other	0.6363636363636364	0.2272727272727272
other	0.6	0.4
low_clip_control	0.7777777777777778	0.1481481481481481
low_clip_control	0.6666666666666666	0.0
low_clip_control	0.7142857142857143	0.238095238095238
low_clip_control	0.4666666666666667	0.4
low_clip_control	0.2272727272727272	0.7272727272727273
functional_target	0.5	0.5
low_clip_control	0.5357142857142857	0.4285714285714285
other	0.2156862745098039	0.7843137254901961
low_clip_control	0.68	0.24
low_clip_control	0.8709677419354839	0.0967741935483871
other	0.7142857142857143	0.238095238095238
low_clip_control	0.9594594594594594	0.0135135135135135
low_clip_control	0.4210526315789473	0.5263157894736842
low_clip_control	0.875	0.0
other	0.2631578947368421	0.5789473684210527
low_clip_control	0.3125	0.6875
functional_target	0.5531914893617021	0.3404255319148936
low_clip_control	0.5	0.4230769230769231
low_clip_control	0.6470588235294118	0.1764705882352941
low_clip_control	0.75	0.2115384615384615
low_clip_control	0.8461538461538461	0.0512820512820512
low_clip_control	0.9166666666666666	0.0833333333333333
low_clip_control	0.4375	0.4375
low_clip_control	0.9649122807017544	0.0
low_clip_control	0.625	0.25
other	0.5555555555555556	0.3888888888888889
high_clip_target	0.896551724137931	0.0689655172413793
low_clip_control	0.5454545454545454	0.3636363636363636
other	0.9777777777777776	0.0
low_clip_control	0.631578947368421	0.3684210526315789
low_clip_control	0.6428571428571429	0.2857142857142857
low_clip_control	0.8823529411764706	0.1176470588235294
low_clip_control	0.7931034482758621	0.1724137931034483
low_clip_control	0.6521739130434783	0.1304347826086956
low_clip_control	0.75	0.25
other	0.3333333333333333	0.6444444444444445
other	0.22	0.78
low_clip_control	0.2222222222222222	0.6666666666666666
high_clip_target	0.2142857142857142	0.6428571428571429
other	0.1714285714285714	0.7714285714285715
other	0.7142857142857143	0.2857142857142857
low_clip_control	1.0	0.0
other	0.2105263157894736	0.7894736842105263
other	0.5652173913043478	0.0869565217391304
functional_target	0.4523809523809524	0.3095238095238095
other	0.875	0.0
low_clip_control	0.7272727272727273	0.0909090909090909
low_clip_control	0.8571428571428571	0.1428571428571428
low_clip_control	0.6590909090909091	0.3409090909090909
low_clip_control	0.6470588235294118	0.2352941176470588
other	0.5581395348837209	0.4186046511627907
low_clip_control	0.4166666666666667	0.125
low_clip_control	0.4594594594594595	0.4594594594594595
low_clip_control	0.6666666666666666	0.2916666666666667
low_clip_control	0.7692307692307693	0.2307692307692307
low_clip_control	0.1071428571428571	0.8571428571428571
high_clip_target	0.868421052631579	0.1052631578947368
other	0.8571428571428571	0.0
low_clip_control	0.9195402298850576	0.0804597701149425
low_clip_control	0.9090909090909092	0.0606060606060606
low_clip_control	0.8076923076923077	0.0384615384615384
other	1.0	0.0
other	0.5357142857142857	0.4285714285714285
high_clip_target	0.3333333333333333	0.5185185185185185
other	0.7692307692307693	0.1923076923076923
other	0.75	0.1666666666666666
other	0.4871794871794871	0.4615384615384615
other	0.2647058823529412	0.7058823529411765
low_clip_control	1.0	0.0
low_clip_control	0.9473684210526316	0.0526315789473684
low_clip_control	0.5555555555555556	0.4444444444444444
low_clip_control	0.6666666666666666	0.1111111111111111
other	0.7647058823529411	0.1764705882352941
low_clip_control	0.3333333333333333	0.3333333333333333
functional_target	0.2096774193548387	0.7258064516129032
functional_target	0.35	0.575
low_clip_control	1.0	0.0
other	0.75	0.0
low_clip_control	0.4615384615384615	0.5384615384615384
high_clip_target	0.6976744186046512	0.3023255813953488
other	0.4	0.275
low_clip_control	0.9285714285714286	0.0714285714285714
high_clip_target	0.3333333333333333	0.6111111111111112
low_clip_control	0.5789473684210527	0.4210526315789473
low_clip_control	0.1875	0.8125
other	0.4583333333333333	0.5
low_clip_control	0.5625	0.375
functional_target	0.5277777777777778	0.3611111111111111
other	0.7241379310344828	0.1379310344827586
low_clip_control	0.3	0.7
low_clip_control	0.6486486486486487	0.3513513513513513
other	0.8181818181818182	0.1363636363636363
low_clip_control	0.5	0.4090909090909091
low_clip_control	0.6923076923076923	0.2307692307692307
low_clip_control	0.84	0.16
other	0.8857142857142857	0.0285714285714285
other	0.6666666666666666	0.25
low_clip_control	0.74	0.24
high_clip_target	0.5	0.48
low_clip_control	0.9473684210526316	0.0
low_clip_control	0.7857142857142857	0.0714285714285714
low_clip_control	0.5833333333333334	0.4166666666666667
low_clip_control	0.7	0.15
low_clip_control	0.5862068965517241	0.4137931034482758
other	0.6666666666666666	0.3333333333333333
low_clip_control	0.7	0.2
low_clip_control	0.9178082191780822	0.0821917808219178
low_clip_control	0.2727272727272727	0.6363636363636364
low_clip_control	0.2790697674418604	0.6046511627906976
low_clip_control	0.5333333333333333	0.4666666666666667
low_clip_control	0.7142857142857143	0.1428571428571428
other	0.5	0.5
other	0.4666666666666667	0.4
low_clip_control	0.6	0.375
other	0.5238095238095238	0.4285714285714285
low_clip_control	0.8666666666666667	0.0666666666666666
low_clip_control	0.375	0.5625
other	0.8571428571428571	0.1428571428571428
other	0.5813953488372093	0.3720930232558139
high_clip_target	0.5555555555555556	0.4444444444444444
low_clip_control	0.97	0.02
low_clip_control	0.8333333333333334	0.0
low_clip_control	0.7272727272727273	0.2727272727272727
other	0.6538461538461539	0.3076923076923077
low_clip_control	1.0	0.0
low_clip_control	0.7272727272727273	0.1818181818181818
low_clip_control	0.8	0.12
low_clip_control	0.4782608695652174	0.3478260869565217
low_clip_control	0.5714285714285714	0.3571428571428571
other	0.6666666666666666	0.3333333333333333
low_clip_control	0.55	0.2
low_clip_control	0.875	0.125
low_clip_control	0.6	0.4
low_clip_control	1.0	0.0
other	0.8461538461538461	0.0
other	0.7647058823529411	0.1764705882352941
low_clip_control	0.6363636363636364	0.2727272727272727
low_clip_control	0.4444444444444444	0.5555555555555556
other	0.4285714285714285	0.5142857142857142
functional_target	0.25	0.75
low_clip_control	0.8145161290322581	0.1854838709677419
high_clip_target	0.3333333333333333	0.3333333333333333
low_clip_control	0.5	0.1666666666666666
low_clip_control	0.5	0.4615384615384615
other	0.75	0.0
low_clip_control	0.9642857142857144	0.0357142857142857
low_clip_control	0.76	0.16
low_clip_control	0.3333333333333333	0.6666666666666666
other	0.8	0.2
other	0.4736842105263157	0.4736842105263157
low_clip_control	0.7058823529411765	0.1764705882352941
low_clip_control	0.5	0.5
other	0.875	0.0416666666666666
low_clip_control	0.7777777777777778	0.1111111111111111
other	0.7894736842105263	0.0526315789473684
other	0.7333333333333333	0.1333333333333333
low_clip_control	0.9745762711864406	0.0169491525423728
low_clip_control	0.7647058823529411	0.2352941176470588
low_clip_control	0.55	0.35
functional_target	0.273972602739726	0.6712328767123288
other	0.6491228070175439	0.3333333333333333
low_clip_control	0.3	0.65
other	0.8	0.0666666666666666
low_clip_control	0.5555555555555556	0.3333333333333333
other	0.4615384615384615	0.3076923076923077
other	0.6666666666666666	0.3333333333333333
low_clip_control	0.9642857142857144	0.0357142857142857
other	0.6486486486486487	0.3513513513513513
low_clip_control	0.75	0.25
other	0.3103448275862069	0.6896551724137931
low_clip_control	0.6666666666666666	0.2
high_clip_target	0.6666666666666666	0.3333333333333333
low_clip_control	0.7948717948717948	0.1794871794871795
low_clip_control	0.7857142857142857	0.2142857142857142
other	0.5384615384615384	0.4615384615384615
low_clip_control	0.9016393442622952	0.0983606557377049
low_clip_control	1.0	0.0
low_clip_control	0.8125	0.1875
low_clip_control	0.625	0.3333333333333333
low_clip_control	0.1538461538461538	0.3076923076923077
low_clip_control	0.3529411764705882	0.6470588235294118
low_clip_control	0.625	0.375
low_clip_control	0.7666666666666667	0.2333333333333333
other	0.5238095238095238	0.1904761904761904
other	0.1866666666666666	0.8
low_clip_control	0.875	0.0
other	0.8	0.1
high_clip_target	0.5316455696202531	0.4556962025316455
high_clip_target	0.5079365079365079	0.4603174603174603
low_clip_control	0.8928571428571429	0.0357142857142857
low_clip_control	0.5	0.125
functional_target	0.9361702127659576	0.0425531914893617
low_clip_control	0.8181818181818182	0.1212121212121212
other	0.4375	0.53125
low_clip_control	0.3442622950819672	0.6229508196721312
low_clip_control	0.6140350877192983	0.3859649122807017
low_clip_control	0.8333333333333334	0.0555555555555555
other	0.7222222222222222	0.2222222222222222
other	0.6153846153846154	0.3846153846153846
high_clip_target	0.66	0.34
other	0.0961538461538461	0.8076923076923077
low_clip_control	0.8108108108108109	0.1351351351351351
low_clip_control	0.6	0.4
low_clip_control	0.7931034482758621	0.2068965517241379
low_clip_control	0.5555555555555556	0.3333333333333333
other	0.7441860465116279	0.2325581395348837
low_clip_control	0.8333333333333334	0.1666666666666666
low_clip_control	0.6428571428571429	0.2857142857142857
other	0.8	0.0666666666666666
low_clip_control	0.7346938775510204	0.2653061224489796
low_clip_control	0.75	0.125
other	0.34375	0.625
other	0.4117647058823529	0.5882352941176471
low_clip_control	0.5357142857142857	0.4642857142857143
high_clip_target	0.8	0.2
other	0.9090909090909092	0.0909090909090909
high_clip_target	0.7322834645669292	0.2519685039370078
functional_target	0.2	0.8
low_clip_control	0.9166666666666666	0.0
other	0.2272727272727272	0.7272727272727273
low_clip_control	0.95	0.025
low_clip_control	0.631578947368421	0.3157894736842105
other	0.2075471698113207	0.7358490566037735
other	0.45	0.55
low_clip_control	0.475	0.525
low_clip_control	0.8636363636363636	0.0681818181818181
low_clip_control	0.6363636363636364	0.3181818181818182
low_clip_control	0.925	0.075
other	0.2857142857142857	0.5238095238095238
low_clip_control	0.25	0.7
other	0.7105263157894737	0.2631578947368421
low_clip_control	0.9090909090909092	0.0454545454545454
functional_target	0.4090909090909091	0.5909090909090909
low_clip_control	0.625	0.125
low_clip_control	1.0	0.0
low_clip_control	0.3333333333333333	0.6666666666666666
low_clip_control	0.8823529411764706	0.0588235294117647
other	0.9813084112149532	0.0093457943925233
high_clip_target	0.2903225806451613	0.5806451612903226
low_clip_control	0.6585365853658537	0.024390243902439
low_clip_control	0.6153846153846154	0.3846153846153846
low_clip_control	0.5384615384615384	0.4230769230769231
low_clip_control	0.35	0.3
low_clip_control	0.78125	0.21875
low_clip_control	0.048780487804878	0.902439024390244
other	0.9	0.1
low_clip_control	0.5	0.1
low_clip_control	0.3571428571428571	0.4285714285714285
low_clip_control	0.1851851851851851	0.7037037037037037
other	0.6206896551724138	0.3448275862068966
low_clip_control	0.75	0.25
other	0.7142857142857143	0.1785714285714285
low_clip_control	0.9	0.1
other	0.8571428571428571	0.1428571428571428
low_clip_control	0.9285714285714286	0.0238095238095238
low_clip_control	0.8	0.1
low_clip_control	0.5	0.5
other	0.4193548387096774	0.5483870967741935
low_clip_control	0.6666666666666666	0.1666666666666666
high_clip_target	0.1428571428571428	0.7142857142857143
low_clip_control	0.625	0.25
low_clip_control	0.90625	0.0625
low_clip_control	0.96875	0.03125
low_clip_control	0.8888888888888888	0.1111111111111111
other	0.25	0.75
low_clip_control	0.7142857142857143	0.238095238095238
other	0.0759493670886076	0.1265822784810126
other	0.75	0.125
other	0.9770114942528736	0.0114942528735632
low_clip_control	0.0	0.6
low_clip_control	0.75	0.0
other	0.9090909090909092	0.0
low_clip_control	0.7692307692307693	0.0
other	0.8076923076923077	0.1923076923076923
low_clip_control	0.7	0.2
low_clip_control	0.6923076923076923	0.2307692307692307
low_clip_control	0.6666666666666666	0.1666666666666666
other	0.5333333333333333	0.4333333333333333
high_clip_target	0.4285714285714285	0.5
low_clip_control	0.4705882352941176	0.5294117647058824
high_clip_target	0.7142857142857143	0.1632653061224489
low_clip_control	0.2666666666666666	0.6
other	0.8571428571428571	0.1428571428571428
low_clip_control	1.0	0.0
low_clip_control	0.5925925925925926	0.2592592592592592
other	0.2647058823529412	0.6470588235294118
low_clip_control	0.4761904761904761	0.4761904761904761
low_clip_control	0.1923076923076923	0.3846153846153846
high_clip_target	0.4814814814814814	0.4444444444444444
low_clip_control	0.35	0.6
low_clip_control	0.8333333333333334	0.1666666666666666
other	0.9	0.0666666666666666
low_clip_control	0.5294117647058824	0.4117647058823529
other	0.8666666666666667	0.0333333333333333
low_clip_control	0.1428571428571428	0.7142857142857143
other	0.3220338983050847	0.6610169491525424
low_clip_control	0.7857142857142857	0.0714285714285714
low_clip_control	0.7741935483870968	0.2258064516129032
low_clip_control	0.4137931034482758	0.5862068965517241
other	0.5454545454545454	0.4545454545454545
low_clip_control	0.5882352941176471	0.4117647058823529
other	0.8333333333333334	0.0
other	0.3214285714285714	0.6785714285714286
other	0.4659090909090909	0.4886363636363636
other	0.825	0.15
low_clip_control	0.631578947368421	0.2105263157894736
low_clip_control	0.453125	0.53125
low_clip_control	0.7692307692307693	0.1923076923076923
high_clip_target	0.5789473684210527	0.3157894736842105
low_clip_control	0.8	0.2
other	0.6129032258064516	0.3548387096774194
low_clip_control	0.4705882352941176	0.2352941176470588
low_clip_control	0.5909090909090909	0.1136363636363636
low_clip_control	0.9375	0.0625
low_clip_control	0.696969696969697	0.2121212121212121
other	0.9166666666666666	0.0833333333333333
low_clip_control	0.7758620689655172	0.0172413793103448
other	0.875	0.125
low_clip_control	0.3333333333333333	0.5333333333333333
low_clip_control	0.3703703703703703	0.5555555555555556
low_clip_control	0.7894736842105263	0.0526315789473684
other	0.6666666666666666	0.1666666666666666
other	0.84	0.0
other	0.5	0.3888888888888889
low_clip_control	0.8421052631578947	0.1578947368421052
low_clip_control	0.5294117647058824	0.4705882352941176
low_clip_control	0.3333333333333333	0.5833333333333334
other	0.7164179104477612	0.208955223880597
low_clip_control	0.3777777777777777	0.6222222222222222
low_clip_control	0.7037037037037037	0.2222222222222222
high_clip_target	0.8947368421052632	0.0263157894736842
other	0.6190476190476191	0.3333333333333333
other	0.2758620689655172	0.7241379310344828
low_clip_control	0.7857142857142857	0.1428571428571428
other	0.5185185185185185	0.3703703703703703
low_clip_control	0.6428571428571429	0.3571428571428571
low_clip_control	0.9615384615384616	0.0
other	0.7142857142857143	0.2857142857142857
other	0.75	0.25
high_clip_target	0.5	0.375
low_clip_control	0.8095238095238095	0.1904761904761904
low_clip_control	0.9166666666666666	0.0416666666666666
other	0.1111111111111111	0.7777777777777778
low_clip_control	0.975609756097561	0.0
other	1.0	0.0
other	1.0	0.0
other	0.2352941176470588	0.6470588235294118
low_clip_control	0.75	0.0
low_clip_control	0.6	0.1333333333333333
low_clip_control	0.2	0.8
other	0.9659090909090908	0.0227272727272727
low_clip_control	0.7058823529411765	0.2941176470588235
low_clip_control	0.4242424242424242	0.5757575757575758
low_clip_control	0.3571428571428571	0.5714285714285714
other	0.6545454545454545	0.3272727272727272
other	0.6904761904761905	0.1666666666666666
other	0.5882352941176471	0.4117647058823529
high_clip_target	0.3043478260869565	0.5217391304347826
low_clip_control	0.6818181818181818	0.2272727272727272
low_clip_control	0.8235294117647058	0.1764705882352941
low_clip_control	0.4838709677419355	0.3870967741935484
low_clip_control	0.9411764705882352	0.0588235294117647
low_clip_control	0.3	0.3
functional_target	0.1363636363636363	0.8409090909090909
other	0.5833333333333334	0.375
other	0.4333333333333333	0.5666666666666667
high_clip_target	0.2	0.6666666666666666
low_clip_control	0.35	0.55
other	0.6666666666666666	0.3333333333333333
other	0.76	0.0
low_clip_control	0.85	0.05
low_clip_control	0.4	0.4
low_clip_control	0.7142857142857143	0.1428571428571428
other	0.625	0.34375
low_clip_control	0.3333333333333333	0.4
low_clip_control	0.3777777777777777	0.5111111111111111
other	0.8539325842696629	0.1235955056179775
low_clip_control	0.5625	0.4375
low_clip_control	0.52	0.48
low_clip_control	0.1818181818181818	0.3636363636363636
low_clip_control	0.3846153846153846	0.3846153846153846
low_clip_control	0.7	0.3
low_clip_control	0.3	0.3
low_clip_control	0.9130434782608696	0.0
low_clip_control	0.4736842105263157	0.3684210526315789
low_clip_control	0.625	0.25
low_clip_control	0.5833333333333334	0.4166666666666667
other	0.6842105263157895	0.2631578947368421
other	0.1481481481481481	0.8518518518518519
functional_target	0.1184210526315789	0.8026315789473685
low_clip_control	0.375	0.25
other	0.0526315789473684	0.5789473684210527
low_clip_control	0.7777777777777778	0.0
other	0.8888888888888888	0.1111111111111111
low_clip_control	0.9411764705882352	0.0588235294117647
other	0.6666666666666666	0.3333333333333333
low_clip_control	0.7096774193548387	0.1935483870967742
low_clip_control	0.7142857142857143	0.2142857142857142
low_clip_control	0.7636363636363637	0.2363636363636363
other	0.05	0.9
other	0.6333333333333333	0.3666666666666666
other	0.7857142857142857	0.1428571428571428
low_clip_control	0.6206896551724138	0.0344827586206896
other	0.56	0.36
other	0.3157894736842105	0.5789473684210527
low_clip_control	0.9047619047619048	0.0238095238095238
low_clip_control	0.6052631578947368	0.3157894736842105
low_clip_control	0.6666666666666666	0.3333333333333333
low_clip_control	0.2142857142857142	0.75
other	0.2666666666666666	0.6
other	0.5652173913043478	0.391304347826087
low_clip_control	0.4347826086956521	0.5652173913043478
low_clip_control	0.1428571428571428	0.5714285714285714
other	0.1363636363636363	0.6363636363636364
other	0.2285714285714285	0.5714285714285714
other	0.1956521739130435	0.8043478260869565
other	0.217391304347826	0.6956521739130435
low_clip_control	0.75	0.0833333333333333
low_clip_control	0.5	0.5
low_clip_control	1.0	0.0
low_clip_control	1.0	0.0
low_clip_control	0.1111111111111111	0.8888888888888888
low_clip_control	0.75	0.25
other	0.4821428571428571	0.5
other	0.2142857142857142	0.75
high_clip_target	0.3728813559322034	0.5423728813559322
other	0.7142857142857143	0.0
low_clip_control	0.9444444444444444	0.0
other	0.4444444444444444	0.4814814814814814
other	0.6666666666666666	0.3333333333333333
low_clip_control	0.9565217391304348	0.0
other	0.4	0.52
other	0.2727272727272727	0.6363636363636364
low_clip_control	0.3333333333333333	0.6666666666666666
low_clip_control	0.6190476190476191	0.238095238095238
low_clip_control	0.4166666666666667	0.5
other	0.68	0.26
other	0.2857142857142857	0.6666666666666666
low_clip_control	0.7272727272727273	0.1818181818181818
low_clip_control	0.7142857142857143	0.0952380952380952
low_clip_control	0.75	0.2222222222222222
functional_target	0.5	0.2272727272727272
low_clip_control	0.26	0.72
functional_target	0.5263157894736842	0.4210526315789473
low_clip_control	0.4	0.4666666666666667
other	0.2777777777777778	0.7222222222222222
low_clip_control	0.7323943661971831	0.2253521126760563
other	0.4166666666666667	0.5
functional_target	1.0	0.0
other	0.5	0.5
low_clip_control	0.7115384615384616	0.2788461538461538
other	0.3692307692307692	0.6153846153846154
other	0.4489795918367347	0.5306122448979592
other	0.5333333333333333	0.4
low_clip_control	0.7368421052631579	0.1578947368421052
low_clip_control	0.4444444444444444	0.5555555555555556
low_clip_control	0.7777777777777778	0.1111111111111111
low_clip_control	0.3787878787878788	0.5606060606060606
high_clip_target	0.2051282051282051	0.7948717948717948
low_clip_control	0.5925925925925926	0.3703703703703703
low_clip_control	0.6724137931034483	0.2241379310344827
high_clip_target	1.0	0.0
low_clip_control	1.0	0.0
low_clip_control	0.3846153846153846	0.3846153846153846
low_clip_control	0.8947368421052632	0.0526315789473684
other	0.8	0.1
other	0.8863636363636364	0.0909090909090909
low_clip_control	0.6619718309859155	0.323943661971831
other	0.3793103448275862	0.5862068965517241
low_clip_control	0.5	0.4285714285714285
other	0.38	0.62
low_clip_control	1.0	0.0
low_clip_control	0.6896551724137931	0.3103448275862069
other	0.2916666666666667	0.7083333333333334
low_clip_control	0.8461538461538461	0.0
low_clip_control	0.9444444444444444	0.0555555555555555
high_clip_target	0.2926829268292683	0.7073170731707317
other	0.5681818181818182	0.3636363636363636
low_clip_control	0.7058823529411765	0.0
low_clip_control	0.5333333333333333	0.4
low_clip_control	0.5	0.4166666666666667
other	0.4666666666666667	0.2
low_clip_control	0.6666666666666666	0.2222222222222222
low_clip_control	0.8095238095238095	0.1428571428571428
low_clip_control	0.25	0.625
low_clip_control	0.9166666666666666	0.0
other	0.5	0.4
other	0.7142857142857143	0.1904761904761904
low_clip_control	0.4285714285714285	0.5714285714285714
other	0.9473684210526316	0.0
low_clip_control	0.925925925925926	0.074074074074074
low_clip_control	0.3333333333333333	0.5
other	0.6	0.4
low_clip_control	1.0	0.0
other	0.8695652173913043	0.1304347826086956
other	0.3	0.7
low_clip_control	0.1111111111111111	0.8888888888888888
low_clip_control	1.0	0.0
low_clip_control	0.5555555555555556	0.1666666666666666
low_clip_control	0.7142857142857143	0.2857142857142857
low_clip_control	0.4615384615384615	0.0
low_clip_control	0.1666666666666666	0.8
high_clip_target	0.8333333333333334	0.1666666666666666
low_clip_control	0.9615384615384616	0.0384615384615384
low_clip_control	0.5128205128205128	0.4615384615384615
low_clip_control	0.5	0.0
other	0.2612612612612612	0.7297297297297297
low_clip_control	0.4	0.6
low_clip_control	0.0	0.0
other	0.9782608695652174	0.0
other	0.7058823529411765	0.2941176470588235
low_clip_control	0.8888888888888888	0.1111111111111111
low_clip_control	0.9411764705882352	0.0
functional_target	0.2580645161290322	0.7096774193548387
other	0.3928571428571428	0.5714285714285714
other	0.3846153846153846	0.6153846153846154
low_clip_control	0.8717948717948718	0.1025641025641025
low_clip_control	1.0	0.0
low_clip_control	0.2142857142857142	0.7142857142857143
low_clip_control	0.8888888888888888	0.1111111111111111
other	0.6785714285714286	0.25
low_clip_control	0.75	0.2142857142857142
low_clip_control	0.4285714285714285	0.3571428571428571
low_clip_control	0.6470588235294118	0.2941176470588235
low_clip_control	0.8571428571428571	0.1428571428571428
low_clip_control	0.896551724137931	0.1034482758620689
other	0.75	0.0625
other	0.5	0.5
other	0.5087719298245614	0.4912280701754385
other	0.7777777777777778	0.0555555555555555
low_clip_control	0.9166666666666666	0.0833333333333333
low_clip_control	0.7857142857142857	0.2142857142857142
other	0.8048780487804879	0.0975609756097561
low_clip_control	0.125	0.85
other	0.6875	0.1875
low_clip_control	0.8125	0.0625
low_clip_control	0.5555555555555556	0.4444444444444444
low_clip_control	0.9342105263157896	0.0657894736842105
low_clip_control	0.4761904761904761	0.3333333333333333
high_clip_target	0.660377358490566	0.3396226415094339
low_clip_control	0.9333333333333332	0.0
low_clip_control	0.5454545454545454	0.3636363636363636
low_clip_control	0.8620689655172413	0.1379310344827586
low_clip_control	0.6	0.2666666666666666
other	0.4137931034482758	0.4482758620689655
other	0.3478260869565217	0.5652173913043478
other	0.4666666666666667	0.4333333333333333
low_clip_control	0.75	0.2083333333333333
low_clip_control	0.3214285714285714	0.5357142857142857
low_clip_control	0.9591836734693876	0.0204081632653061
low_clip_control	0.8461538461538461	0.0769230769230769
low_clip_control	0.625	0.0833333333333333
low_clip_control	0.5294117647058824	0.4705882352941176
other	0.2631578947368421	0.5789473684210527
other	0.0294117647058823	0.8823529411764706
other	0.0	1.0
other	0.8076923076923077	0.173076923076923
other	0.8333333333333334	0.1666666666666666
low_clip_control	0.5555555555555556	0.2777777777777778
other	0.7692307692307693	0.1153846153846153
other	0.7878787878787878	0.1818181818181818
low_clip_control	0.8888888888888888	0.0666666666666666
low_clip_control	0.875	0.0
low_clip_control	0.5510204081632653	0.3877551020408163
other	0.4130434782608695	0.5869565217391305
other	0.4814814814814814	0.4814814814814814
low_clip_control	0.2121212121212121	0.7878787878787878
low_clip_control	0.7692307692307693	0.2307692307692307
low_clip_control	0.6666666666666666	0.3333333333333333
other	0.8666666666666667	0.1
other	0.2758620689655172	0.4137931034482758
other	0.3142857142857143	0.6571428571428571
other	0.5961538461538461	0.4038461538461538
low_clip_control	0.7878787878787878	0.1212121212121212
low_clip_control	0.16	0.84
other	0.6938775510204082	0.2857142857142857
other	0.6363636363636364	0.2727272727272727
other	0.8695652173913043	0.1304347826086956
other	0.8666666666666667	0.0666666666666666
low_clip_control	0.75	0.25
other	0.5454545454545454	0.2727272727272727
low_clip_control	1.0	0.0
low_clip_control	0.5454545454545454	0.4090909090909091
high_clip_target	0.5652173913043478	0.3043478260869565
high_clip_target	0.2698412698412698	0.6349206349206349
low_clip_control	0.25	0.6666666666666666
low_clip_control	0.6666666666666666	0.1666666666666666
other	0.7391304347826086	0.217391304347826
other	0.125	0.875
low_clip_control	0.9411764705882352	0.0588235294117647
low_clip_control	0.5	0.25
low_clip_control	0.8888888888888888	0.1111111111111111
low_clip_control	0.625	0.25
high_clip_target	0.2083333333333333	0.75
low_clip_control	0.7307692307692307	0.2307692307692307
low_clip_control	0.3846153846153846	0.5
low_clip_control	0.1612903225806451	0.8387096774193549
other	0.6212121212121212	0.3787878787878788
other	0.5	0.4090909090909091
low_clip_control	0.375	0.625
low_clip_control	0.4347826086956521	0.5217391304347826
low_clip_control	0.3333333333333333	0.5714285714285714
functional_target	0.5714285714285714	0.2857142857142857
other	0.6363636363636364	0.0606060606060606
other	0.5217391304347826	0.4782608695652174
low_clip_control	0.8214285714285714	0.1071428571428571
other	0.7142857142857143	0.1428571428571428
low_clip_control	0.4583333333333333	0.5416666666666666
low_clip_control	0.7142857142857143	0.1428571428571428
low_clip_control	0.6	0.0
low_clip_control	0.4166666666666667	0.5833333333333334
high_clip_target	0.8	0.2
low_clip_control	0.1621621621621621	0.7567567567567568
functional_target	0.32	0.64
other	0.6219512195121951	0.3414634146341463
high_clip_target	0.6904761904761905	0.3095238095238095
low_clip_control	0.6153846153846154	0.3846153846153846
low_clip_control	0.7608695652173914	0.1739130434782608
low_clip_control	0.8571428571428571	0.125
other	0.9622641509433962	0.0377358490566037
low_clip_control	0.2777777777777778	0.7222222222222222
other	0.5689655172413793	0.3793103448275862
low_clip_control	0.6666666666666666	0.3333333333333333
low_clip_control	0.3611111111111111	0.6388888888888888
other	0.6666666666666666	0.3333333333333333
low_clip_control	0.2608695652173913	0.7391304347826086
other	0.6153846153846154	0.3076923076923077
other	0.175438596491228	0.8245614035087719
low_clip_control	0.5555555555555556	0.1111111111111111
other	0.4761904761904761	0.5238095238095238
low_clip_control	0.8055555555555556	0.1666666666666666
other	0.9772727272727272	0.0
low_clip_control	0.4666666666666667	0.4
low_clip_control	0.1818181818181818	0.7272727272727273
low_clip_control	0.8260869565217391	0.1739130434782608
low_clip_control	0.2941176470588235	0.7058823529411765
low_clip_control	0.7105263157894737	0.2368421052631578
low_clip_control	0.0666666666666666	0.8857142857142857
other	0.5833333333333334	0.4166666666666667
other	0.4482758620689655	0.1724137931034483
low_clip_control	0.9	0.05
low_clip_control	0.875	0.125
low_clip_control	0.6923076923076923	0.1538461538461538
other	0.6428571428571429	0.3214285714285714
low_clip_control	0.4375	0.25
low_clip_control	0.7222222222222222	0.1666666666666666
low_clip_control	0.8536585365853658	0.1219512195121951
other	0.4	0.4
low_clip_control	0.7368421052631579	0.1578947368421052
other	0.2758620689655172	0.5172413793103449
low_clip_control	0.9411764705882352	0.0588235294117647
high_clip_target	0.2272727272727272	0.5454545454545454
other	0.6666666666666666	0.3333333333333333
functional_target	0.4883720930232558	0.4418604651162791
other	0.1428571428571428	0.7714285714285715
low_clip_control	0.25	0.5625
other	0.6666666666666666	0.25
other	0.4838709677419355	0.5161290322580645
low_clip_control	0.2222222222222222	0.7777777777777778
low_clip_control	0.5416666666666666	0.375
low_clip_control	0.9545454545454546	0.0454545454545454
high_clip_target	0.55	0.45
low_clip_control	0.25	0.25
low_clip_control	0.8	0.15
other	0.75	0.0833333333333333
low_clip_control	0.8571428571428571	0.1428571428571428
low_clip_control	0.6666666666666666	0.0833333333333333
low_clip_control	0.6785714285714286	0.2142857142857142
low_clip_control	0.3684210526315789	0.2105263157894736
low_clip_control	0.7333333333333333	0.2
low_clip_control	0.4	0.5142857142857142
low_clip_control	0.8285714285714286	0.1428571428571428
low_clip_control	0.5151515151515151	0.4242424242424242
other	0.8333333333333334	0.119047619047619
low_clip_control	0.7647058823529411	0.2352941176470588
other	1.0	0.0
low_clip_control	0.7833333333333333	0.2
functional_target	0.6785714285714286	0.2142857142857142
low_clip_control	0.5483870967741935	0.3548387096774194
other	0.5161290322580645	0.4193548387096774
other	0.6857142857142857	0.2571428571428571
other	0.9693877551020408	0.0
high_clip_target	0.7125	0.25
other	0.4444444444444444	0.3333333333333333
low_clip_control	0.5	0.0
low_clip_control	0.28	0.68
low_clip_control	0.5925925925925926	0.2962962962962963
other	0.6666666666666666	0.3333333333333333
low_clip_control	0.5714285714285714	0.2857142857142857
low_clip_control	0.625	0.375
low_clip_control	0.75	0.0
other	0.25	0.5
other	0.2962962962962963	0.7037037037037037
high_clip_target	0.2666666666666666	0.7333333333333333
other	0.8787878787878788	0.0606060606060606
low_clip_control	0.7368421052631579	0.2105263157894736
functional_target	0.9069767441860463	0.0465116279069767
low_clip_control	0.5813953488372093	0.4186046511627907
low_clip_control	0.875	0.125
low_clip_control	0.7368421052631579	0.1842105263157894
other	0.2727272727272727	0.6363636363636364
low_clip_control	0.4545454545454545	0.3636363636363636
low_clip_control	0.2142857142857142	0.7857142857142857
low_clip_control	0.8571428571428571	0.0714285714285714
low_clip_control	0.3157894736842105	0.631578947368421
low_clip_control	0.7142857142857143	0.0714285714285714
high_clip_target	0.4054054054054054	0.5405405405405406
other	0.0526315789473684	0.9473684210526316
other	0.6936936936936937	0.3063063063063063
other	0.7419354838709677	0.2419354838709677
low_clip_control	0.625	0.25
low_clip_control	1.0	0.0
functional_target	0.8	0.0
other	0.16	0.7866666666666666
low_clip_control	0.8285714285714286	0.0285714285714285
low_clip_control	1.0	0.0
low_clip_control	0.2666666666666666	0.2666666666666666
other	0.3333333333333333	0.6190476190476191
other	0.3125	0.5625
low_clip_control	0.925925925925926	0.0555555555555555
other	0.3333333333333333	0.6274509803921569
low_clip_control	0.5	0.4545454545454545
other	0.4736842105263157	0.3157894736842105
other	0.35	0.55
low_clip_control	0.8333333333333334	0.125
low_clip_control	0.7741935483870968	0.0
low_clip_control	0.8775510204081632	0.1224489795918367
other	0.5	0.4
other	0.25	0.75
other	0.2916666666666667	0.0
other	0.7	0.3
other	0.0	0.8
other	0.6122448979591837	0.3469387755102041
low_clip_control	0.2083333333333333	0.6666666666666666
low_clip_control	0.5454545454545454	0.0909090909090909
high_clip_target	0.2857142857142857	0.7142857142857143
low_clip_control	0.6666666666666666	0.1666666666666666
low_clip_control	0.7272727272727273	0.2272727272727272
other	0.8571428571428571	0.0952380952380952
low_clip_control	0.5277777777777778	0.4444444444444444
low_clip_control	0.7241379310344828	0.2068965517241379
low_clip_control	0.6666666666666666	0.2666666666666666
other	0.8088235294117647	0.1029411764705882
other	0.9148936170212766	0.0638297872340425
high_clip_target	0.6153846153846154	0.3846153846153846
low_clip_control	1.0	0.0
low_clip_control	0.5	0.4285714285714285
other	0.8275862068965517	0.0689655172413793
low_clip_control	0.7647058823529411	0.1176470588235294
low_clip_control	0.2857142857142857	0.4285714285714285
other	0.1111111111111111	0.8703703703703703
other	0.7692307692307693	0.2307692307692307
low_clip_control	0.96	0.04
other	0.8333333333333334	0.0
other	0.6153846153846154	0.3846153846153846
other	0.9302325581395348	0.0465116279069767
other	0.7547169811320755	0.1886792452830188
low_clip_control	0.6578947368421053	0.2894736842105263
low_clip_control	0.5666666666666667	0.4333333333333333
functional_target	0.2923076923076923	0.6923076923076923
other	0.7142857142857143	0.2857142857142857
high_clip_target	0.7647058823529411	0.2352941176470588
low_clip_control	0.5	0.3333333333333333
low_clip_control	0.7241379310344828	0.2758620689655172
high_clip_target	0.6	0.2
other	0.5	0.3333333333333333
other	0.625	0.375
other	0.4375	0.5625
low_clip_control	0.8333333333333334	0.0833333333333333
low_clip_control	0.2307692307692307	0.5384615384615384
other	0.4461538461538462	0.5538461538461539
high_clip_target	0.7575757575757576	0.2121212121212121
other	0.2142857142857142	0.6428571428571429
other	0.5490196078431373	0.4117647058823529
other	0.3333333333333333	0.0
low_clip_control	0.3555555555555555	0.6444444444444445
functional_target	0.8571428571428571	0.0
other	0.8	0.1454545454545454
other	0.4666666666666667	0.5333333333333333
other	0.5384615384615384	0.1538461538461538
low_clip_control	1.0	0.0
low_clip_control	0.3488372093023256	0.6511627906976745
low_clip_control	0.5806451612903226	0.3870967741935484
low_clip_control	0.6896551724137931	0.2758620689655172
low_clip_control	0.6666666666666666	0.3333333333333333
functional_target	0.7777777777777778	0.1666666666666666
low_clip_control	0.7857142857142857	0.1428571428571428
other	0.375	0.5833333333333334
low_clip_control	0.96	0.0
other	0.3333333333333333	0.6190476190476191
low_clip_control	0.4782608695652174	0.5
low_clip_control	0.5454545454545454	0.3333333333333333
low_clip_control	0.967741935483871	0.032258064516129
low_clip_control	0.6363636363636364	0.2727272727272727
low_clip_control	0.75	0.21875
low_clip_control	0.1728395061728395	0.7407407407407407
low_clip_control	0.4333333333333333	0.5666666666666667
low_clip_control	0.25	0.75
low_clip_control	0.2051282051282051	0.6923076923076923
functional_target	0.4444444444444444	0.1111111111111111
other	0.66	0.22
low_clip_control	0.3611111111111111	0.6388888888888888
low_clip_control	0.9	0.1
low_clip_control	0.2941176470588235	0.6470588235294118
low_clip_control	0.3529411764705882	0.5882352941176471
other	0.7894736842105263	0.1842105263157894
other	0.2777777777777778	0.7222222222222222
other	0.5	0.4736842105263157
low_clip_control	0.6792452830188679	0.1509433962264151
low_clip_control	0.4047619047619047	0.5952380952380952
other	0.238095238095238	0.6190476190476191
other	0.8860759493670886	0.1139240506329113
low_clip_control	0.6153846153846154	0.3846153846153846
low_clip_control	0.375	0.5
low_clip_control	0.9166666666666666	0.0555555555555555
low_clip_control	0.95	0.0
low_clip_control	0.9523809523809524	0.0
low_clip_control	0.9411764705882352	0.0588235294117647
low_clip_control	0.8947368421052632	0.0263157894736842
high_clip_target	0.3853211009174312	0.5688073394495413
low_clip_control	0.7	0.3
low_clip_control	0.7272727272727273	0.1818181818181818
low_clip_control	0.5	0.4444444444444444
other	0.3939393939393939	0.2121212121212121
low_clip_control	0.7142857142857143	0.2857142857142857
low_clip_control	0.52	0.4
low_clip_control	0.5333333333333333	0.3666666666666666
low_clip_control	1.0	0.0
low_clip_control	0.8125	0.125
low_clip_control	0.3684210526315789	0.631578947368421
functional_target	0.1132075471698113	0.8679245283018868
other	1.0	0.0
other	0.6666666666666666	0.2777777777777778
low_clip_control	0.5	0.2142857142857142
other	0.5416666666666666	0.375
low_clip_control	0.8412698412698413	0.1269841269841269
other	0.5943396226415094	0.3867924528301887
low_clip_control	0.3333333333333333	0.6666666666666666
low_clip_control	0.84	0.08
high_clip_target	0.5531914893617021	0.425531914893617
high_clip_target	0.925531914893617	0.0638297872340425
other	0.6363636363636364	0.3636363636363636
low_clip_control	0.3243243243243243	0.6486486486486487
low_clip_control	0.6785714285714286	0.3214285714285714
other	0.3888888888888889	0.5972222222222222
low_clip_control	0.4666666666666667	0.4
other	0.3902439024390244	0.573170731707317
low_clip_control	0.6060606060606061	0.3333333333333333
other	0.55	0.35
other	0.3548387096774194	0.6451612903225806
low_clip_control	0.6296296296296297	0.3333333333333333
low_clip_control	0.6666666666666666	0.2222222222222222
functional_target	0.2962962962962963	0.7037037037037037
low_clip_control	0.4545454545454545	0.3636363636363636
low_clip_control	0.631578947368421	0.1578947368421052
low_clip_control	0.4	0.6
low_clip_control	0.3529411764705882	0.6470588235294118
other	0.7647058823529411	0.1764705882352941
other	0.8	0.2
low_clip_control	0.7857142857142857	0.1428571428571428
low_clip_control	0.4736842105263157	0.3947368421052631
low_clip_control	0.6086956521739131	0.3478260869565217
low_clip_control	0.6818181818181818	0.0454545454545454
other	0.7837837837837838	0.2162162162162162
low_clip_control	0.6470588235294118	0.2941176470588235
low_clip_control	0.4705882352941176	0.2352941176470588
low_clip_control	0.7391304347826086	0.2608695652173913
low_clip_control	0.7083333333333334	0.1458333333333333
other	0.25	0.7083333333333334
low_clip_control	0.3333333333333333	0.3333333333333333
other	0.3793103448275862	0.5517241379310345
low_clip_control	0.7142857142857143	0.2857142857142857
high_clip_target	0.2916666666666667	0.6666666666666666
low_clip_control	0.9130434782608696	0.0869565217391304
other	0.2941176470588235	0.4705882352941176
other	0.3809523809523809	0.5714285714285714
other	0.64	0.28
other	0.7647058823529411	0.2352941176470588
low_clip_control	0.6153846153846154	0.358974358974359
low_clip_control	0.4545454545454545	0.4545454545454545
other	0.3214285714285714	0.6071428571428571
low_clip_control	0.875	0.125
low_clip_control	0.903846153846154	0.0192307692307692
other	0.5454545454545454	0.4545454545454545
low_clip_control	0.6666666666666666	0.3333333333333333
low_clip_control	0.3720930232558139	0.6046511627906976
low_clip_control	0.4	0.4666666666666667
other	0.6666666666666666	0.3333333333333333
other	0.6582278481012658	0.3417721518987341
high_clip_target	0.5555555555555556	0.3888888888888889
low_clip_control	0.2916666666666667	0.4583333333333333
other	0.8545454545454545	0.109090909090909
other	0.7142857142857143	0.2857142857142857
low_clip_control	0.4285714285714285	0.3571428571428571
low_clip_control	0.625	0.375
functional_target	0.5238095238095238	0.4285714285714285
other	0.7727272727272727	0.1818181818181818
other	0.2941176470588235	0.7058823529411765
high_clip_target	0.3292682926829268	0.6585365853658537
low_clip_control	0.5	0.5
other	0.6153846153846154	0.3076923076923077
low_clip_control	0.8	0.0
low_clip_control	0.7368421052631579	0.0526315789473684
low_clip_control	0.8	0.0
low_clip_control	0.6086956521739131	0.217391304347826
other	0.4347826086956521	0.4347826086956521
low_clip_control	1.0	0.0
low_clip_control	0.6	0.2
low_clip_control	0.8461538461538461	0.1538461538461538
low_clip_control	0.9090909090909092	0.0909090909090909
low_clip_control	0.8333333333333334	0.1111111111111111
other	0.8888888888888888	0.1111111111111111
other	1.0	0.0
other	0.3793103448275862	0.6206896551724138
other	0.3333333333333333	0.5333333333333333
other	0.2571428571428571	0.7142857142857143
low_clip_control	0.7209302325581395	0.2558139534883721
low_clip_control	0.5853658536585366	0.3658536585365853
low_clip_control	0.8163265306122449	0.1632653061224489
low_clip_control	0.1333333333333333	0.8
low_clip_control	1.0	0.0
low_clip_control	0.6511627906976745	0.1395348837209302
other	0.1666666666666666	0.75
other	0.8301886792452831	0.1698113207547169
other	0.7804878048780488	0.1951219512195122
other	0.1388888888888889	0.8333333333333334
other	0.825	0.125
low_clip_control	0.7407407407407407	0.2592592592592592
other	0.1052631578947368	0.7368421052631579
other	0.8571428571428571	0.1428571428571428
low_clip_control	0.7777777777777778	0.0
low_clip_control	0.1538461538461538	0.8461538461538461
low_clip_control	0.5	0.4375
other	1.0	0.0
low_clip_control	0.8333333333333334	0.0952380952380952
other	0.4	0.575
other	0.5	0.5
other	1.0	0.0
low_clip_control	0.6842105263157895	0.1052631578947368
other	1.0	0.0
low_clip_control	0.5263157894736842	0.3157894736842105
low_clip_control	0.7435897435897436	0.2564102564102564
low_clip_control	0.3191489361702128	0.6808510638297872
other	0.6538461538461539	0.3269230769230769
low_clip_control	0.8571428571428571	0.1428571428571428
other	0.4545454545454545	0.4545454545454545
low_clip_control	0.5714285714285714	0.1428571428571428
other	0.4	0.5333333333333333
low_clip_control	0.3529411764705882	0.1764705882352941
other	0.625	0.0
low_clip_control	0.75	0.05
low_clip_control	0.8214285714285714	0.1428571428571428
low_clip_control	0.9	0.0
other	0.9774436090225564	0.0225563909774436
low_clip_control	0.2653061224489796	0.7142857142857143
low_clip_control	0.4285714285714285	0.4285714285714285
other	0.4285714285714285	0.3809523809523809
low_clip_control	0.5	0.5
low_clip_control	0.4473684210526316	0.2105263157894736
other	0.3333333333333333	0.4166666666666667
other	0.7096774193548387	0.2258064516129032
low_clip_control	0.5	0.5
low_clip_control	0.675	0.15
other	0.8421052631578947	0.1052631578947368
low_clip_control	0.6	0.3
other	0.6666666666666666	0.3333333333333333
low_clip_control	0.5	0.3
low_clip_control	0.7647058823529411	0.1764705882352941
low_clip_control	0.9615384615384616	0.0
other	0.9775280898876404	0.0224719101123595
low_clip_control	0.5714285714285714	0.3809523809523809
low_clip_control	0.32	0.6
low_clip_control	0.6842105263157895	0.2631578947368421
low_clip_control	0.5	0.2
low_clip_control	0.4354838709677419	0.5483870967741935
low_clip_control	0.7	0.3
low_clip_control	0.8064516129032258	0.1290322580645161
other	0.3333333333333333	0.1666666666666666
low_clip_control	0.3333333333333333	0.3333333333333333
other	0.6388888888888888	0.3333333333333333
functional_target	0.6962025316455697	0.3037974683544304
low_clip_control	0.6896551724137931	0.2413793103448276
other	0.25	0.7272727272727273
low_clip_control	0.2307692307692307	0.6153846153846154
low_clip_control	0.217391304347826	0.6521739130434783
high_clip_target	0.3409090909090909	0.6590909090909091
low_clip_control	0.9166666666666666	0.0833333333333333
low_clip_control	0.8333333333333334	0.1296296296296296
low_clip_control	0.4	0.5333333333333333
other	0.7058823529411765	0.1764705882352941
low_clip_control	0.3684210526315789	0.631578947368421
low_clip_control	0.4090909090909091	0.5909090909090909
low_clip_control	0.6363636363636364	0.2727272727272727
low_clip_control	0.4285714285714285	0.5714285714285714
low_clip_control	0.8636363636363636	0.0454545454545454
low_clip_control	0.2333333333333333	0.7666666666666667
low_clip_control	0.8333333333333334	0.1666666666666666
other	0.4117647058823529	0.2352941176470588
low_clip_control	0.9772727272727272	0.0
low_clip_control	0.125	0.75
other	0.7777777777777778	0.1481481481481481
low_clip_control	0.0689655172413793	0.896551724137931
low_clip_control	0.6875	0.3125
other	0.4666666666666667	0.4
low_clip_control	0.7096774193548387	0.1612903225806451
low_clip_control	0.4	0.5666666666666667
other	0.4117647058823529	0.5294117647058824
other	0.1020408163265306	0.8163265306122449
other	0.9855072463768116	0.0144927536231884
low_clip_control	0.9	0.1
low_clip_control	0.7142857142857143	0.1428571428571428
other	0.8	0.2
low_clip_control	0.28125	0.59375
low_clip_control	0.6428571428571429	0.3571428571428571
low_clip_control	0.3636363636363636	0.4090909090909091
high_clip_target	0.3846153846153846	0.5384615384615384
low_clip_control	1.0	0.0
low_clip_control	0.2777777777777778	0.7222222222222222
other	0.15	0.65
low_clip_control	0.875	0.125
low_clip_control	0.5405405405405406	0.4054054054054054
low_clip_control	0.6666666666666666	0.0
low_clip_control	0.4705882352941176	0.3529411764705882
low_clip_control	0.9090909090909092	0.0909090909090909
low_clip_control	0.2558139534883721	0.7441860465116279
other	0.52	0.48
low_clip_control	0.625	0.125
low_clip_control	0.9142857142857144	0.0857142857142857
low_clip_control	0.4814814814814814	0.4074074074074074
low_clip_control	0.78125	0.21875
other	0.5609756097560976	0.4390243902439024
low_clip_control	0.8260869565217391	0.0869565217391304
other	0.25	0.65
low_clip_control	0.4285714285714285	0.5357142857142857
other	0.8275862068965517	0.1724137931034483
other	0.7916666666666666	0.2083333333333333
low_clip_control	0.6666666666666666	0.0952380952380952
low_clip_control	0.2222222222222222	0.6296296296296297
low_clip_control	0.9210526315789472	0.0789473684210526
low_clip_control	0.6666666666666666	0.3333333333333333
low_clip_control	0.4583333333333333	0.5
low_clip_control	0.3157894736842105	0.4736842105263157
low_clip_control	0.8666666666666667	0.1333333333333333
low_clip_control	0.9130434782608696	0.0434782608695652
low_clip_control	0.5909090909090909	0.0454545454545454
low_clip_control	0.9090909090909092	0.0
low_clip_control	0.0	0.5714285714285714
low_clip_control	0.25	0.75
low_clip_control	0.8333333333333334	0.1111111111111111
low_clip_control	0.95	0.0
low_clip_control	0.3285714285714285	0.6142857142857143
low_clip_control	0.625	0.375
low_clip_control	0.925925925925926	0.037037037037037
other	0.55	0.4
low_clip_control	0.9411764705882352	0.0
low_clip_control	0.3611111111111111	0.5833333333333334
other	0.5625	0.375
other	0.7	0.2
low_clip_control	0.4	0.6
low_clip_control	0.4893617021276595	0.4468085106382978
other	0.4827586206896552	0.4827586206896552
low_clip_control	0.4814814814814814	0.4814814814814814
low_clip_control	0.4444444444444444	0.5
other	0.3684210526315789	0.5263157894736842
low_clip_control	0.6842105263157895	0.1578947368421052
low_clip_control	0.6666666666666666	0.3333333333333333
other	0.375	0.6041666666666666
low_clip_control	0.3333333333333333	0.3333333333333333
low_clip_control	0.6666666666666666	0.3
other	1.0	0.0
other	0.8863636363636364	0.0984848484848484
high_clip_target	0.2	0.76
low_clip_control	0.9411764705882352	0.0588235294117647
low_clip_control	0.7692307692307693	0.0769230769230769
low_clip_control	0.5555555555555556	0.0
low_clip_control	0.6842105263157895	0.3157894736842105
low_clip_control	0.5161290322580645	0.4516129032258064
other	0.9	0.05
low_clip_control	0.4090909090909091	0.5909090909090909
other	0.9	0.1
other	1.0	0.0
low_clip_control	1.0	0.0
other	1.0	0.0
other	0.6	0.4
other	0.8421052631578947	0.1052631578947368
other	0.4444444444444444	0.5555555555555556
other	0.4642857142857143	0.4642857142857143
other	0.9333333333333332	0.0666666666666666
functional_target	0.631578947368421	0.3684210526315789
low_clip_control	0.4615384615384615	0.4615384615384615
high_clip_target	0.4285714285714285	0.5714285714285714
other	0.4285714285714285	0.4285714285714285
other	0.6666666666666666	0.2
functional_target	0.1842105263157894	0.7894736842105263
other	0.6363636363636364	0.2272727272727272
other	0.8	0.2
low_clip_control	0.5384615384615384	0.3846153846153846
functional_target	0.1666666666666666	0.8333333333333334
other	0.8701298701298701	0.1168831168831168
low_clip_control	0.7857142857142857	0.0714285714285714
low_clip_control	0.9	0.0666666666666666
other	0.8695652173913043	0.1304347826086956
other	0.7857142857142857	0.1071428571428571
other	0.4482758620689655	0.5517241379310345
functional_target	0.25	0.75
other	0.961904761904762	0.0095238095238095
low_clip_control	0.5555555555555556	0.1111111111111111
other	0.6052631578947368	0.2894736842105263
low_clip_control	0.6086956521739131	0.3478260869565217
functional_target	0.8688524590163934	0.0163934426229508
low_clip_control	0.2083333333333333	0.7916666666666666
high_clip_target	0.0	0.9333333333333332
high_clip_target	0.5779816513761468	0.4128440366972477
low_clip_control	0.3571428571428571	0.5
low_clip_control	0.8333333333333334	0.1111111111111111
other	0.9	0.0571428571428571
other	0.2857142857142857	0.5714285714285714
other	0.5106382978723404	0.4680851063829787
low_clip_control	0.8421052631578947	0.0526315789473684
low_clip_control	0.56	0.32
other	0.8666666666666667	0.1066666666666666
other	0.5625	0.3125
functional_target	0.4705882352941176	0.5
functional_target	0.5	0.3333333333333333
low_clip_control	0.64	0.36
other	0.5909090909090909	0.3181818181818182
functional_target	0.9387755102040816	0.0204081632653061
high_clip_target	0.52	0.44
other	0.6666666666666666	0.1666666666666666
low_clip_control	0.625	0.2916666666666667
other	0.6666666666666666	0.3333333333333333
functional_target	0.4482758620689655	0.4827586206896552
other	0.75	0.2142857142857142
other	0.3103448275862069	0.6551724137931034
low_clip_control	0.4473684210526316	0.5263157894736842
low_clip_control	0.3333333333333333	0.4166666666666667
low_clip_control	0.3023255813953488	0.6976744186046512
high_clip_target	0.15	0.85
other	0.5606060606060606	0.4393939393939394
other	0.8235294117647058	0.1176470588235294
other	0.7580645161290323	0.1774193548387097
other	0.52	0.44
low_clip_control	0.35	0.55
other	0.6341463414634146	0.3414634146341463
high_clip_target	0.2571428571428571	0.6571428571428571
other	0.6470588235294118	0.2941176470588235
low_clip_control	0.6666666666666666	0.3333333333333333
high_clip_target	1.0	0.0
functional_target	0.9411764705882352	0.0
low_clip_control	0.8378378378378378	0.1081081081081081
other	0.8688524590163934	0.1147540983606557
other	0.68	0.26
other	0.8181818181818182	0.1515151515151515
other	0.8	0.2
other	0.8113207547169812	0.1509433962264151
other	0.5172413793103449	0.4482758620689655
other	0.64	0.32
high_clip_target	0.4583333333333333	0.4583333333333333
low_clip_control	0.7647058823529411	0.2352941176470588
high_clip_target	0.6	0.35
other	0.4736842105263157	0.4736842105263157
low_clip_control	0.0392156862745098	0.9607843137254902
functional_target	0.9411764705882352	0.0588235294117647
other	0.72	0.24
low_clip_control	0.3541666666666667	0.5
low_clip_control	0.5833333333333334	0.3333333333333333
other	0.92	0.0
other	0.7428571428571429	0.2285714285714285
low_clip_control	0.375	0.5
other	0.3125	0.6458333333333334
high_clip_target	0.85	0.125
low_clip_control	0.3076923076923077	0.6153846153846154
other	0.25	0.7142857142857143
other	0.3846153846153846	0.6153846153846154
low_clip_control	0.7037037037037037	0.2222222222222222
low_clip_control	0.6511627906976745	0.2093023255813953
other	0.282051282051282	0.6923076923076923
functional_target	0.9423076923076924	0.0192307692307692
low_clip_control	0.6428571428571429	0.2857142857142857
high_clip_target	0.6875	0.1875
other	0.8867924528301887	0.0566037735849056
other	0.7142857142857143	0.25
low_clip_control	0.8571428571428571	0.0476190476190476
other	0.4	0.4
other	0.627906976744186	0.3720930232558139
other	0.9193548387096774	0.0483870967741935
low_clip_control	0.7530864197530864	0.2222222222222222
other	0.9722222222222222	0.0277777777777777
other	0.48	0.4
other	1.0	0.0
other	0.0909090909090909	0.8181818181818182
low_clip_control	0.4242424242424242	0.4848484848484848
low_clip_control	0.5806451612903226	0.2903225806451613
low_clip_control	0.6666666666666666	0.3333333333333333
other	0.2083333333333333	0.7916666666666666
low_clip_control	0.6	0.3
low_clip_control	0.0588235294117647	0.9411764705882352
low_clip_control	0.6571428571428571	0.3428571428571428
high_clip_target	0.5142857142857142	0.4285714285714285
other	0.3513513513513513	0.5675675675675675
other	0.1875	0.8125
other	0.1142857142857142	0.8571428571428571
other	0.8571428571428571	0.1428571428571428
other	0.2631578947368421	0.5263157894736842
low_clip_control	0.4444444444444444	0.4444444444444444
other	0.5714285714285714	0.4285714285714285
other	0.7333333333333333	0.2
low_clip_control	0.6049382716049383	0.345679012345679
low_clip_control	0.8	0.1
other	0.8181818181818182	0.1818181818181818
other	0.5614035087719298	0.4385964912280701
high_clip_target	0.5151515151515151	0.4848484848484848
other	0.358695652173913	0.6304347826086957
functional_target	0.6764705882352942	0.3235294117647059
other	0.7	0.3
low_clip_control	0.7272727272727273	0.2727272727272727
other	0.2352941176470588	0.7352941176470589
low_clip_control	0.1875	0.4375
other	0.4	0.45
other	0.1538461538461538	0.7948717948717948
functional_target	0.375	0.53125
other	0.8552631578947368	0.131578947368421
other	0.25	0.75
other	0.3928571428571428	0.5714285714285714
low_clip_control	0.8571428571428571	0.0
low_clip_control	0.9333333333333332	0.0
other	0.2857142857142857	0.6190476190476191
low_clip_control	0.5	0.5
other	0.6818181818181818	0.3181818181818182
low_clip_control	0.6538461538461539	0.3076923076923077
other	0.4035087719298245	0.543859649122807
other	0.7857142857142857	0.2142857142857142
low_clip_control	0.7777777777777778	0.2037037037037037
low_clip_control	0.4565217391304347	0.4565217391304347
low_clip_control	0.2	0.56
other	0.7142857142857143	0.238095238095238
other	0.2195121951219512	0.7804878048780488
other	0.6444444444444445	0.2888888888888888
low_clip_control	0.5625	0.4375
other	0.6470588235294118	0.1176470588235294
high_clip_target	0.7872340425531915	0.1063829787234042
low_clip_control	0.6666666666666666	0.238095238095238
low_clip_control	0.75	0.25
low_clip_control	0.8194444444444444	0.1388888888888889
low_clip_control	0.6666666666666666	0.0
other	0.9393939393939394	0.0606060606060606
low_clip_control	0.3333333333333333	0.6666666666666666
low_clip_control	0.825	0.175
other	0.5652173913043478	0.4347826086956521
high_clip_target	0.625	0.125
other	0.6363636363636364	0.3636363636363636
low_clip_control	0.6086956521739131	0.3043478260869565
low_clip_control	0.8095238095238095	0.1428571428571428
low_clip_control	0.8333333333333334	0.1666666666666666
low_clip_control	0.7115384615384616	0.2884615384615384
low_clip_control	0.8235294117647058	0.1176470588235294
low_clip_control	0.6666666666666666	0.3333333333333333
low_clip_control	0.6	0.4
other	0.16	0.84
other	0.375	0.5416666666666666
low_clip_control	0.4193548387096774	0.5161290322580645
low_clip_control	0.75	0.25
other	0.0066445182724252	0.9933554817275748
other	0.5714285714285714	0.4107142857142857
low_clip_control	0.375	0.5625
low_clip_control	0.7857142857142857	0.1428571428571428
other	0.7142857142857143	0.2857142857142857
low_clip_control	0.3148148148148148	0.5740740740740741
low_clip_control	0.84375	0.15625
low_clip_control	0.2631578947368421	0.6842105263157895
other	0.5714285714285714	0.4285714285714285
low_clip_control	0.1666666666666666	0.7083333333333334
low_clip_control	0.5555555555555556	0.4444444444444444
low_clip_control	0.7678571428571429	0.2142857142857142
low_clip_control	0.6388888888888888	0.1666666666666666
other	0.2807017543859649	0.6666666666666666
low_clip_control	0.6923076923076923	0.3076923076923077
other	0.55	0.4
low_clip_control	1.0	0.0
other	0.3548387096774194	0.6129032258064516
low_clip_control	0.375	0.5625
low_clip_control	0.625	0.375
other	0.5555555555555556	0.4444444444444444
low_clip_control	0.5555555555555556	0.4444444444444444
high_clip_target	0.6206896551724138	0.3103448275862069
other	0.8823529411764706	0.0588235294117647
functional_target	0.1724137931034483	0.6896551724137931
low_clip_control	0.6	0.36
low_clip_control	0.8	0.0666666666666666
low_clip_control	0.625	0.125
other	0.4666666666666667	0.4666666666666667
other	0.625	0.25
functional_target	0.6296296296296297	0.3703703703703703
low_clip_control	0.4761904761904761	0.5238095238095238
high_clip_target	0.946236559139785	0.032258064516129
low_clip_control	0.8620689655172413	0.1034482758620689
low_clip_control	0.6470588235294118	0.1764705882352941
high_clip_target	0.3461538461538461	0.5769230769230769
high_clip_target	0.2727272727272727	0.5454545454545454
low_clip_control	1.0	0.0
other	0.8571428571428571	0.1428571428571428
other	0.8823529411764706	0.1176470588235294
other	0.8571428571428571	0.1071428571428571
low_clip_control	0.6610169491525424	0.3050847457627119
other	0.5	0.2
other	0.1034482758620689	0.8793103448275862
other	0.7962962962962963	0.1296296296296296
other	0.5263157894736842	0.4736842105263157
low_clip_control	0.5	0.45
other	0.6727272727272727	0.3272727272727272
other	0.6470588235294118	0.1176470588235294
low_clip_control	0.7333333333333333	0.2666666666666666
low_clip_control	0.6842105263157895	0.2105263157894736
other	0.4358974358974359	0.5128205128205128
high_clip_target	0.7209302325581395	0.2558139534883721
low_clip_control	0.6	0.4
low_clip_control	0.8666666666666667	0.1333333333333333
high_clip_target	0.7777777777777778	0.2222222222222222
other	0.9428571428571428	0.0428571428571428
low_clip_control	1.0	0.0
low_clip_control	0.85	0.15
other	0.8	0.0
low_clip_control	0.5555555555555556	0.4259259259259259
low_clip_control	1.0	0.0
other	0.9310344827586208	0.0689655172413793
low_clip_control	0.5384615384615384	0.4615384615384615
other	0.2857142857142857	0.6428571428571429
low_clip_control	0.1818181818181818	0.8181818181818182
low_clip_control	0.8656716417910447	0.1194029850746268
other	0.36	0.56
low_clip_control	0.9166666666666666	0.0833333333333333
low_clip_control	0.5333333333333333	0.4
low_clip_control	0.875	0.0
other	0.74	0.26
low_clip_control	0.8148148148148148	0.1111111111111111
other	0.3448275862068966	0.6551724137931034
low_clip_control	0.8	0.0
other	0.7857142857142857	0.0714285714285714
other	0.5416666666666666	0.375
low_clip_control	0.6166666666666667	0.35
low_clip_control	0.1818181818181818	0.8181818181818182
low_clip_control	0.8571428571428571	0.1428571428571428
other	0.5263157894736842	0.4736842105263157
low_clip_control	0.6511627906976745	0.3255813953488372
other	0.2345679012345679	0.7654320987654321
other	0.6111111111111112	0.2777777777777778
other	0.4444444444444444	0.5555555555555556
low_clip_control	0.4615384615384615	0.3076923076923077
low_clip_control	0.9666666666666668	0.0333333333333333
low_clip_control	0.9230769230769232	0.0384615384615384
low_clip_control	0.8571428571428571	0.1428571428571428
low_clip_control	0.8235294117647058	0.1764705882352941
other	0.6923076923076923	0.2307692307692307
other	0.1764705882352941	0.7647058823529411
low_clip_control	0.5789473684210527	0.4210526315789473
low_clip_control	0.6071428571428571	0.25
low_clip_control	0.85	0.125
low_clip_control	0.75	0.25
low_clip_control	0.6875	0.3125
other	0.8888888888888888	0.0555555555555555
functional_target	0.4	0.5333333333333333
other	0.902439024390244	0.048780487804878
low_clip_control	0.7142857142857143	0.1428571428571428
high_clip_target	0.92	0.08
other	0.44	0.44
other	0.9473684210526316	0.0526315789473684
low_clip_control	1.0	0.0
low_clip_control	0.8888888888888888	0.0
low_clip_control	0.6206896551724138	0.1724137931034483
other	1.0	0.0
low_clip_control	0.6521739130434783	0.3478260869565217
low_clip_control	0.9090909090909092	0.0
low_clip_control	0.64	0.36
low_clip_control	0.6	0.3
low_clip_control	0.3636363636363636	0.5757575757575758
other	0.1111111111111111	0.8888888888888888
other	0.4705882352941176	0.4705882352941176
low_clip_control	0.4285714285714285	0.5714285714285714
other	0.5517241379310345	0.4482758620689655
other	0.4	0.5333333333333333
other	0.53125	0.4375
low_clip_control	0.9696969696969696	0.0303030303030303
low_clip_control	0.6363636363636364	0.3636363636363636
low_clip_control	0.5882352941176471	0.0588235294117647
low_clip_control	0.875	0.125
low_clip_control	0.5	0.4166666666666667
other	0.3953488372093023	0.5813953488372093
low_clip_control	0.9090909090909092	0.0
other	0.2894736842105263	0.6842105263157895
high_clip_target	0.2051282051282051	0.717948717948718
other	0.2702702702702703	0.7027027027027027
other	0.8	0.2
other	0.75	0.25
low_clip_control	0.75	0.25
low_clip_control	0.3571428571428571	0.5714285714285714
low_clip_control	0.7142857142857143	0.1428571428571428
other	0.8787878787878788	0.1212121212121212
other	0.7746478873239436	0.2253521126760563
low_clip_control	0.6296296296296297	0.2592592592592592
low_clip_control	0.7916666666666666	0.1666666666666666
low_clip_control	0.5833333333333334	0.375
other	0.8571428571428571	0.0952380952380952
other	0.4444444444444444	0.5555555555555556
low_clip_control	0.5384615384615384	0.4615384615384615
other	0.3888888888888889	0.5925925925925926
high_clip_target	0.9230769230769232	0.0769230769230769
low_clip_control	1.0	0.0
other	0.1666666666666666	0.8055555555555556
high_clip_target	0.2972972972972973	0.7027027027027027
low_clip_control	0.5862068965517241	0.3793103448275862
functional_target	0.175	0.775
high_clip_target	0.85	0.1
other	0.5555555555555556	0.4166666666666667
high_clip_target	0.9736842105263158	0.0263157894736842
other	0.2307692307692307	0.6923076923076923
high_clip_target	0.9857142857142858	0.0
high_clip_target	0.5217391304347826	0.4347826086956521
functional_target	0.5454545454545454	0.4545454545454545
other	0.1451612903225806	0.8064516129032258
high_clip_target	0.4642857142857143	0.4642857142857143
other	0.3333333333333333	0.5238095238095238
low_clip_control	0.6	0.4
other	0.9583333333333334	0.0416666666666666
low_clip_control	0.8529411764705882	0.1470588235294117
low_clip_control	0.5	0.5
high_clip_target	0.7014925373134329	0.2835820895522388
high_clip_target	0.934959349593496	0.056910569105691
other	0.4782608695652174	0.4347826086956521
other	0.2272727272727272	0.75
other	0.5454545454545454	0.4545454545454545
other	0.6619718309859155	0.3098591549295774
other	0.6666666666666666	0.3333333333333333
other	0.5	0.3181818181818182
low_clip_control	0.8387096774193549	0.1612903225806451
other	0.3076923076923077	0.6153846153846154
low_clip_control	0.8125	0.125
other	0.5263157894736842	0.4210526315789473
low_clip_control	0.6	0.2
other	1.0	0.0
other	0.2325581395348837	0.6976744186046512
low_clip_control	0.2857142857142857	0.7142857142857143
high_clip_target	0.5	0.4285714285714285
other	0.5961538461538461	0.3461538461538461
other	0.7	0.3
low_clip_control	0.6111111111111112	0.3333333333333333
functional_target	0.2142857142857142	0.7857142857142857
other	0.3421052631578947	0.5526315789473685
other	0.5	0.4615384615384615
other	0.7567567567567568	0.1891891891891892
other	0.6666666666666666	0.3095238095238095
low_clip_control	0.4090909090909091	0.5909090909090909
low_clip_control	0.3833333333333333	0.6166666666666667
other	0.4285714285714285	0.5714285714285714
other	0.9375	0.0625
high_clip_target	0.6	0.4
low_clip_control	0.4827586206896552	0.3620689655172414
other	0.7142857142857143	0.0
high_clip_target	0.4615384615384615	0.5
high_clip_target	0.5952380952380952	0.4047619047619047
other	0.6808510638297872	0.2553191489361702
low_clip_control	0.8333333333333334	0.1666666666666666
low_clip_control	0.8157894736842105	0.1578947368421052
other	0.6	0.4
other	0.5789473684210527	0.3947368421052631
other	0.4444444444444444	0.5111111111111111
low_clip_control	0.6190476190476191	0.238095238095238
low_clip_control	0.9333333333333332	0.0666666666666666
other	0.5686274509803921	0.3333333333333333
low_clip_control	0.7674418604651163	0.2325581395348837
low_clip_control	0.36	0.64
low_clip_control	0.6862745098039216	0.2745098039215686
low_clip_control	0.4827586206896552	0.5172413793103449
other	0.8	0.1454545454545454
other	0.9166666666666666	0.0166666666666666
other	0.7058823529411765	0.1764705882352941
low_clip_control	0.9375	0.0
other	0.75	0.25
other	0.5178571428571429	0.4821428571428571
other	0.7333333333333333	0.2666666666666666
high_clip_target	0.825	0.125
low_clip_control	0.9	0.0
low_clip_control	0.6071428571428571	0.3571428571428571
other	0.9230769230769232	0.0769230769230769
other	1.0	0.0
other	0.7333333333333333	0.1333333333333333
low_clip_control	0.76	0.2
low_clip_control	0.8333333333333334	0.1666666666666666
low_clip_control	0.4545454545454545	0.5454545454545454
other	0.375	0.375
low_clip_control	0.8125	0.125
other	0.7209302325581395	0.2558139534883721
low_clip_control	0.6909090909090909	0.3090909090909091
low_clip_control	0.625	0.25
low_clip_control	0.5	0.4545454545454545
other	0.2545454545454545	0.6
low_clip_control	0.7777777777777778	0.2
low_clip_control	0.7727272727272727	0.0681818181818181
low_clip_control	0.3902439024390244	0.4634146341463415
other	0.8636363636363636	0.0227272727272727
low_clip_control	1.0	0.0
low_clip_control	0.6666666666666666	0.2666666666666666
other	1.0	0.0
low_clip_control	0.8888888888888888	0.0
low_clip_control	0.8301886792452831	0.1509433962264151
low_clip_control	0.6470588235294118	0.3235294117647059
low_clip_control	0.1428571428571428	0.8571428571428571
low_clip_control	0.8787878787878788	0.0606060606060606
low_clip_control	0.8888888888888888	0.1111111111111111
low_clip_control	0.8846153846153846	0.0384615384615384
high_clip_target	0.2807017543859649	0.7192982456140351
low_clip_control	0.4705882352941176	0.5
other	0.7272727272727273	0.2424242424242424
low_clip_control	0.5303030303030303	0.4696969696969697
low_clip_control	0.7894736842105263	0.1842105263157894
other	0.0833333333333333	0.8333333333333334
low_clip_control	1.0	0.0
other	0.2727272727272727	0.0909090909090909
low_clip_control	0.8181818181818182	0.1818181818181818
other	0.7142857142857143	0.2857142857142857
other	0.5217391304347826	0.4782608695652174
other	0.8181818181818182	0.1363636363636363
low_clip_control	0.6666666666666666	0.3333333333333333
other	0.7368421052631579	0.0526315789473684
other	0.375	0.625
other	0.6944444444444444	0.3055555555555556
other	0.2631578947368421	0.631578947368421
low_clip_control	0.7358490566037735	0.2452830188679245
low_clip_control	0.7307692307692307	0.1923076923076923
low_clip_control	0.9215686274509804	0.0588235294117647
low_clip_control	0.8461538461538461	0.1538461538461538
low_clip_control	0.5	0.5
low_clip_control	0.7647058823529411	0.2352941176470588
other	0.5454545454545454	0.4545454545454545
low_clip_control	0.7	0.2
functional_target	0.5185185185185185	0.4629629629629629
other	0.3	0.6
low_clip_control	0.3846153846153846	0.6153846153846154
other	0.631578947368421	0.3157894736842105
low_clip_control	0.9824561403508772	0.0175438596491228
low_clip_control	0.6666666666666666	0.0
other	0.6	0.4
low_clip_control	0.6190476190476191	0.3492063492063492
low_clip_control	0.8888888888888888	0.0
low_clip_control	0.6779661016949152	0.2203389830508474
other	0.8095238095238095	0.1428571428571428
low_clip_control	0.5714285714285714	0.3809523809523809
other	0.3846153846153846	0.5384615384615384
low_clip_control	0.3333333333333333	0.4285714285714285
low_clip_control	0.7777777777777778	0.0
low_clip_control	0.52	0.44
other	0.1509433962264151	0.8301886792452831
other	0.7307692307692307	0.2307692307692307
low_clip_control	0.375	0.625
low_clip_control	0.8571428571428571	0.0714285714285714
low_clip_control	0.8709677419354839	0.0967741935483871
low_clip_control	0.4444444444444444	0.5555555555555556
low_clip_control	0.25	0.5
low_clip_control	0.8235294117647058	0.0588235294117647
low_clip_control	0.9230769230769232	0.0769230769230769
low_clip_control	1.0	0.0
other	0.8947368421052632	0.087719298245614
low_clip_control	0.6216216216216216	0.3783783783783784
other	0.6	0.0
other	0.1666666666666666	0.8
low_clip_control	0.9411764705882352	0.0588235294117647
low_clip_control	0.7222222222222222	0.25
other	1.0	0.0
other	0.9166666666666666	0.0833333333333333
low_clip_control	0.6666666666666666	0.2222222222222222
low_clip_control	0.8939393939393939	0.0909090909090909
low_clip_control	0.7647058823529411	0.1764705882352941
low_clip_control	0.9629629629629628	0.037037037037037
low_clip_control	0.3846153846153846	0.5192307692307693
functional_target	0.3846153846153846	0.5384615384615384
other	0.4375	0.5
low_clip_control	0.7241379310344828	0.2758620689655172
other	0.6896551724137931	0.3103448275862069
low_clip_control	0.55	0.45
low_clip_control	0.8108108108108109	0.1621621621621621
low_clip_control	0.5	0.3
low_clip_control	0.4150943396226415	0.5660377358490566
low_clip_control	0.8148148148148148	0.1851851851851851
low_clip_control	0.7804878048780488	0.1951219512195122
other	0.2068965517241379	0.6896551724137931
other	0.2647058823529412	0.6764705882352942
other	0.7333333333333333	0.2
low_clip_control	0.9545454545454546	0.0454545454545454
high_clip_target	0.7	0.3
other	0.8518518518518519	0.1481481481481481
other	0.3636363636363636	0.2727272727272727
other	0.4347826086956521	0.5652173913043478
high_clip_target	0.3191489361702128	0.6595744680851063
high_clip_target	0.3191489361702128	0.6170212765957447
functional_target	0.5087719298245614	0.4385964912280701
low_clip_control	1.0	0.0
other	0.8461538461538461	0.0769230769230769
low_clip_control	0.8714285714285714	0.1285714285714285
low_clip_control	0.65625	0.25
low_clip_control	0.40625	0.59375
low_clip_control	0.5714285714285714	0.4285714285714285
other	0.8571428571428571	0.1071428571428571
functional_target	0.9523809523809524	0.0238095238095238
functional_target	0.6071428571428571	0.3571428571428571
other	0.96	0.0
low_clip_control	0.5087719298245614	0.4210526315789473
other	0.7272727272727273	0.2727272727272727
other	0.9230769230769232	0.0769230769230769
other	0.4615384615384615	0.2307692307692307
other	0.3658536585365853	0.5609756097560976
low_clip_control	0.6428571428571429	0.0
low_clip_control	0.7272727272727273	0.0909090909090909
low_clip_control	0.5	0.5
other	0.8028169014084507	0.1690140845070422
low_clip_control	0.8125	0.125
low_clip_control	0.4736842105263157	0.4736842105263157
high_clip_target	0.3225806451612903	0.6774193548387096
low_clip_control	0.9166666666666666	0.0
low_clip_control	0.5862068965517241	0.3448275862068966
low_clip_control	0.9333333333333332	0.0
low_clip_control	0.2	0.8
low_clip_control	0.8235294117647058	0.1176470588235294
other	0.3777777777777777	0.6
low_clip_control	0.8823529411764706	0.1176470588235294
other	0.3255813953488372	0.6046511627906976
functional_target	0.4117647058823529	0.5882352941176471
low_clip_control	0.9583333333333334	0.0416666666666666
low_clip_control	0.3661971830985915	0.5070422535211268
low_clip_control	0.7520661157024794	0.2231404958677686
other	0.275	0.725
functional_target	0.5454545454545454	0.4242424242424242
other	0.4285714285714285	0.5428571428571428
low_clip_control	0.5	0.4166666666666667
other	0.8151260504201681	0.1848739495798319
low_clip_control	0.875	0.0625
functional_target	0.1794871794871795	0.7948717948717948
functional_target	0.4615384615384615	0.5
other	0.3703703703703703	0.5925925925925926
other	0.3636363636363636	0.1818181818181818
high_clip_target	0.6	0.4
low_clip_control	0.8780487804878049	0.048780487804878
other	0.8125	0.125
other	0.234375	0.75
other	0.9696969696969696	0.0303030303030303
low_clip_control	0.7916666666666666	0.0416666666666666
low_clip_control	0.35	0.65
other	0.5	0.4
other	0.7857142857142857	0.2142857142857142
other	0.5952380952380952	0.2857142857142857
other	0.5476190476190477	0.3809523809523809
other	0.3333333333333333	0.6470588235294118
low_clip_control	0.3809523809523809	0.5238095238095238
low_clip_control	0.3947368421052631	0.5526315789473685
other	0.4242424242424242	0.4848484848484848
other	0.8333333333333334	0.1666666666666666
functional_target	0.15	0.85
high_clip_target	0.75	0.125
other	0.4090909090909091	0.5454545454545454
low_clip_control	0.3636363636363636	0.0909090909090909
other	0.2	0.7428571428571429
low_clip_control	0.7222222222222222	0.2222222222222222
other	0.59375	0.34375
other	0.9696969696969696	0.0303030303030303
low_clip_control	0.8823529411764706	0.1176470588235294
low_clip_control	0.8620689655172413	0.1379310344827586
other	0.3714285714285714	0.6285714285714286
other	0.4266666666666667	0.5733333333333334
low_clip_control	0.7222222222222222	0.2222222222222222
functional_target	0.4629629629629629	0.5370370370370371
other	0.6216216216216216	0.3243243243243243
other	0.3333333333333333	0.6666666666666666
low_clip_control	0.9642857142857144	0.0357142857142857
low_clip_control	0.9375	0.0
low_clip_control	1.0	0.0
other	0.4912280701754385	0.4385964912280701
other	0.9239130434782608	0.0760869565217391
low_clip_control	0.6764705882352942	0.2647058823529412
other	0.5121951219512195	0.4634146341463415
high_clip_target	0.7692307692307693	0.2
other	0.3673469387755102	0.6326530612244898
other	0.6190476190476191	0.3809523809523809
other	0.8222222222222222	0.0888888888888888
low_clip_control	0.8648648648648649	0.1351351351351351
low_clip_control	0.945945945945946	0.054054054054054
low_clip_control	0.717948717948718	0.282051282051282
other	0.2631578947368421	0.7368421052631579
other	0.7567567567567568	0.1891891891891892
other	0.4186046511627907	0.5813953488372093
low_clip_control	0.7222222222222222	0.1111111111111111
low_clip_control	1.0	0.0
other	0.6086956521739131	0.391304347826087
low_clip_control	0.6444444444444445	0.3333333333333333
low_clip_control	1.0	0.0
functional_target	0.3617021276595745	0.5531914893617021
other	0.5517241379310345	0.4137931034482758
low_clip_control	0.7272727272727273	0.2727272727272727
low_clip_control	0.7142857142857143	0.1428571428571428
other	0.15625	0.65625
low_clip_control	0.8571428571428571	0.0
other	0.96	0.04
low_clip_control	0.84	0.16
other	0.7692307692307693	0.2307692307692307
low_clip_control	0.8235294117647058	0.1764705882352941
low_clip_control	0.25	0.75
low_clip_control	0.4285714285714285	0.5306122448979592
low_clip_control	0.4054054054054054	0.5675675675675675
low_clip_control	0.7692307692307693	0.1153846153846153
other	0.5769230769230769	0.4230769230769231
other	0.6923076923076923	0.1923076923076923
low_clip_control	0.8235294117647058	0.1764705882352941
low_clip_control	0.25	0.7115384615384616
low_clip_control	0.8	0.16
low_clip_control	0.7555555555555555	0.2222222222222222
other	0.8611111111111112	0.1388888888888889
low_clip_control	0.55	0.45
other	0.603448275862069	0.3793103448275862
other	0.6	0.3333333333333333
low_clip_control	0.4383561643835616	0.5342465753424658
low_clip_control	0.9393939393939394	0.0454545454545454
low_clip_control	0.4	0.4
low_clip_control	0.8723404255319149	0.1063829787234042
low_clip_control	0.5	0.5
low_clip_control	0.5	0.5
low_clip_control	0.9696969696969696	0.0303030303030303
other	0.3333333333333333	0.6666666666666666
low_clip_control	0.8222222222222222	0.1555555555555555
other	0.2258064516129032	0.6774193548387096
other	0.3888888888888889	0.5555555555555556
other	0.4945054945054945	0.4835164835164835
other	0.9310344827586208	0.0591133004926108
other	0.8048780487804879	0.1951219512195122
other	0.6101694915254238	0.3559322033898305
other	0.6923076923076923	0.1923076923076923
low_clip_control	0.6818181818181818	0.2272727272727272
low_clip_control	0.4375	0.46875
low_clip_control	0.6666666666666666	0.2777777777777778
low_clip_control	0.9491525423728814	0.0
other	0.1929824561403508	0.8070175438596491
low_clip_control	0.75	0.2083333333333333
functional_target	0.3870967741935484	0.5806451612903226
other	0.2857142857142857	0.5714285714285714
other	0.6486486486486487	0.2162162162162162
other	0.28	0.68
other	1.0	0.0
other	1.0	0.0
other	0.282051282051282	0.717948717948718
other	0.8070175438596491	0.1578947368421052
other	0.8414634146341463	0.1463414634146341
low_clip_control	0.4285714285714285	0.4761904761904761
high_clip_target	0.6904761904761905	0.3095238095238095
low_clip_control	0.1428571428571428	0.8285714285714286
other	0.5217391304347826	0.4782608695652174
other	1.0	0.0
other	0.7910447761194029	0.044776119402985
low_clip_control	0.34375	0.625
other	0.9545454545454546	0.0454545454545454
low_clip_control	0.4782608695652174	0.4782608695652174
low_clip_control	0.3580246913580246	0.6049382716049383
other	0.5909090909090909	0.3863636363636363
other	0.7647058823529411	0.0
low_clip_control	0.2903225806451613	0.6774193548387096
low_clip_control	0.7272727272727273	0.0909090909090909
high_clip_target	0.1923076923076923	0.7948717948717948
other	0.782608695652174	0.0869565217391304
other	0.8235294117647058	0.1764705882352941
other	0.4	0.4
other	0.8333333333333334	0.0833333333333333
low_clip_control	0.6875	0.125
low_clip_control	0.4583333333333333	0.4791666666666667
low_clip_control	0.6666666666666666	0.2916666666666667
other	0.8823529411764706	0.1176470588235294
low_clip_control	0.52	0.36
other	0.6206896551724138	0.2413793103448276
high_clip_target	0.56	0.42
high_clip_target	0.76	0.2
other	0.7272727272727273	0.2727272727272727
low_clip_control	0.4761904761904761	0.5238095238095238
low_clip_control	0.625	0.375
other	0.6666666666666666	0.3333333333333333
low_clip_control	0.4736842105263157	0.5
low_clip_control	0.2272727272727272	0.7727272727272727
low_clip_control	0.1739130434782608	0.782608695652174
high_clip_target	0.2592592592592592	0.6296296296296297
low_clip_control	0.3333333333333333	0.5
low_clip_control	0.2592592592592592	0.074074074074074
other	0.7122302158273381	0.2805755395683453
low_clip_control	0.9444444444444444	0.0555555555555555
low_clip_control	0.8787878787878788	0.0606060606060606
low_clip_control	0.6	0.0666666666666666
other	0.875	0.125
other	0.4545454545454545	0.5454545454545454
other	0.7848101265822784	0.2151898734177215
low_clip_control	0.7857142857142857	0.2142857142857142
other	0.45	0.55
functional_target	0.5376344086021505	0.4516129032258064
other	0.925925925925926	0.037037037037037
other	0.3684210526315789	0.4210526315789473
low_clip_control	0.9090909090909092	0.0
low_clip_control	1.0	0.0
other	0.8214285714285714	0.1428571428571428
high_clip_target	0.75	0.0
other	0.2708333333333333	0.6666666666666666
other	0.5882352941176471	0.3529411764705882
low_clip_control	0.6923076923076923	0.3076923076923077
other	0.8	0.175
low_clip_control	0.4782608695652174	0.4347826086956521
other	0.9523809523809524	0.0
other	0.65	0.325
high_clip_target	0.3658536585365853	0.5853658536585366
other	0.5633802816901409	0.4225352112676056
low_clip_control	0.7948717948717948	0.1538461538461538
low_clip_control	0.5142857142857142	0.4857142857142857
other	0.3235294117647059	0.5882352941176471
low_clip_control	0.71875	0.28125
other	0.0	0.5
other	0.6923076923076923	0.2692307692307692
high_clip_target	0.1282051282051282	0.8717948717948718
high_clip_target	0.7142857142857143	0.2571428571428571
other	0.9782608695652174	0.0
other	0.5714285714285714	0.4081632653061224
high_clip_target	0.3809523809523809	0.6190476190476191
other	0.2	0.6
other	0.625	0.375
other	0.0	1.0
low_clip_control	0.8333333333333334	0.1388888888888889
other	0.6190476190476191	0.0
low_clip_control	0.25	0.375
low_clip_control	0.6666666666666666	0.0
low_clip_control	0.4444444444444444	0.4444444444444444
other	0.4814814814814814	0.5185185185185185
other	0.75	0.2
low_clip_control	0.7931034482758621	0.2068965517241379
functional_target	0.7647058823529411	0.1176470588235294
other	0.9230769230769232	0.0
other	0.7727272727272727	0.2272727272727272
functional_target	0.7894736842105263	0.2105263157894736
low_clip_control	0.896551724137931	0.1034482758620689
high_clip_target	0.6153846153846154	0.3846153846153846
high_clip_target	0.7058823529411765	0.2647058823529412
low_clip_control	0.7647058823529411	0.1764705882352941
low_clip_control	0.8461538461538461	0.1538461538461538
other	0.9375	0.0625
low_clip_control	0.8095238095238095	0.1904761904761904
high_clip_target	0.5833333333333334	0.3333333333333333
low_clip_control	0.6428571428571429	0.1428571428571428
low_clip_control	0.9824561403508772	0.0175438596491228
other	0.9333333333333332	0.0666666666666666
other	0.7586206896551724	0.1724137931034483
other	0.7948717948717948	0.1794871794871795
high_clip_target	0.7586206896551724	0.1724137931034483
high_clip_target	0.65	0.325
low_clip_control	0.5238095238095238	0.4047619047619047
high_clip_target	0.8805970149253731	0.0895522388059701
other	0.4736842105263157	0.4210526315789473
other	0.7631578947368421	0.2105263157894736
low_clip_control	0.8947368421052632	0.0789473684210526
functional_target	0.3076923076923077	0.5384615384615384
high_clip_target	0.4933333333333333	0.4666666666666667
low_clip_control	0.6666666666666666	0.25
other	0.6181818181818182	0.3818181818181818
other	0.8571428571428571	0.1428571428571428
functional_target	0.1714285714285714	0.8
other	0.9285714285714286	0.0714285714285714
other	0.85	0.1
low_clip_control	0.6571428571428571	0.2571428571428571
functional_target	0.2291666666666666	0.7291666666666666
other	0.2	0.8
other	0.8923076923076924	0.1076923076923077
other	0.0454545454545454	0.8863636363636364
other	0.7884615384615384	0.1923076923076923
other	0.5405405405405406	0.4324324324324324
other	0.5652173913043478	0.1739130434782608
low_clip_control	0.6296296296296297	0.3703703703703703
other	1.0	0.0
other	0.75	0.0
other	0.8780487804878049	0.073170731707317
low_clip_control	0.6153846153846154	0.3076923076923077
functional_target	0.2758620689655172	0.6206896551724138
other	0.4814814814814814	0.5185185185185185
other	0.1891891891891892	0.5135135135135135
high_clip_target	0.4927536231884058	0.4492753623188406
other	1.0	0.0
other	0.3636363636363636	0.6060606060606061
other	0.8823529411764706	0.1176470588235294
low_clip_control	0.5882352941176471	0.2941176470588235
other	0.2272727272727272	0.1363636363636363
other	0.7931034482758621	0.2068965517241379
functional_target	0.358974358974359	0.6282051282051282
other	0.8823529411764706	0.1176470588235294
other	0.6666666666666666	0.1666666666666666
other	1.0	0.0
other	0.5714285714285714	0.2857142857142857
low_clip_control	0.7959183673469388	0.1428571428571428
high_clip_target	0.0888888888888888	0.8444444444444444
low_clip_control	0.6428571428571429	0.2857142857142857
other	0.238095238095238	0.6666666666666666
low_clip_control	0.3157894736842105	0.631578947368421
other	0.5294117647058824	0.4117647058823529
other	0.4615384615384615	0.5384615384615384
low_clip_control	0.9154929577464788	0.0845070422535211
other	0.7857142857142857	0.2142857142857142
other	0.3928571428571428	0.5357142857142857
high_clip_target	0.6111111111111112	0.3888888888888889
other	0.4864864864864865	0.4054054054054054
functional_target	0.3555555555555555	0.5333333333333333
low_clip_control	0.3555555555555555	0.6444444444444445
other	0.5161290322580645	0.4838709677419355
other	0.6666666666666666	0.2777777777777778
other	0.7272727272727273	0.2727272727272727
low_clip_control	0.5769230769230769	0.3846153846153846
low_clip_control	0.6666666666666666	0.1212121212121212
high_clip_target	0.7916666666666666	0.1666666666666666
low_clip_control	0.6470588235294118	0.1764705882352941
other	0.65625	0.28125
low_clip_control	0.9772727272727272	0.0227272727272727
low_clip_control	0.4857142857142857	0.5142857142857142
other	0.7962962962962963	0.2037037037037037
low_clip_control	0.2033898305084746	0.7796610169491526
other	0.6585365853658537	0.2682926829268293
functional_target	0.4857142857142857	0.5142857142857142
other	0.7727272727272727	0.2272727272727272
other	0.4666666666666667	0.0
other	0.1428571428571428	0.8571428571428571
high_clip_target	0.9292929292929292	0.0606060606060606
other	0.2857142857142857	0.6904761904761905
other	0.5625	0.4375
other	0.5333333333333333	0.3333333333333333
low_clip_control	0.5454545454545454	0.4545454545454545
high_clip_target	0.7796610169491526	0.1694915254237288
low_clip_control	0.1818181818181818	0.6363636363636364
other	0.3076923076923077	0.6153846153846154
other	1.0	0.0
other	0.3076923076923077	0.4615384615384615
other	0.3	0.675
low_clip_control	0.6551724137931034	0.3448275862068966
other	0.9032258064516128	0.0967741935483871
low_clip_control	0.4864864864864865	0.5135135135135135
other	0.8	0.2
low_clip_control	0.8064516129032258	0.1290322580645161
other	0.4615384615384615	0.3076923076923077
low_clip_control	0.1428571428571428	0.8095238095238095
low_clip_control	0.3636363636363636	0.4090909090909091
low_clip_control	0.4444444444444444	0.4444444444444444
other	0.7391304347826086	0.1739130434782608
low_clip_control	0.9032258064516128	0.064516129032258
other	0.75	0.0
functional_target	0.6666666666666666	0.0
other	0.9615384615384616	0.0
functional_target	0.0985915492957746	0.8873239436619719
other	0.5384615384615384	0.4615384615384615
other	0.12	0.88
other	0.8	0.2
other	0.631578947368421	0.3684210526315789
other	0.5116279069767442	0.4418604651162791
other	0.2105263157894736	0.7894736842105263
other	0.7169811320754716	0.2641509433962264
low_clip_control	0.8571428571428571	0.1428571428571428
low_clip_control	0.9230769230769232	0.0769230769230769
low_clip_control	1.0	0.0
other	0.5205479452054794	0.4520547945205479
low_clip_control	0.4	0.4
low_clip_control	0.8076923076923077	0.1538461538461538
low_clip_control	0.9545454545454546	0.0454545454545454
other	0.75	0.1964285714285714
other	0.2608695652173913	0.7391304347826086
low_clip_control	0.14	0.86
other	0.5555555555555556	0.4444444444444444
low_clip_control	0.0952380952380952	0.8571428571428571
functional_target	0.2	0.7714285714285715
low_clip_control	0.5185185185185185	0.4444444444444444
other	0.59375	0.375
low_clip_control	0.7083333333333334	0.0416666666666666
other	0.5111111111111111	0.3333333333333333
other	0.3103448275862069	0.4482758620689655
other	0.7916666666666666	0.125
other	0.4666666666666667	0.5333333333333333
low_clip_control	0.3157894736842105	0.6578947368421053
other	0.9545454545454546	0.0454545454545454
low_clip_control	0.3529411764705882	0.5882352941176471
other	0.5	0.2857142857142857
high_clip_target	0.967741935483871	0.021505376344086
low_clip_control	0.3	0.6666666666666666
other	0.4150943396226415	0.5849056603773585
other	0.4761904761904761	0.5238095238095238
other	0.3333333333333333	0.6666666666666666
other	0.6666666666666666	0.0666666666666666
other	0.0930232558139534	0.9069767441860463
high_clip_target	0.3846153846153846	0.5384615384615384
high_clip_target	0.7604166666666666	0.2395833333333333
other	0.918918918918919	0.081081081081081
other	0.3173076923076923	0.6826923076923077
high_clip_target	0.8679245283018868	0.0943396226415094
other	0.6086956521739131	0.0869565217391304
other	0.5957446808510638	0.3191489361702128
other	0.24	0.76
low_clip_control	0.7586206896551724	0.2413793103448276
other	0.3939393939393939	0.4848484848484848
low_clip_control	0.6428571428571429	0.2857142857142857
other	0.7647058823529411	0.1176470588235294
other	0.4583333333333333	0.4166666666666667
other	0.8	0.08
low_clip_control	0.8125	0.1875
low_clip_control	0.6296296296296297	0.3703703703703703
other	0.4117647058823529	0.5
other	0.3235294117647059	0.6470588235294118
other	0.4545454545454545	0.4848484848484848
low_clip_control	0.9375	0.05
other	0.8297872340425532	0.1702127659574468
low_clip_control	0.85	0.05
low_clip_control	0.6296296296296297	0.2592592592592592
functional_target	0.4827586206896552	0.4137931034482758
other	0.375	0.55
low_clip_control	0.6923076923076923	0.2307692307692307
low_clip_control	0.3529411764705882	0.4117647058823529
other	0.8333333333333334	0.1666666666666666
low_clip_control	0.625	0.375
low_clip_control	0.6444444444444445	0.0888888888888888
low_clip_control	0.3863636363636363	0.4545454545454545
low_clip_control	0.631578947368421	0.3684210526315789
other	0.4	0.25
low_clip_control	0.3333333333333333	0.3888888888888889
other	0.7560975609756098	0.2439024390243902
low_clip_control	0.4814814814814814	0.4444444444444444
other	0.625	0.375
low_clip_control	0.6	0.4
high_clip_target	0.88	0.12
other	0.875	0.0
other	0.35	0.3
other	0.9454545454545454	0.0181818181818181
other	0.9	0.1
other	0.4117647058823529	0.5
other	0.4375	0.5
low_clip_control	0.6	0.05
other	0.6842105263157895	0.2631578947368421
other	0.6666666666666666	0.3333333333333333
high_clip_target	0.4516129032258064	0.5483870967741935
other	0.2941176470588235	0.4117647058823529
high_clip_target	0.9090909090909092	0.0495867768595041
other	0.6346153846153846	0.3076923076923077
other	0.6111111111111112	0.3333333333333333
low_clip_control	0.28	0.52
low_clip_control	0.7894736842105263	0.1578947368421052
low_clip_control	0.0833333333333333	0.9166666666666666
other	0.1142857142857142	0.7142857142857143
low_clip_control	0.5625	0.3125
low_clip_control	0.8333333333333334	0.1666666666666666
low_clip_control	0.48	0.48
other	0.7241379310344828	0.1034482758620689
low_clip_control	0.9222222222222224	0.0444444444444444
other	0.5714285714285714	0.3714285714285714
low_clip_control	0.9523809523809524	0.0238095238095238
low_clip_control	0.6666666666666666	0.3333333333333333
low_clip_control	0.7333333333333333	0.2666666666666666
low_clip_control	0.3548387096774194	0.6451612903225806
low_clip_control	1.0	0.0
low_clip_control	0.3333333333333333	0.4444444444444444
high_clip_target	0.6470588235294118	0.2941176470588235
other	0.7916666666666666	0.2083333333333333
low_clip_control	0.5625	0.0625
other	0.85	0.05
high_clip_target	0.2285714285714285	0.7428571428571429
low_clip_control	0.5116279069767442	0.3720930232558139
low_clip_control	0.6470588235294118	0.2941176470588235
low_clip_control	0.925	0.075
low_clip_control	0.6818181818181818	0.1818181818181818
low_clip_control	1.0	0.0
other	0.25	0.25
low_clip_control	0.8421052631578947	0.1052631578947368
low_clip_control	0.5263157894736842	0.1578947368421052
low_clip_control	0.7	0.3
other	0.2666666666666666	0.6333333333333333
high_clip_target	0.2463768115942029	0.6811594202898551
low_clip_control	0.92	0.08
low_clip_control	0.7391304347826086	0.217391304347826
low_clip_control	0.6956521739130435	0.3043478260869565
other	0.631578947368421	0.3684210526315789
other	0.8591549295774648	0.1408450704225352
other	0.5806451612903226	0.3870967741935484
low_clip_control	0.7777777777777778	0.0
other	0.5833333333333334	0.4166666666666667
high_clip_target	0.4482758620689655	0.5344827586206896
other	0.1538461538461538	0.5384615384615384
functional_target	0.2692307692307692	0.5769230769230769
other	0.905982905982906	0.0854700854700854
low_clip_control	0.3809523809523809	0.6190476190476191
functional_target	0.625	0.25
other	0.7865168539325843	0.1235955056179775
other	0.675	0.275
other	0.9	0.0333333333333333
low_clip_control	0.5	0.3846153846153846
low_clip_control	0.6078431372549019	0.3529411764705882
other	0.25	0.6944444444444444
other	0.75	0.1666666666666666
functional_target	0.6363636363636364	0.2727272727272727
other	0.1724137931034483	0.8103448275862069
low_clip_control	0.7777777777777778	0.0
other	0.7619047619047619	0.238095238095238
functional_target	0.7931034482758621	0.2068965517241379
other	0.7555555555555555	0.1777777777777777
other	0.8571428571428571	0.1428571428571428
other	0.3225806451612903	0.6129032258064516
other	0.7058823529411765	0.2352941176470588
other	0.9473684210526316	0.0526315789473684
high_clip_target	0.4375	0.4375
other	0.75	0.1388888888888889
low_clip_control	1.0	0.0
other	0.75	0.21875
other	0.8333333333333334	0.125
low_clip_control	0.9607843137254902	0.0
other	0.7142857142857143	0.1428571428571428
other	0.7142857142857143	0.1428571428571428
other	0.3	0.55
functional_target	0.9333333333333332	0.0
low_clip_control	0.68	0.08
low_clip_control	0.9722222222222222	0.0277777777777777
other	0.6153846153846154	0.1153846153846153
low_clip_control	0.6136363636363636	0.3636363636363636
other	0.8	0.1
low_clip_control	0.5	0.5
other	0.8125	0.171875
high_clip_target	0.7222222222222222	0.1666666666666666
low_clip_control	0.9736842105263158	0.0263157894736842
other	0.0588235294117647	0.8823529411764706
other	0.875	0.0625
other	0.375	0.375
other	0.8823529411764706	0.1176470588235294
other	0.3513513513513513	0.6216216216216216
low_clip_control	0.5263157894736842	0.4210526315789473
low_clip_control	0.92	0.0
low_clip_control	0.8333333333333334	0.1666666666666666
other	0.8596491228070176	0.1403508771929824
low_clip_control	0.2857142857142857	0.6666666666666666
low_clip_control	0.6296296296296297	0.3518518518518518
low_clip_control	0.75	0.1590909090909091
low_clip_control	0.7435897435897436	0.2564102564102564
low_clip_control	0.2142857142857142	0.7142857142857143
low_clip_control	0.2790697674418604	0.7209302325581395
other	0.5172413793103449	0.4137931034482758
other	0.6428571428571429	0.2857142857142857
low_clip_control	0.5675675675675675	0.4324324324324324
low_clip_control	0.2432432432432432	0.5945945945945946
low_clip_control	0.4117647058823529	0.5294117647058824
other	0.0909090909090909	0.9090909090909092
other	0.1454545454545454	0.8363636363636363
low_clip_control	0.5	0.4166666666666667
other	0.3823529411764705	0.6176470588235294
low_clip_control	0.9411764705882352	0.0588235294117647
other	0.3333333333333333	0.3636363636363636
low_clip_control	0.4285714285714285	0.5714285714285714
low_clip_control	0.375	0.375
other	0.5384615384615384	0.4230769230769231
low_clip_control	0.6153846153846154	0.3846153846153846
other	0.5416666666666666	0.4166666666666667
low_clip_control	0.8260869565217391	0.0
low_clip_control	0.3611111111111111	0.6388888888888888
low_clip_control	0.4736842105263157	0.5263157894736842
low_clip_control	0.7307692307692307	0.1923076923076923
low_clip_control	0.8524590163934426	0.1393442622950819
other	0.9824561403508772	0.0175438596491228
other	0.625	0.125
other	0.59375	0.40625
other	0.3333333333333333	0.6666666666666666
other	0.6	0.25
high_clip_target	0.9411764705882352	0.0588235294117647
low_clip_control	0.3541666666666667	0.6041666666666666
high_clip_target	0.3548387096774194	0.5806451612903226
other	0.7727272727272727	0.2045454545454545
high_clip_target	0.24	0.56
low_clip_control	0.8928571428571429	0.1071428571428571
low_clip_control	0.8	0.1333333333333333
low_clip_control	0.6792452830188679	0.0566037735849056
low_clip_control	0.125	0.8125
low_clip_control	0.6666666666666666	0.3333333333333333
low_clip_control	0.6818181818181818	0.3181818181818182
low_clip_control	0.4615384615384615	0.3076923076923077
other	0.925925925925926	0.037037037037037
low_clip_control	0.9661016949152542	0.0169491525423728
low_clip_control	0.5	0.125
other	0.6511627906976745	0.3488372093023256
low_clip_control	0.5185185185185185	0.3703703703703703
low_clip_control	0.2142857142857142	0.7142857142857143
other	0.8695652173913043	0.0434782608695652
low_clip_control	0.2777777777777778	0.7222222222222222
low_clip_control	0.631578947368421	0.3157894736842105
low_clip_control	0.0816326530612244	0.9183673469387756
other	0.2903225806451613	0.6451612903225806
other	0.5666666666666667	0.3666666666666666
functional_target	0.5471698113207547	0.4339622641509434
low_clip_control	1.0	0.0
low_clip_control	0.0769230769230769	0.8461538461538461
low_clip_control	0.5789473684210527	0.4210526315789473
other	0.4347826086956521	0.5652173913043478
high_clip_target	0.7631578947368421	0.2105263157894736
other	0.5454545454545454	0.303030303030303
low_clip_control	0.5	0.4
other	0.6551724137931034	0.2758620689655172
functional_target	0.7083333333333334	0.2291666666666666
low_clip_control	0.6923076923076923	0.282051282051282
other	0.4	0.6
low_clip_control	0.7941176470588235	0.2058823529411764
low_clip_control	0.6666666666666666	0.3333333333333333
low_clip_control	0.4545454545454545	0.5454545454545454
low_clip_control	0.9166666666666666	0.0555555555555555
low_clip_control	0.9411764705882352	0.0588235294117647
low_clip_control	0.35	0.35
low_clip_control	0.8571428571428571	0.0
low_clip_control	0.7368421052631579	0.2105263157894736
low_clip_control	0.8	0.0
low_clip_control	0.6666666666666666	0.25
low_clip_control	0.75	0.1875
other	0.8571428571428571	0.0714285714285714
low_clip_control	0.9333333333333332	0.0
low_clip_control	0.8461538461538461	0.1153846153846153
low_clip_control	0.9444444444444444	0.0277777777777777
low_clip_control	1.0	0.0
low_clip_control	0.225	0.7
low_clip_control	0.6	0.2
low_clip_control	0.9333333333333332	0.0
high_clip_target	0.6153846153846154	0.3846153846153846
other	0.9722222222222222	0.0222222222222222
low_clip_control	0.9558823529411764	0.0294117647058823
low_clip_control	0.7777777777777778	0.1111111111111111
low_clip_control	0.625	0.3125
low_clip_control	0.8888888888888888	0.0
low_clip_control	1.0	0.0
low_clip_control	0.0625	0.75
high_clip_target	0.7755102040816326	0.2244897959183673
low_clip_control	0.5517241379310345	0.4137931034482758
other	0.360655737704918	0.6065573770491803
other	0.8205128205128205	0.1538461538461538
low_clip_control	0.6428571428571429	0.2857142857142857
low_clip_control	0.8181818181818182	0.1818181818181818
other	0.4878048780487805	0.4634146341463415
other	0.391304347826087	0.3478260869565217
low_clip_control	0.7	0.2
low_clip_control	0.8596491228070176	0.1403508771929824
low_clip_control	0.9101123595505618	0.0898876404494382
other	0.6666666666666666	0.3333333333333333
other	0.9	0.0
other	0.5238095238095238	0.4285714285714285
high_clip_target	0.5	0.4897959183673469
other	0.9473684210526316	0.0263157894736842
functional_target	0.6086956521739131	0.3478260869565217
other	0.7272727272727273	0.1818181818181818
high_clip_target	0.5862068965517241	0.2413793103448276
high_clip_target	0.5	0.4230769230769231
other	0.2916666666666667	0.7083333333333334
low_clip_control	0.75	0.0
other	0.9933333333333332	0.0066666666666666
low_clip_control	0.8	0.2
high_clip_target	0.1891891891891892	0.7837837837837838
low_clip_control	0.4444444444444444	0.5555555555555556
other	0.5882352941176471	0.3529411764705882
other	0.2	0.8
other	0.71875	0.25
other	0.8	0.1
other	0.6060606060606061	0.3939393939393939
low_clip_control	0.5	0.3333333333333333
other	0.5	0.375
low_clip_control	0.8809523809523809	0.0952380952380952
functional_target	0.3421052631578947	0.5
functional_target	0.8275862068965517	0.0689655172413793
high_clip_target	0.1428571428571428	0.8214285714285714
low_clip_control	0.3333333333333333	0.0
other	0.7297297297297297	0.2162162162162162
low_clip_control	0.6086956521739131	0.2608695652173913
other	0.5	0.3
other	0.5135135135135135	0.4594594594594595
high_clip_target	0.68	0.04
other	0.8695652173913043	0.1304347826086956
low_clip_control	0.5294117647058824	0.4705882352941176
low_clip_control	0.6101694915254238	0.2203389830508474
low_clip_control	0.7777777777777778	0.1666666666666666
other	0.5	0.2727272727272727
high_clip_target	0.7027027027027027	0.2972972972972973
other	0.76	0.16
other	0.6521739130434783	0.3478260869565217
other	0.2857142857142857	0.6428571428571429
other	0.8823529411764706	0.0588235294117647
other	0.6486486486486487	0.3243243243243243
low_clip_control	0.6666666666666666	0.2777777777777778
other	0.9	0.0
other	0.4716981132075472	0.5283018867924528
other	0.375	0.375
low_clip_control	0.5454545454545454	0.4545454545454545
low_clip_control	0.5833333333333334	0.3333333333333333
low_clip_control	0.8571428571428571	0.1428571428571428
low_clip_control	0.696969696969697	0.1515151515151515
low_clip_control	0.8108108108108109	0.054054054054054
other	0.2758620689655172	0.6896551724137931
low_clip_control	0.2972972972972973	0.6216216216216216
other	0.5	0.375
other	0.7735849056603774	0.1886792452830188
low_clip_control	0.8333333333333334	0.0833333333333333
other	0.8	0.1555555555555555
low_clip_control	0.0	0.8928571428571429
other	0.3888888888888889	0.6111111111111112
low_clip_control	0.9375	0.0
other	0.4347826086956521	0.5217391304347826
low_clip_control	0.9375	0.0
other	0.3896103896103896	0.5714285714285714
low_clip_control	0.5666666666666667	0.4
low_clip_control	0.55	0.2
high_clip_target	0.8666666666666667	0.0666666666666666
high_clip_target	0.5384615384615384	0.4358974358974359
other	0.46875	0.53125
low_clip_control	0.3684210526315789	0.631578947368421
functional_target	0.2653061224489796	0.7142857142857143
other	0.9444444444444444	0.0555555555555555
other	0.5897435897435898	0.282051282051282
low_clip_control	0.6296296296296297	0.3703703703703703
other	0.2839506172839506	0.6296296296296297
other	0.15	0.5666666666666667
low_clip_control	0.4666666666666667	0.5333333333333333
other	0.3235294117647059	0.5588235294117647
other	0.7419354838709677	0.1290322580645161
low_clip_control	0.5	0.25
other	0.8461538461538461	0.0961538461538461
low_clip_control	0.45	0.5
other	0.475	0.425
low_clip_control	0.8333333333333334	0.1428571428571428
other	0.8333333333333334	0.1
low_clip_control	0.8125	0.125
low_clip_control	0.8888888888888888	0.0555555555555555
low_clip_control	0.7272727272727273	0.1818181818181818
other	0.9090909090909092	0.0454545454545454
low_clip_control	0.125	0.625
other	0.075	0.925
low_clip_control	0.9375	0.0
low_clip_control	0.8	0.2
other	0.490566037735849	0.4716981132075472
other	0.4615384615384615	0.5384615384615384
other	0.2777777777777778	0.6111111111111112
other	0.6666666666666666	0.3333333333333333
other	0.4615384615384615	0.5
functional_target	0.2432432432432432	0.7027027027027027
other	0.7727272727272727	0.2045454545454545
low_clip_control	0.6428571428571429	0.2857142857142857
other	0.8181818181818182	0.0909090909090909
other	0.9411764705882352	0.0
other	0.7307692307692307	0.1794871794871795
low_clip_control	0.72	0.2
functional_target	0.325	0.525
other	0.5833333333333334	0.0833333333333333
low_clip_control	0.6666666666666666	0.0
other	0.9473684210526316	0.0526315789473684
other	0.5576923076923077	0.3269230769230769
low_clip_control	0.4482758620689655	0.4482758620689655
other	0.5	0.0
low_clip_control	0.3333333333333333	0.4074074074074074
other	0.6666666666666666	0.3333333333333333
other	0.4210526315789473	0.5789473684210527
other	0.3720930232558139	0.5813953488372093
low_clip_control	0.8148148148148148	0.1111111111111111
other	0.5813953488372093	0.4186046511627907
high_clip_target	0.6451612903225806	0.3548387096774194
low_clip_control	1.0	0.0
other	0.8588235294117647	0.1411764705882353
low_clip_control	0.6666666666666666	0.0
low_clip_control	0.9583333333333334	0.0
low_clip_control	0.9452054794520548	0.0273972602739726
low_clip_control	0.8888888888888888	0.1111111111111111
low_clip_control	0.8333333333333334	0.0
other	0.5263157894736842	0.3684210526315789
low_clip_control	0.8461538461538461	0.0
other	0.4888888888888889	0.4444444444444444
other	0.6818181818181818	0.3181818181818182
low_clip_control	0.9047619047619048	0.0952380952380952
other	0.9285714285714286	0.0714285714285714
other	0.1538461538461538	0.7692307692307693
other	0.2758620689655172	0.6896551724137931
other	0.5294117647058824	0.4117647058823529
high_clip_target	0.5172413793103449	0.4482758620689655
other	0.9047619047619048	0.0476190476190476
other	0.7424242424242424	0.2272727272727272
low_clip_control	0.8529411764705882	0.1176470588235294
other	0.7222222222222222	0.2777777777777778
other	0.8571428571428571	0.1428571428571428
low_clip_control	0.972972972972973	0.0
low_clip_control	0.6818181818181818	0.1363636363636363
other	0.575	0.425
other	0.7777777777777778	0.1851851851851851
low_clip_control	0.6428571428571429	0.2142857142857142
other	0.8571428571428571	0.0714285714285714
low_clip_control	0.9	0.075
low_clip_control	0.7804878048780488	0.1951219512195122
low_clip_control	0.8260869565217391	0.1521739130434782
other	0.3076923076923077	0.6153846153846154
other	0.1071428571428571	0.6785714285714286
low_clip_control	0.6176470588235294	0.2941176470588235
other	0.4146341463414634	0.5121951219512195
low_clip_control	0.65	0.25
low_clip_control	0.1666666666666666	0.75
low_clip_control	0.6	0.1333333333333333
high_clip_target	0.5714285714285714	0.2857142857142857
high_clip_target	0.4339622641509434	0.5283018867924528
low_clip_control	0.6071428571428571	0.3928571428571428
low_clip_control	0.5	0.4090909090909091
other	0.4736842105263157	0.4736842105263157
other	0.25	0.75
other	0.4044943820224719	0.5842696629213483
other	0.6428571428571429	0.3392857142857143
low_clip_control	0.6842105263157895	0.2631578947368421
low_clip_control	0.2790697674418604	0.7209302325581395
low_clip_control	0.7692307692307693	0.1538461538461538
low_clip_control	0.6842105263157895	0.2631578947368421
other	0.7	0.2
low_clip_control	0.8888888888888888	0.1111111111111111
low_clip_control	0.3333333333333333	0.4444444444444444
low_clip_control	0.7083333333333334	0.2916666666666667
low_clip_control	0.8461538461538461	0.1538461538461538
low_clip_control	0.8947368421052632	0.0789473684210526
low_clip_control	0.8666666666666667	0.0666666666666666
other	0.9322033898305084	0.0508474576271186
low_clip_control	0.2857142857142857	0.7142857142857143
functional_target	0.2	0.7714285714285715
low_clip_control	0.9487179487179488	0.0512820512820512
other	0.3333333333333333	0.5
other	0.3529411764705882	0.5882352941176471
low_clip_control	0.9545454545454546	0.0227272727272727
low_clip_control	0.4117647058823529	0.5294117647058824
other	0.6774193548387096	0.3225806451612903
high_clip_target	0.875	0.0
low_clip_control	0.5	0.4642857142857143
other	0.5833333333333334	0.4166666666666667
low_clip_control	0.25	0.7
high_clip_target	0.4347826086956521	0.5217391304347826
low_clip_control	0.7142857142857143	0.1785714285714285
low_clip_control	0.9615384615384616	0.0192307692307692
other	0.6666666666666666	0.3333333333333333
low_clip_control	0.5384615384615384	0.4615384615384615
other	0.3684210526315789	0.631578947368421
other	0.6857142857142857	0.2857142857142857
other	0.15	0.75
functional_target	0.2045454545454545	0.6818181818181818
low_clip_control	0.8181818181818182	0.0
other	0.7272727272727273	0.2727272727272727
low_clip_control	0.6896551724137931	0.2413793103448276
low_clip_control	0.8947368421052632	0.1052631578947368
other	0.6	0.3333333333333333
other	0.6363636363636364	0.3181818181818182
low_clip_control	0.7666666666666667	0.1333333333333333
low_clip_control	0.9166666666666666	0.0416666666666666
low_clip_control	0.9166666666666666	0.0
low_clip_control	0.6875	0.1875
other	0.8571428571428571	0.1428571428571428
low_clip_control	0.7222222222222222	0.1111111111111111
high_clip_target	0.5172413793103449	0.3448275862068966
other	0.2068965517241379	0.7931034482758621
other	0.4705882352941176	0.4705882352941176
other	0.7222222222222222	0.1666666666666666
low_clip_control	0.4444444444444444	0.3333333333333333
low_clip_control	0.7272727272727273	0.0
low_clip_control	0.7878787878787878	0.2121212121212121
low_clip_control	0.6	0.4
other	1.0	0.0
low_clip_control	0.7777777777777778	0.1111111111111111
other	0.6923076923076923	0.2307692307692307
low_clip_control	0.55	0.25
other	0.5217391304347826	0.4782608695652174
low_clip_control	1.0	0.0
low_clip_control	0.8307692307692308	0.1692307692307692
other	0.8636363636363636	0.0909090909090909
low_clip_control	0.75	0.25
low_clip_control	0.5714285714285714	0.2857142857142857
low_clip_control	0.8	0.0
low_clip_control	0.6666666666666666	0.25
low_clip_control	0.5454545454545454	0.4545454545454545
other	0.5454545454545454	0.3636363636363636
low_clip_control	0.6	0.4
low_clip_control	0.9444444444444444	0.0
functional_target	0.5714285714285714	0.3571428571428571
other	0.6666666666666666	0.1666666666666666
low_clip_control	0.9047619047619048	0.0793650793650793
low_clip_control	0.8947368421052632	0.087719298245614
low_clip_control	0.6274509803921569	0.3529411764705882
low_clip_control	0.4482758620689655	0.5517241379310345
other	0.4666666666666667	0.4666666666666667
functional_target	0.8735632183908046	0.1264367816091954
low_clip_control	0.5909090909090909	0.3636363636363636
functional_target	0.3095238095238095	0.6071428571428571
high_clip_target	0.8809523809523809	0.1071428571428571
low_clip_control	0.4285714285714285	0.5714285714285714
other	0.9583333333333334	0.0
other	0.8125	0.0
low_clip_control	0.8260869565217391	0.0434782608695652
low_clip_control	0.2857142857142857	0.4285714285714285
other	0.2222222222222222	0.7777777777777778
low_clip_control	0.4444444444444444	0.2222222222222222
low_clip_control	0.7692307692307693	0.0
low_clip_control	0.4642857142857143	0.5
functional_target	0.6875	0.0625
other	0.7777777777777778	0.1851851851851851
other	0.56	0.12
high_clip_target	0.8108108108108109	0.1891891891891892
low_clip_control	0.631578947368421	0.3421052631578947
other	0.5102040816326531	0.4693877551020408
other	0.9285714285714286	0.0357142857142857
other	0.9302325581395348	0.0
low_clip_control	0.7	0.3
low_clip_control	0.8333333333333334	0.125
low_clip_control	0.8571428571428571	0.0
other	0.625	0.325
low_clip_control	0.5384615384615384	0.2307692307692307
low_clip_control	0.9302325581395348	0.0465116279069767
low_clip_control	0.3571428571428571	0.5714285714285714
other	0.7391304347826086	0.0869565217391304
low_clip_control	0.8095238095238095	0.1904761904761904
low_clip_control	0.8	0.1333333333333333
functional_target	0.5769230769230769	0.4230769230769231
functional_target	0.2972972972972973	0.6756756756756757
high_clip_target	0.5333333333333333	0.4
low_clip_control	0.4864864864864865	0.5135135135135135
other	0.5714285714285714	0.2857142857142857
low_clip_control	0.8125	0.1875
other	0.90625	0.09375
other	0.6551724137931034	0.2413793103448276
other	0.8714285714285714	0.0857142857142857
low_clip_control	0.2692307692307692	0.6538461538461539
low_clip_control	0.8333333333333334	0.0
low_clip_control	0.3939393939393939	0.5151515151515151
low_clip_control	0.5882352941176471	0.4117647058823529
low_clip_control	0.5833333333333334	0.25
low_clip_control	0.36	0.52
low_clip_control	0.8181818181818182	0.1272727272727272
other	0.525	0.475
other	0.1764705882352941	0.6470588235294118
low_clip_control	0.3023255813953488	0.6976744186046512
low_clip_control	0.6666666666666666	0.3333333333333333
low_clip_control	0.4705882352941176	0.5294117647058824
other	0.0684931506849315	0.9315068493150684
other	0.5074626865671642	0.4626865671641791
low_clip_control	0.5714285714285714	0.2857142857142857
other	0.3095238095238095	0.6666666666666666
low_clip_control	0.7777777777777778	0.1111111111111111
low_clip_control	0.4090909090909091	0.2272727272727272
low_clip_control	0.48	0.4
low_clip_control	0.9090909090909092	0.0
low_clip_control	0.8064516129032258	0.1612903225806451
low_clip_control	0.4782608695652174	0.5217391304347826
other	0.5714285714285714	0.4285714285714285
other	0.95	0.05
low_clip_control	0.6756756756756757	0.3243243243243243
high_clip_target	0.4666666666666667	0.2
other	0.9285714285714286	0.0714285714285714
low_clip_control	0.851063829787234	0.1063829787234042
other	0.5901639344262295	0.4098360655737705
other	0.9195402298850576	0.057471264367816
low_clip_control	0.8461538461538461	0.0
other	0.9	0.025
other	0.8148148148148148	0.074074074074074
low_clip_control	0.24	0.68
low_clip_control	0.6363636363636364	0.3636363636363636
other	0.5	0.5
high_clip_target	0.5581395348837209	0.4418604651162791
other	0.6666666666666666	0.3333333333333333
other	0.5384615384615384	0.3653846153846153
functional_target	0.3846153846153846	0.6153846153846154
other	0.9481481481481482	0.0518518518518518
high_clip_target	0.5714285714285714	0.3809523809523809
high_clip_target	0.3896103896103896	0.4935064935064935
other	0.9230769230769232	0.0384615384615384
other	0.4090909090909091	0.5454545454545454
other	0.9090909090909092	0.0909090909090909
low_clip_control	0.9166666666666666	0.0833333333333333
other	0.6666666666666666	0.3111111111111111
high_clip_target	0.6363636363636364	0.1818181818181818
functional_target	0.5614035087719298	0.3508771929824561
other	0.5263157894736842	0.4736842105263157
other	0.7666666666666667	0.1333333333333333
low_clip_control	0.8292682926829268	0.0975609756097561
low_clip_control	0.4545454545454545	0.5454545454545454
other	0.15625	0.84375
high_clip_target	0.7692307692307693	0.2307692307692307
low_clip_control	0.6296296296296297	0.3333333333333333
other	0.9857142857142858	0.0142857142857142
low_clip_control	0.8636363636363636	0.1363636363636363
low_clip_control	0.8571428571428571	0.0
low_clip_control	0.4444444444444444	0.5
low_clip_control	0.9807692307692308	0.0192307692307692
low_clip_control	0.5	0.5
low_clip_control	0.3953488372093023	0.6046511627906976
low_clip_control	0.7241379310344828	0.2413793103448276
other	0.8035714285714286	0.1428571428571428
low_clip_control	0.8	0.1
low_clip_control	0.9545454545454546	0.0227272727272727
low_clip_control	0.96	0.04
low_clip_control	0.5909090909090909	0.3636363636363636
low_clip_control	0.1578947368421052	0.8421052631578947
other	0.28	0.6
other	0.4285714285714285	0.5714285714285714
other	0.2857142857142857	0.5714285714285714
other	0.1904761904761904	0.7619047619047619
other	0.918918918918919	0.027027027027027
low_clip_control	0.9	0.1
low_clip_control	0.5263157894736842	0.2631578947368421
low_clip_control	0.711864406779661	0.288135593220339
other	0.32	0.6
low_clip_control	0.9019607843137256	0.0784313725490196
low_clip_control	0.6296296296296297	0.2222222222222222
low_clip_control	0.4571428571428571	0.4285714285714285
low_clip_control	0.4285714285714285	0.5714285714285714
low_clip_control	0.5714285714285714	0.4285714285714285
low_clip_control	0.7272727272727273	0.1818181818181818
low_clip_control	0.9069767441860463	0.0697674418604651
low_clip_control	0.8235294117647058	0.1764705882352941
low_clip_control	0.4347826086956521	0.5652173913043478
low_clip_control	0.36	0.64
low_clip_control	0.6666666666666666	0.2666666666666666
low_clip_control	0.8235294117647058	0.1764705882352941
low_clip_control	0.8125	0.0625
other	1.0	0.0
low_clip_control	0.2580645161290322	0.7096774193548387
low_clip_control	0.7948717948717948	0.1538461538461538
low_clip_control	0.55	0.45
low_clip_control	0.7142857142857143	0.0
low_clip_control	0.7916666666666666	0.0416666666666666
low_clip_control	0.7948717948717948	0.2051282051282051
low_clip_control	0.4	0.6
other	0.5	0.5
low_clip_control	0.4375	0.09375
low_clip_control	0.6538461538461539	0.3461538461538461
low_clip_control	0.6875	0.21875
other	0.6444444444444445	0.3555555555555555
other	0.5675675675675675	0.4324324324324324
high_clip_target	0.8181818181818182	0.1818181818181818
low_clip_control	0.2564102564102564	0.7435897435897436
low_clip_control	0.7857142857142857	0.2142857142857142
low_clip_control	0.8695652173913043	0.1304347826086956
high_clip_target	0.9339622641509434	0.0566037735849056
other	0.7580645161290323	0.2258064516129032
low_clip_control	0.8648648648648649	0.1081081081081081
other	0.5652173913043478	0.4347826086956521
other	0.7058823529411765	0.2941176470588235
low_clip_control	1.0	0.0
other	0.125	0.75
low_clip_control	0.8095238095238095	0.1746031746031746
low_clip_control	0.9375	0.0625
other	0.8	0.2
functional_target	0.3	0.7
low_clip_control	0.8064516129032258	0.1290322580645161
low_clip_control	0.7857142857142857	0.1428571428571428
other	0.4117647058823529	0.3529411764705882
other	0.4761904761904761	0.4285714285714285
high_clip_target	0.65625	0.1875
low_clip_control	0.8947368421052632	0.1052631578947368
other	0.7142857142857143	0.2857142857142857
other	0.3125	0.6458333333333334
low_clip_control	0.3478260869565217	0.6304347826086957
other	0.3617021276595745	0.5957446808510638
other	0.2647058823529412	0.7058823529411765
other	0.6	0.3333333333333333
high_clip_target	0.8433734939759037	0.1204819277108433
high_clip_target	0.6779661016949152	0.1525423728813559
high_clip_target	0.4352941176470588	0.5294117647058824
other	0.2372881355932203	0.7457627118644068
low_clip_control	0.7241379310344828	0.2758620689655172
low_clip_control	0.8979591836734694	0.0204081632653061
low_clip_control	0.9117647058823528	0.0294117647058823
low_clip_control	0.7777777777777778	0.2222222222222222
high_clip_target	0.5428571428571428	0.2285714285714285
other	0.4285714285714285	0.2857142857142857
other	0.625	0.0
low_clip_control	0.8928571428571429	0.0714285714285714
other	0.9	0.1
other	0.3636363636363636	0.6363636363636364
low_clip_control	0.7142857142857143	0.1428571428571428
low_clip_control	0.6	0.3
other	0.4545454545454545	0.2272727272727272
low_clip_control	0.7058823529411765	0.0784313725490196
low_clip_control	0.5	0.5
other	0.3076923076923077	0.6923076923076923
low_clip_control	0.6111111111111112	0.3888888888888889
high_clip_target	0.96	0.0
other	0.7941176470588235	0.1764705882352941
other	0.40625	0.53125
low_clip_control	0.8888888888888888	0.1111111111111111
low_clip_control	0.4857142857142857	0.5142857142857142
low_clip_control	0.7352941176470589	0.1764705882352941
other	0.1794871794871795	0.7435897435897436
low_clip_control	0.7777777777777778	0.2222222222222222
low_clip_control	0.9333333333333332	0.0666666666666666
other	0.2794117647058823	0.6764705882352942
other	0.5121951219512195	0.4512195121951219
low_clip_control	0.8333333333333334	0.0
low_clip_control	0.8235294117647058	0.0588235294117647
low_clip_control	0.9722222222222222	0.0277777777777777
low_clip_control	1.0	0.0
low_clip_control	0.5454545454545454	0.0
other	0.6111111111111112	0.3611111111111111
low_clip_control	0.85	0.15
low_clip_control	0.75	0.25
low_clip_control	0.9333333333333332	0.0
functional_target	0.84	0.16
other	0.4444444444444444	0.4444444444444444
other	0.7638888888888888	0.2361111111111111
other	0.9555555555555556	0.0444444444444444
low_clip_control	0.9428571428571428	0.0571428571428571
low_clip_control	0.4375	0.53125
high_clip_target	0.8461538461538461	0.1153846153846153
functional_target	0.5	0.5
low_clip_control	0.5714285714285714	0.4285714285714285
low_clip_control	0.2051282051282051	0.7692307692307693
low_clip_control	0.875	0.125
other	0.4615384615384615	0.5384615384615384
low_clip_control	0.6153846153846154	0.3076923076923077
low_clip_control	0.5714285714285714	0.4285714285714285
low_clip_control	0.5714285714285714	0.1428571428571428
low_clip_control	0.8461538461538461	0.1538461538461538
other	0.6428571428571429	0.3571428571428571
high_clip_target	0.918032786885246	0.0655737704918032
low_clip_control	0.7872340425531915	0.1489361702127659
low_clip_control	1.0	0.0
low_clip_control	0.5333333333333333	0.3777777777777777
high_clip_target	0.1846153846153846	0.8153846153846154
other	1.0	0.0
other	0.1363636363636363	0.8484848484848485
low_clip_control	0.4545454545454545	0.4545454545454545
low_clip_control	1.0	0.0
low_clip_control	1.0	0.0
other	0.4166666666666667	0.5
high_clip_target	0.2105263157894736	0.7368421052631579
other	0.7058823529411765	0.2794117647058823
low_clip_control	0.9322033898305084	0.0169491525423728
other	0.8448275862068966	0.1551724137931034
low_clip_control	0.8620689655172413	0.0689655172413793
high_clip_target	0.4444444444444444	0.1111111111111111
other	0.24	0.76
low_clip_control	0.9166666666666666	0.0833333333333333
low_clip_control	0.6956521739130435	0.1739130434782608
other	0.6296296296296297	0.2962962962962963
high_clip_target	0.6363636363636364	0.3636363636363636
other	0.1923076923076923	0.8076923076923077
low_clip_control	0.5454545454545454	0.3181818181818182
low_clip_control	0.2424242424242424	0.696969696969697
other	0.8378378378378378	0.081081081081081
low_clip_control	0.65625	0.34375
low_clip_control	0.2777777777777778	0.7222222222222222
other	0.5897435897435898	0.4102564102564102
other	0.4117647058823529	0.5882352941176471
other	0.7058823529411765	0.1764705882352941
functional_target	0.4444444444444444	0.4444444444444444
other	0.8	0.2
other	0.974025974025974	0.0259740259740259
other	0.2083333333333333	0.5416666666666666
other	0.6016260162601627	0.3983739837398374
other	0.88	0.08
other	0.3461538461538461	0.4038461538461538
low_clip_control	0.8235294117647058	0.0294117647058823
low_clip_control	0.7058823529411765	0.1470588235294117
other	0.2456140350877192	0.7543859649122807
low_clip_control	0.5471698113207547	0.4528301886792453
other	0.7272727272727273	0.2727272727272727
low_clip_control	1.0	0.0
low_clip_control	0.4615384615384615	0.3846153846153846
other	0.2592592592592592	0.6296296296296297
other	0.7692307692307693	0.2307692307692307
other	0.2777777777777778	0.7222222222222222
low_clip_control	0.5	0.4583333333333333
other	0.8823529411764706	0.0588235294117647
other	0.7391304347826086	0.2608695652173913
other	0.8181818181818182	0.1818181818181818
other	0.7333333333333333	0.1333333333333333
other	0.696969696969697	0.2424242424242424
low_clip_control	0.0909090909090909	0.8636363636363636
other	0.2647058823529412	0.7058823529411765
functional_target	0.5434782608695652	0.4565217391304347
high_clip_target	0.7794117647058824	0.2058823529411764
other	0.35	0.65
other	0.5	0.4705882352941176
low_clip_control	0.6086956521739131	0.3478260869565217
other	0.8571428571428571	0.0
other	0.6428571428571429	0.3571428571428571
low_clip_control	0.9411764705882352	0.0470588235294117
functional_target	0.46	0.52
other	0.6410256410256411	0.358974358974359
low_clip_control	0.7954545454545454	0.1818181818181818
other	0.25	0.7272727272727273
low_clip_control	0.72	0.28
low_clip_control	0.4615384615384615	0.2564102564102564
low_clip_control	0.7619047619047619	0.0952380952380952
other	0.4	0.44
low_clip_control	0.7	0.3
other	0.2083333333333333	0.7708333333333334
low_clip_control	0.8636363636363636	0.1363636363636363
other	0.8846153846153846	0.0384615384615384
other	0.625	0.25
low_clip_control	0.425	0.3
other	0.4166666666666667	0.375
low_clip_control	0.3	0.5
other	0.3333333333333333	0.5
other	0.1388888888888889	0.8333333333333334
high_clip_target	0.68	0.24
low_clip_control	0.8333333333333334	0.1666666666666666
other	0.6170212765957447	0.3829787234042553
other	0.7692307692307693	0.2051282051282051
functional_target	0.5384615384615384	0.3653846153846153
low_clip_control	0.4827586206896552	0.2413793103448276
other	0.3125	0.625
low_clip_control	0.4137931034482758	0.5862068965517241
other	0.2758620689655172	0.6896551724137931
low_clip_control	0.46875	0.53125
low_clip_control	0.5555555555555556	0.2222222222222222
low_clip_control	0.9	0.0333333333333333
other	0.7142857142857143	0.0
low_clip_control	0.7777777777777778	0.1555555555555555
low_clip_control	0.5405405405405406	0.2702702702702703
low_clip_control	0.8888888888888888	0.0
other	0.3888888888888889	0.6111111111111112
high_clip_target	0.639344262295082	0.2950819672131147
functional_target	0.2608695652173913	0.7391304347826086
other	0.5	0.4666666666666667
low_clip_control	0.36	0.6
other	0.4545454545454545	0.3181818181818182
low_clip_control	0.55	0.35
low_clip_control	0.6428571428571429	0.3035714285714285
low_clip_control	0.68	0.28
low_clip_control	0.9230769230769232	0.0384615384615384
low_clip_control	0.6086956521739131	0.0869565217391304
low_clip_control	0.72	0.2
other	0.2909090909090909	0.7090909090909091
other	0.2272727272727272	0.6818181818181818
other	0.1904761904761904	0.8095238095238095
other	0.75	0.25
low_clip_control	0.875	0.0625
other	0.7872340425531915	0.1489361702127659
low_clip_control	1.0	0.0
low_clip_control	0.5	0.3636363636363636
low_clip_control	0.7	0.1
low_clip_control	0.631578947368421	0.3157894736842105
other	0.988095238095238	0.0
low_clip_control	0.95	0.0
low_clip_control	0.375	0.375
low_clip_control	0.6666666666666666	0.3333333333333333
high_clip_target	0.6	0.2666666666666666
low_clip_control	0.3809523809523809	0.4285714285714285
high_clip_target	1.0	0.0
low_clip_control	0.8444444444444444	0.1555555555555555
low_clip_control	0.5769230769230769	0.3846153846153846
other	0.7567567567567568	0.1891891891891892
low_clip_control	0.7142857142857143	0.2142857142857142
low_clip_control	0.5806451612903226	0.3870967741935484
high_clip_target	0.8125	0.09375
other	0.75	0.25
low_clip_control	0.3571428571428571	0.6190476190476191
low_clip_control	0.7368421052631579	0.2631578947368421
low_clip_control	0.76	0.04
low_clip_control	0.875	0.125
low_clip_control	0.5555555555555556	0.3333333333333333
low_clip_control	0.4705882352941176	0.1176470588235294
low_clip_control	0.5	0.4
low_clip_control	0.3636363636363636	0.0909090909090909
low_clip_control	0.75	0.25
low_clip_control	0.75	0.0
low_clip_control	0.8611111111111112	0.0555555555555555
low_clip_control	0.9166666666666666	0.0416666666666666
low_clip_control	0.8108108108108109	0.1891891891891892
low_clip_control	0.5	0.3333333333333333
low_clip_control	0.8064516129032258	0.1290322580645161
low_clip_control	0.75	0.1
low_clip_control	0.6785714285714286	0.2142857142857142
low_clip_control	0.4285714285714285	0.5714285714285714
low_clip_control	0.2352941176470588	0.5882352941176471
low_clip_control	0.7857142857142857	0.2142857142857142
low_clip_control	0.5	0.4444444444444444
low_clip_control	0.4166666666666667	0.3333333333333333
low_clip_control	0.2727272727272727	0.7272727272727273
low_clip_control	0.4285714285714285	0.5714285714285714
low_clip_control	0.8823529411764706	0.088235294117647
other	0.5714285714285714	0.3214285714285714
other	0.3928571428571428	0.5714285714285714
low_clip_control	0.1714285714285714	0.8
other	0.4	0.6
low_clip_control	0.6086956521739131	0.3478260869565217
low_clip_control	0.8095238095238095	0.0
other	0.7209302325581395	0.2558139534883721
low_clip_control	0.4285714285714285	0.5714285714285714
low_clip_control	1.0	0.0
low_clip_control	0.9230769230769232	0.0769230769230769
low_clip_control	0.9032258064516128	0.064516129032258
low_clip_control	0.8461538461538461	0.0769230769230769
functional_target	0.3278688524590163	0.6229508196721312
low_clip_control	0.7142857142857143	0.2857142857142857
low_clip_control	0.6571428571428571	0.2
low_clip_control	0.5882352941176471	0.4117647058823529
low_clip_control	0.8656716417910447	0.0895522388059701
low_clip_control	0.7777777777777778	0.1111111111111111
low_clip_control	1.0	0.0
low_clip_control	0.9130434782608696	0.0869565217391304
high_clip_target	0.8166666666666667	0.1833333333333333
low_clip_control	0.5833333333333334	0.0833333333333333
low_clip_control	0.8148148148148148	0.0
low_clip_control	0.5625	0.4375
low_clip_control	0.4193548387096774	0.4516129032258064
other	0.6666666666666666	0.0
low_clip_control	0.5357142857142857	0.3214285714285714
low_clip_control	0.6	0.2
low_clip_control	1.0	0.0
low_clip_control	0.4444444444444444	0.2222222222222222
low_clip_control	0.9148936170212766	0.0851063829787234
low_clip_control	0.5555555555555556	0.4444444444444444
low_clip_control	1.0	0.0
low_clip_control	0.8787878787878788	0.0909090909090909
low_clip_control	0.8148148148148148	0.1481481481481481
low_clip_control	0.925925925925926	0.074074074074074
low_clip_control	0.5666666666666667	0.4333333333333333
other	0.9142857142857144	0.0857142857142857
other	0.7647058823529411	0.1176470588235294
low_clip_control	0.8	0.12
other	0.7352941176470589	0.2352941176470588
high_clip_target	0.5	0.15
other	0.6363636363636364	0.0909090909090909
other	0.2058823529411764	0.7941176470588235
low_clip_control	0.6060606060606061	0.3939393939393939
low_clip_control	0.4285714285714285	0.5714285714285714
low_clip_control	0.7631578947368421	0.2105263157894736
other	0.918918918918919	0.0675675675675675
other	0.6153846153846154	0.3076923076923077
low_clip_control	0.5333333333333333	0.4
other	0.75	0.22
low_clip_control	0.8275862068965517	0.1379310344827586
other	0.6122448979591837	0.3469387755102041
other	1.0	0.0
low_clip_control	0.7575757575757576	0.1818181818181818
other	0.4444444444444444	0.5555555555555556
other	0.2903225806451613	0.6774193548387096
functional_target	0.2333333333333333	0.7666666666666667
other	0.2926829268292683	0.4634146341463415
low_clip_control	0.9142857142857144	0.0285714285714285
low_clip_control	0.6428571428571429	0.3214285714285714
low_clip_control	0.4615384615384615	0.5384615384615384
low_clip_control	0.6666666666666666	0.3137254901960784
low_clip_control	0.475	0.125
other	0.5	0.3666666666666666
other	1.0	0.0
other	0.36	0.64
other	0.4523809523809524	0.5
other	0.5882352941176471	0.2941176470588235
low_clip_control	0.6129032258064516	0.3548387096774194
other	0.9333333333333332	0.0555555555555555
low_clip_control	0.6818181818181818	0.2727272727272727
low_clip_control	0.7333333333333333	0.2
low_clip_control	0.7333333333333333	0.2666666666666666
low_clip_control	0.4857142857142857	0.4285714285714285
other	0.9154929577464788	0.056338028169014
other	0.6666666666666666	0.3333333333333333
low_clip_control	0.8	0.2
low_clip_control	0.56	0.4
other	0.88	0.02
low_clip_control	0.3939393939393939	0.5303030303030303
other	0.6363636363636364	0.303030303030303
low_clip_control	0.7142857142857143	0.2142857142857142
low_clip_control	0.9090909090909092	0.0909090909090909
low_clip_control	0.5588235294117647	0.4411764705882353
other	0.396551724137931	0.603448275862069
low_clip_control	0.7	0.3
other	0.4838709677419355	0.5161290322580645
other	0.2692307692307692	0.7307692307692307
high_clip_target	0.6842105263157895	0.1578947368421052
low_clip_control	0.5833333333333334	0.3333333333333333
low_clip_control	0.875	0.0625
high_clip_target	0.2608695652173913	0.7391304347826086
other	0.1904761904761904	0.7142857142857143
low_clip_control	0.7894736842105263	0.1578947368421052
low_clip_control	0.68	0.16
low_clip_control	0.25	0.6666666666666666
low_clip_control	0.32	0.56
low_clip_control	0.8235294117647058	0.0588235294117647
low_clip_control	0.4	0.6
low_clip_control	0.8285714285714286	0.1714285714285714
other	0.6923076923076923	0.3076923076923077
other	0.84	0.04
low_clip_control	0.7802197802197802	0.1868131868131868
other	0.3333333333333333	0.6222222222222222
low_clip_control	0.8571428571428571	0.0952380952380952
low_clip_control	0.7368421052631579	0.2105263157894736
low_clip_control	0.5384615384615384	0.3076923076923077
low_clip_control	0.1666666666666666	0.8333333333333334
low_clip_control	0.4583333333333333	0.5416666666666666
low_clip_control	0.2258064516129032	0.6774193548387096
low_clip_control	0.3125	0.53125
other	0.8571428571428571	0.1428571428571428
low_clip_control	0.6666666666666666	0.25
low_clip_control	0.75	0.25
low_clip_control	1.0	0.0
low_clip_control	0.5769230769230769	0.4230769230769231
other	0.6410256410256411	0.282051282051282
low_clip_control	0.8571428571428571	0.0714285714285714
low_clip_control	0.5333333333333333	0.3333333333333333
high_clip_target	0.4090909090909091	0.5454545454545454
other	0.6153846153846154	0.3076923076923077
other	0.7166666666666667	0.2333333333333333
other	0.6486486486486487	0.2972972972972973
low_clip_control	0.6666666666666666	0.0833333333333333
functional_target	0.4411764705882353	0.5588235294117647
other	0.6875	0.3125
low_clip_control	0.6	0.4
low_clip_control	0.40625	0.5625
high_clip_target	0.2553191489361702	0.6170212765957447
high_clip_target	0.6	0.0
low_clip_control	0.6857142857142857	0.1714285714285714
other	0.2307692307692307	0.7692307692307693
low_clip_control	0.4615384615384615	0.2307692307692307
low_clip_control	0.1875	0.5625
low_clip_control	0.5714285714285714	0.3809523809523809
low_clip_control	0.7307692307692307	0.2692307692307692
other	0.5689655172413793	0.293103448275862
low_clip_control	0.6666666666666666	0.3333333333333333
low_clip_control	0.4736842105263157	0.1578947368421052
low_clip_control	0.9777777777777776	0.0222222222222222
low_clip_control	0.8333333333333334	0.0416666666666666
low_clip_control	0.5	0.125
low_clip_control	0.55	0.45
low_clip_control	0.4347826086956521	0.5652173913043478
low_clip_control	0.40625	0.59375
other	0.7272727272727273	0.1818181818181818
other	0.3255813953488372	0.6511627906976745
other	0.4375	0.5
low_clip_control	0.75	0.25
low_clip_control	0.7	0.15
low_clip_control	0.4390243902439024	0.4878048780487805
other	0.5483870967741935	0.3870967741935484
other	0.7391304347826086	0.1956521739130435
other	0.2941176470588235	0.7058823529411765
other	0.2222222222222222	0.6888888888888889
other	0.65	0.05
low_clip_control	0.8333333333333334	0.0833333333333333
other	0.9724137931034482	0.0137931034482758
other	0.6530612244897959	0.3469387755102041
other	0.2162162162162162	0.7837837837837838
low_clip_control	0.8181818181818182	0.0909090909090909
low_clip_control	0.4	0.5454545454545454
low_clip_control	0.9130434782608696	0.0434782608695652
other	1.0	0.0
other	0.75	0.125
other	0.9166666666666666	0.0
functional_target	0.3846153846153846	0.5384615384615384
other	0.903846153846154	0.0961538461538461
other	0.9215686274509804	0.0392156862745098
low_clip_control	0.6153846153846154	0.1538461538461538
other	0.8571428571428571	0.0952380952380952
high_clip_target	1.0	0.0
high_clip_target	0.8	0.2
functional_target	0.5689655172413793	0.4137931034482758
low_clip_control	0.3125	0.6875
other	0.9047619047619048	0.0952380952380952
high_clip_target	0.8269230769230769	0.173076923076923
high_clip_target	0.373134328358209	0.5522388059701493
low_clip_control	0.64	0.36
low_clip_control	0.9090909090909092	0.0909090909090909
low_clip_control	0.8421052631578947	0.1052631578947368
other	0.7407407407407407	0.1851851851851851
low_clip_control	0.7037037037037037	0.1851851851851851
other	0.7647058823529411	0.1764705882352941
other	0.75	0.0
other	0.2131147540983606	0.7868852459016393
low_clip_control	0.0555555555555555	0.7777777777777778
other	0.625	0.375
low_clip_control	0.6842105263157895	0.0789473684210526
low_clip_control	0.5185185185185185	0.4074074074074074
other	0.8666666666666667	0.0666666666666666
high_clip_target	0.5454545454545454	0.1818181818181818
low_clip_control	0.625	0.25
other	0.8461538461538461	0.1153846153846153
low_clip_control	0.819672131147541	0.1639344262295081
low_clip_control	0.6	0.4
low_clip_control	0.8518518518518519	0.074074074074074
other	0.391304347826087	0.5652173913043478
other	0.5	0.4
low_clip_control	0.625	0.3125
functional_target	0.2857142857142857	0.2857142857142857
low_clip_control	0.9375	0.0625
other	0.2142857142857142	0.7857142857142857
other	0.7333333333333333	0.2666666666666666
low_clip_control	0.8076923076923077	0.1923076923076923
low_clip_control	0.9523809523809524	0.0238095238095238
low_clip_control	0.7391304347826086	0.1304347826086956
low_clip_control	0.65	0.3
other	0.7741935483870968	0.064516129032258
low_clip_control	0.7241379310344828	0.0689655172413793
other	0.6153846153846154	0.1538461538461538
low_clip_control	0.6666666666666666	0.2857142857142857
low_clip_control	0.8518518518518519	0.1481481481481481
low_clip_control	0.6538461538461539	0.1923076923076923
other	0.5925925925925926	0.4074074074074074
other	0.8260869565217391	0.1304347826086956
other	0.1794871794871795	0.7948717948717948
low_clip_control	0.7037037037037037	0.2962962962962963
other	0.1463414634146341	0.8536585365853658
low_clip_control	0.7777777777777778	0.1666666666666666
other	0.6896551724137931	0.2758620689655172
other	0.25	0.5
low_clip_control	0.8	0.1333333333333333
other	0.5714285714285714	0.3571428571428571
high_clip_target	0.8	0.1333333333333333
low_clip_control	0.4054054054054054	0.5675675675675675
other	0.3846153846153846	0.6153846153846154
low_clip_control	0.875	0.125
low_clip_control	0.8	0.0
low_clip_control	0.96	0.0
low_clip_control	0.5789473684210527	0.3157894736842105
low_clip_control	0.7142857142857143	0.2857142857142857
other	0.8823529411764706	0.0
low_clip_control	0.2857142857142857	0.2857142857142857
low_clip_control	0.2222222222222222	0.5
low_clip_control	0.4285714285714285	0.3714285714285714
low_clip_control	0.5454545454545454	0.1818181818181818
low_clip_control	0.6956521739130435	0.1739130434782608
low_clip_control	0.5714285714285714	0.1428571428571428
other	0.4	0.4
low_clip_control	0.5	0.0833333333333333
other	0.5	0.5
low_clip_control	0.2	0.75
low_clip_control	1.0	0.0
other	0.8333333333333334	0.1666666666666666
low_clip_control	0.9090909090909092	0.0454545454545454
low_clip_control	0.2307692307692307	0.3846153846153846
low_clip_control	0.8181818181818182	0.0
low_clip_control	0.6666666666666666	0.1666666666666666
low_clip_control	0.6666666666666666	0.3333333333333333
low_clip_control	0.6470588235294118	0.3529411764705882
low_clip_control	0.4545454545454545	0.3636363636363636
other	0.3055555555555556	0.6944444444444444
other	1.0	0.0
other	0.6428571428571429	0.2857142857142857
other	1.0	0.0
other	0.5483870967741935	0.4193548387096774
low_clip_control	0.4705882352941176	0.5294117647058824
low_clip_control	0.7619047619047619	0.238095238095238
other	0.6666666666666666	0.2083333333333333
low_clip_control	0.4166666666666667	0.4166666666666667
other	0.4761904761904761	0.5238095238095238
functional_target	0.7333333333333333	0.2666666666666666
low_clip_control	0.9090909090909092	0.0
low_clip_control	0.717391304347826	0.2608695652173913
other	0.7391304347826086	0.2608695652173913
low_clip_control	1.0	0.0
other	0.7962962962962963	0.2037037037037037
other	0.925925925925926	0.074074074074074
low_clip_control	0.5454545454545454	0.2727272727272727
other	0.4166666666666667	0.375
other	0.25	0.5
low_clip_control	0.6	0.4
other	0.9375	0.0625
low_clip_control	0.9375	0.0625
low_clip_control	0.6511627906976745	0.3023255813953488
other	0.75	0.1666666666666666
low_clip_control	0.56	0.44
other	0.2093023255813953	0.7674418604651163
other	0.5714285714285714	0.3809523809523809
low_clip_control	0.6590909090909091	0.2954545454545454
other	0.3611111111111111	0.6388888888888888
other	0.225	0.75
other	0.4583333333333333	0.5416666666666666
other	0.9090909090909092	0.0909090909090909
other	0.8235294117647058	0.0196078431372549
other	0.4418604651162791	0.5116279069767442
other	0.5	0.5
low_clip_control	0.8571428571428571	0.1428571428571428
low_clip_control	0.8888888888888888	0.0555555555555555
other	0.2	0.6
low_clip_control	0.5217391304347826	0.391304347826087
low_clip_control	0.984375	0.015625
low_clip_control	0.8571428571428571	0.0
low_clip_control	0.4358974358974359	0.5128205128205128
other	0.7313432835820896	0.2537313432835821
other	0.725	0.25
functional_target	0.1666666666666666	0.7777777777777778
low_clip_control	0.2142857142857142	0.6666666666666666
low_clip_control	0.4117647058823529	0.5294117647058824
other	0.4285714285714285	0.2857142857142857
other	0.5	0.25
low_clip_control	0.6818181818181818	0.2727272727272727
low_clip_control	0.5625	0.4375
low_clip_control	0.5	0.4444444444444444
low_clip_control	0.4285714285714285	0.2857142857142857
low_clip_control	0.3	0.4
low_clip_control	0.6190476190476191	0.2857142857142857
other	0.2142857142857142	0.7857142857142857
low_clip_control	0.9047619047619048	0.0476190476190476
low_clip_control	0.2758620689655172	0.6551724137931034
other	0.4	0.6
low_clip_control	0.3	0.7
low_clip_control	0.7142857142857143	0.1904761904761904
low_clip_control	0.3703703703703703	0.5925925925925926
high_clip_target	0.4090909090909091	0.5795454545454546
other	0.875	0.0833333333333333
functional_target	0.5	0.4166666666666667
other	0.7666666666666667	0.2
other	0.7222222222222222	0.2777777777777778
other	0.2105263157894736	0.7368421052631579
functional_target	0.275	0.475
other	0.75	0.25
other	0.7887323943661971	0.1971830985915492
low_clip_control	1.0	0.0
other	0.2	0.7833333333333333
low_clip_control	0.6842105263157895	0.2105263157894736
low_clip_control	0.4117647058823529	0.5882352941176471
low_clip_control	0.75	0.1071428571428571
other	0.9230769230769232	0.0769230769230769
low_clip_control	0.2553191489361702	0.7446808510638298
functional_target	0.7692307692307693	0.1025641025641025
other	0.8367346938775511	0.1224489795918367
low_clip_control	0.8823529411764706	0.1176470588235294
low_clip_control	0.7741935483870968	0.2258064516129032
other	0.5	0.5
low_clip_control	0.1891891891891892	0.7297297297297297
low_clip_control	0.4313725490196078	0.4509803921568627
high_clip_target	0.9583333333333334	0.0416666666666666
low_clip_control	0.7272727272727273	0.0909090909090909
other	0.7727272727272727	0.1363636363636363
other	0.5294117647058824	0.4705882352941176
low_clip_control	0.782608695652174	0.1739130434782608
other	0.4761904761904761	0.4285714285714285
high_clip_target	0.3584905660377358	0.5283018867924528
other	0.6	0.0
low_clip_control	0.0	0.6666666666666666
low_clip_control	0.375	0.5625
other	0.7142857142857143	0.2857142857142857
other	0.5	0.35
low_clip_control	0.6	0.4
other	0.4857142857142857	0.5142857142857142
low_clip_control	0.7142857142857143	0.1428571428571428
low_clip_control	0.8604651162790697	0.1162790697674418
other	0.3142857142857143	0.3428571428571428
low_clip_control	0.7926829268292683	0.1951219512195122
other	0.375	0.625
other	0.8333333333333334	0.0925925925925925
high_clip_target	0.3548387096774194	0.6129032258064516
other	0.1666666666666666	0.8333333333333334
high_clip_target	0.6842105263157895	0.2763157894736842
low_clip_control	0.5	0.45
other	0.6530612244897959	0.3061224489795918
other	0.5172413793103449	0.3793103448275862
low_clip_control	0.5384615384615384	0.2307692307692307
other	0.8064516129032258	0.1935483870967742
other	0.5454545454545454	0.4090909090909091
other	0.7619047619047619	0.238095238095238
low_clip_control	0.6	0.2
functional_target	0.075	0.875
other	0.8571428571428571	0.0
other	0.3333333333333333	0.25
low_clip_control	0.8	0.2
other	0.3181818181818182	0.6363636363636364
other	0.1111111111111111	0.8888888888888888
other	0.3170731707317073	0.4878048780487805
other	0.3333333333333333	0.6666666666666666
other	0.4545454545454545	0.5454545454545454
other	0.5619047619047619	0.4285714285714285
low_clip_control	0.6296296296296297	0.2962962962962963
other	0.2142857142857142	0.5
high_clip_target	0.16	0.8133333333333334
high_clip_target	0.2040816326530612	0.7142857142857143
high_clip_target	0.4117647058823529	0.5294117647058824
functional_target	0.4901960784313725	0.4509803921568627
low_clip_control	0.4347826086956521	0.391304347826087
other	0.92	0.0
high_clip_target	0.425531914893617	0.5106382978723404
high_clip_target	0.36	0.52
low_clip_control	1.0	0.0
low_clip_control	0.65	0.25
other	0.4117647058823529	0.5294117647058824
other	0.8709677419354839	0.1290322580645161
low_clip_control	0.7142857142857143	0.1428571428571428
other	0.6346153846153846	0.3653846153846153
functional_target	0.5428571428571428	0.3714285714285714
other	0.3333333333333333	0.5
low_clip_control	0.7741935483870968	0.032258064516129
other	0.2763157894736842	0.7105263157894737
low_clip_control	0.25	0.6944444444444444
other	0.7	0.3
high_clip_target	0.775	0.2
other	0.1764705882352941	0.8235294117647058
other	0.8888888888888888	0.1111111111111111
other	0.4883720930232558	0.4651162790697674
other	0.1818181818181818	0.7954545454545454
other	0.3571428571428571	0.6285714285714286
other	0.2857142857142857	0.5
low_clip_control	0.8157894736842105	0.1710526315789473
other	0.32	0.52
other	0.4117647058823529	0.5441176470588235
other	0.78125	0.0625
low_clip_control	0.2413793103448276	0.7241379310344828
high_clip_target	0.5	0.1666666666666666
low_clip_control	0.9047619047619048	0.0
other	0.2727272727272727	0.0
low_clip_control	0.2325581395348837	0.5581395348837209
other	0.65	0.3
other	0.8450704225352113	0.1126760563380281
other	0.7792207792207793	0.1298701298701298
other	0.6666666666666666	0.1428571428571428
other	0.9423076923076924	0.0384615384615384
other	0.5	0.0
other	0.6428571428571429	0.0
low_clip_control	0.9803921568627452	0.0
other	0.3125	0.28125
other	0.4761904761904761	0.4761904761904761
other	0.88	0.08
other	0.8018018018018018	0.1801801801801801
low_clip_control	0.8461538461538461	0.0769230769230769
low_clip_control	0.75	0.1666666666666666
high_clip_target	0.3448275862068966	0.5517241379310345
other	0.8636363636363636	0.0
other	0.7777777777777778	0.1666666666666666
functional_target	0.0	0.9545454545454546
other	0.9285714285714286	0.0357142857142857
other	0.3	0.675
other	0.5789473684210527	0.4210526315789473
low_clip_control	0.5581395348837209	0.4418604651162791
other	0.3157894736842105	0.631578947368421
high_clip_target	0.265625	0.65625
other	0.1333333333333333	0.4666666666666667
low_clip_control	0.125	0.8125
low_clip_control	0.8928571428571429	0.0
functional_target	0.55	0.3
high_clip_target	0.8947368421052632	0.087719298245614
low_clip_control	0.6551724137931034	0.2758620689655172
low_clip_control	0.2105263157894736	0.6842105263157895
low_clip_control	1.0	0.0
low_clip_control	0.1956521739130435	0.7608695652173914
high_clip_target	0.9798850574712644	0.0201149425287356
other	0.8095238095238095	0.0952380952380952
low_clip_control	0.8846153846153846	0.0192307692307692
functional_target	0.2608695652173913	0.6956521739130435
low_clip_control	0.631578947368421	0.1578947368421052
other	0.9791666666666666	0.0208333333333333
other	0.6666666666666666	0.3333333333333333
other	0.6153846153846154	0.3846153846153846
other	0.5185185185185185	0.4814814814814814
low_clip_control	0.3684210526315789	0.5964912280701754
low_clip_control	0.75	0.25
low_clip_control	0.8823529411764706	0.0588235294117647
low_clip_control	0.7272727272727273	0.0
low_clip_control	0.2352941176470588	0.6764705882352942
low_clip_control	0.1379310344827586	0.6896551724137931
low_clip_control	0.5	0.45
low_clip_control	0.6111111111111112	0.3333333333333333
low_clip_control	0.2558139534883721	0.6976744186046512
other	0.9411764705882352	0.0588235294117647
low_clip_control	0.9230769230769232	0.0769230769230769
low_clip_control	0.7894736842105263	0.2105263157894736
other	0.8867924528301887	0.0754716981132075
other	0.5238095238095238	0.4523809523809524
low_clip_control	0.5454545454545454	0.3636363636363636
other	0.6842105263157895	0.1578947368421052
low_clip_control	0.8666666666666667	0.1
low_clip_control	0.5	0.0
low_clip_control	0.1875	0.6875
low_clip_control	0.5454545454545454	0.4090909090909091
low_clip_control	0.5	0.5
other	0.7692307692307693	0.2307692307692307
low_clip_control	0.8585858585858586	0.1313131313131313
low_clip_control	0.46875	0.53125
low_clip_control	0.6190476190476191	0.3333333333333333
low_clip_control	0.9111111111111112	0.0666666666666666
low_clip_control	0.5483870967741935	0.3548387096774194
other	0.9	0.0
functional_target	0.4736842105263157	0.4736842105263157
other	0.3684210526315789	0.4210526315789473
low_clip_control	0.90625	0.03125
other	0.5545454545454546	0.4454545454545454
functional_target	0.5737704918032787	0.4098360655737705
low_clip_control	0.75	0.25
low_clip_control	0.5714285714285714	0.1428571428571428
low_clip_control	0.5263157894736842	0.3684210526315789
low_clip_control	0.9	0.1
other	0.75	0.25
high_clip_target	0.4761904761904761	0.4285714285714285
low_clip_control	0.2051282051282051	0.7435897435897436
low_clip_control	0.7692307692307693	0.1538461538461538
other	0.6	0.4
low_clip_control	0.6666666666666666	0.3333333333333333
other	0.65	0.05
other	0.9285714285714286	0.0714285714285714
low_clip_control	0.717948717948718	0.2051282051282051
other	0.0886075949367088	0.759493670886076
low_clip_control	0.4285714285714285	0.5238095238095238
low_clip_control	0.4565217391304347	0.5217391304347826
low_clip_control	0.1818181818181818	0.7272727272727273
other	0.5869565217391305	0.4130434782608695
low_clip_control	0.0625	0.90625
other	0.5384615384615384	0.3076923076923077
low_clip_control	0.2448979591836734	0.7346938775510204
low_clip_control	0.7894736842105263	0.1929824561403508
low_clip_control	0.7391304347826086	0.217391304347826
low_clip_control	0.36	0.36
other	0.8148148148148148	0.1666666666666666
low_clip_control	0.6875	0.3125
other	1.0	0.0
other	0.4615384615384615	0.3846153846153846
low_clip_control	0.4666666666666667	0.5166666666666667
other	0.0727272727272727	0.7454545454545455
other	0.7906976744186046	0.1395348837209302
other	0.9	0.1
functional_target	0.8333333333333334	0.0952380952380952
other	0.5142857142857142	0.4857142857142857
other	0.6071428571428571	0.3571428571428571
functional_target	0.5789473684210527	0.3684210526315789
other	0.4444444444444444	0.5396825396825397
other	0.6222222222222222	0.3333333333333333
low_clip_control	0.896551724137931	0.0689655172413793
other	0.9130434782608696	0.0869565217391304
high_clip_target	0.1547619047619047	0.8095238095238095
other	0.1454545454545454	0.8181818181818182
low_clip_control	0.8148148148148148	0.1851851851851851
other	0.2602739726027397	0.726027397260274
other	0.2758620689655172	0.7068965517241379
high_clip_target	0.7894736842105263	0.1052631578947368
high_clip_target	0.9	0.0
other	0.6666666666666666	0.3333333333333333
other	0.3461538461538461	0.5576923076923077
high_clip_target	0.2592592592592592	0.7037037037037037
other	0.5434782608695652	0.4347826086956521
functional_target	0.2777777777777778	0.7222222222222222
other	1.0	0.0
low_clip_control	0.5128205128205128	0.4871794871794871
functional_target	0.3888888888888889	0.5555555555555556
low_clip_control	0.4117647058823529	0.4117647058823529
low_clip_control	0.5238095238095238	0.4761904761904761
low_clip_control	0.5384615384615384	0.3846153846153846
low_clip_control	1.0	0.0
low_clip_control	0.7	0.1
other	0.5806451612903226	0.3870967741935484
low_clip_control	0.5294117647058824	0.1176470588235294
high_clip_target	0.44	0.56
other	0.2142857142857142	0.5
low_clip_control	0.3	0.7
low_clip_control	0.3170731707317073	0.6341463414634146
other	0.7058823529411765	0.2941176470588235
other	0.379746835443038	0.5822784810126582
other	0.4090909090909091	0.2727272727272727
low_clip_control	0.5384615384615384	0.0
other	0.6785714285714286	0.3214285714285714
other	0.4736842105263157	0.3684210526315789
low_clip_control	0.45	0.3
low_clip_control	0.796875	0.171875
functional_target	0.5405405405405406	0.4054054054054054
high_clip_target	0.6829268292682927	0.3170731707317073
functional_target	0.2682926829268293	0.7317073170731707
low_clip_control	0.1212121212121212	0.8787878787878788
low_clip_control	0.3888888888888889	0.6111111111111112
low_clip_control	0.2962962962962963	0.7037037037037037
high_clip_target	0.75	0.2333333333333333
high_clip_target	0.8604651162790697	0.1395348837209302
other	0.5813953488372093	0.2093023255813953
low_clip_control	0.6136363636363636	0.3409090909090909
other	0.5857142857142857	0.3857142857142857
other	0.4230769230769231	0.5
low_clip_control	0.575	0.375
high_clip_target	0.7222222222222222	0.2129629629629629
other	0.8387096774193549	0.1075268817204301
low_clip_control	0.5	0.5
low_clip_control	0.4919354838709677	0.4838709677419355
functional_target	0.1923076923076923	0.8076923076923077
low_clip_control	0.8648648648648649	0.1216216216216216
other	0.7241379310344828	0.2413793103448276
other	0.1269841269841269	0.873015873015873
other	0.8974358974358975	0.0256410256410256
low_clip_control	0.7647058823529411	0.2352941176470588
other	1.0	0.0
other	0.25	0.75
other	0.3484848484848485	0.6363636363636364
other	0.7916666666666666	0.1666666666666666
low_clip_control	0.5625	0.375
low_clip_control	0.6470588235294118	0.3529411764705882
other	0.9134615384615384	0.0769230769230769
low_clip_control	0.9487179487179488	0.0256410256410256
low_clip_control	0.6	0.3
low_clip_control	0.9555555555555556	0.0222222222222222
low_clip_control	0.4468085106382978	0.3829787234042553
other	0.358974358974359	0.5128205128205128
low_clip_control	0.1666666666666666	0.7857142857142857
other	0.6923076923076923	0.2307692307692307
low_clip_control	0.8888888888888888	0.0972222222222222
high_clip_target	1.0	0.0
other	0.4375	0.5
other	0.25	0.5
other	0.8285714285714286	0.1428571428571428
low_clip_control	0.75	0.1666666666666666
high_clip_target	0.4705882352941176	0.3529411764705882
other	0.3928571428571428	0.3928571428571428
other	0.8076923076923077	0.0384615384615384
low_clip_control	0.5	0.4523809523809524
low_clip_control	0.775	0.2
other	0.7741935483870968	0.1935483870967742
other	1.0	0.0
other	0.1612903225806451	0.7903225806451613
low_clip_control	0.9375	0.0625
low_clip_control	1.0	0.0
high_clip_target	0.9830508474576272	0.0
other	0.6666666666666666	0.3333333333333333
other	1.0	0.0
low_clip_control	0.6190476190476191	0.3809523809523809
high_clip_target	0.5714285714285714	0.4107142857142857
other	0.6904761904761905	0.2857142857142857
other	0.6571428571428571	0.3428571428571428
functional_target	0.1967213114754098	0.8032786885245902
low_clip_control	0.6764705882352942	0.2352941176470588
other	0.5217391304347826	0.4782608695652174
other	0.7272727272727273	0.0909090909090909
low_clip_control	0.875	0.125
low_clip_control	0.4166666666666667	0.4583333333333333
other	0.8928571428571429	0.0357142857142857
other	0.53125	0.46875
functional_target	0.7894736842105263	0.0789473684210526
other	0.3980582524271844	0.5145631067961165
low_clip_control	0.4117647058823529	0.4705882352941176
other	0.4285714285714285	0.5714285714285714
other	0.4615384615384615	0.5
low_clip_control	0.9230769230769232	0.0769230769230769
other	0.4102564102564102	0.5641025641025641
low_clip_control	0.4444444444444444	0.5
low_clip_control	0.578125	0.40625
other	0.9230769230769232	0.0769230769230769
low_clip_control	0.3777777777777777	0.5111111111111111
functional_target	0.2758620689655172	0.7068965517241379
other	0.625	0.3125
high_clip_target	0.2096774193548387	0.7903225806451613
low_clip_control	0.7424242424242424	0.1363636363636363
other	0.9	0.0666666666666666
low_clip_control	0.875	0.0833333333333333
high_clip_target	0.2804878048780488	0.6341463414634146
other	0.2413793103448276	0.6896551724137931
other	0.3703703703703703	0.5925925925925926
high_clip_target	0.7857142857142857	0.1071428571428571
low_clip_control	0.7272727272727273	0.2727272727272727
low_clip_control	0.5	0.1666666666666666
low_clip_control	0.4444444444444444	0.5
high_clip_target	0.6	0.4
other	0.1470588235294117	0.7647058823529411
low_clip_control	0.6111111111111112	0.3888888888888889
other	0.5294117647058824	0.4411764705882353
other	0.6176470588235294	0.2941176470588235
other	0.5238095238095238	0.1428571428571428
other	0.6363636363636364	0.1818181818181818
other	0.4516129032258064	0.5483870967741935
other	0.9615384615384616	0.0384615384615384
other	0.3333333333333333	0.6666666666666666
low_clip_control	0.9	0.0
low_clip_control	0.7272727272727273	0.1818181818181818
other	0.2777777777777778	0.6111111111111112
other	0.4814814814814814	0.5185185185185185
other	0.3829787234042553	0.5957446808510638
low_clip_control	0.7222222222222222	0.1666666666666666
high_clip_target	0.3518518518518518	0.5740740740740741
low_clip_control	0.0735294117647058	0.8970588235294118
low_clip_control	0.7142857142857143	0.0
other	0.2962962962962963	0.6666666666666666
other	0.5272727272727272	0.4
other	0.3333333333333333	0.5555555555555556
low_clip_control	0.2962962962962963	0.6296296296296297
high_clip_target	0.627906976744186	0.3604651162790697
other	0.8888888888888888	0.1111111111111111
other	0.9130434782608696	0.0869565217391304
other	0.3333333333333333	0.5897435897435898
low_clip_control	0.3947368421052631	0.4736842105263157
other	0.5555555555555556	0.25
other	0.5681818181818182	0.4318181818181818
other	0.5957446808510638	0.3829787234042553
high_clip_target	0.4186046511627907	0.5348837209302325
other	1.0	0.0
low_clip_control	0.9230769230769232	0.0384615384615384
other	0.3902439024390244	0.5609756097560976
low_clip_control	0.95	0.05
low_clip_control	0.5	0.5
low_clip_control	0.6829268292682927	0.2682926829268293
low_clip_control	0.7317073170731707	0.2682926829268293
low_clip_control	0.625	0.375
low_clip_control	0.4117647058823529	0.5882352941176471
low_clip_control	0.9230769230769232	0.0
other	0.7272727272727273	0.2545454545454545
other	0.7073170731707317	0.1707317073170731
low_clip_control	0.3333333333333333	0.6666666666666666
low_clip_control	0.3684210526315789	0.5263157894736842
other	0.4769230769230769	0.4923076923076923
other	0.5833333333333334	0.375
low_clip_control	0.6923076923076923	0.2307692307692307
low_clip_control	0.4545454545454545	0.5454545454545454
low_clip_control	0.32	0.64
low_clip_control	0.3939393939393939	0.6060606060606061
low_clip_control	0.8620689655172413	0.1034482758620689
high_clip_target	0.3421052631578947	0.3947368421052631
low_clip_control	0.8571428571428571	0.0857142857142857
other	0.574468085106383	0.4042553191489361
low_clip_control	1.0	0.0
low_clip_control	0.5	0.5
other	0.6086956521739131	0.391304347826087
functional_target	0.6764705882352942	0.2058823529411764
other	0.8080808080808081	0.1515151515151515
low_clip_control	0.6984126984126984	0.1269841269841269
other	0.68	0.28
other	0.4482758620689655	0.5517241379310345
other	0.6923076923076923	0.2307692307692307
low_clip_control	0.3421052631578947	0.6052631578947368
low_clip_control	0.4242424242424242	0.5151515151515151
low_clip_control	0.6666666666666666	0.3055555555555556
low_clip_control	0.0625	0.875
low_clip_control	0.5454545454545454	0.3636363636363636
low_clip_control	0.40625	0.46875
low_clip_control	0.7	0.3
high_clip_target	0.75	0.2222222222222222
low_clip_control	0.5405405405405406	0.3378378378378378
low_clip_control	0.2647058823529412	0.7352941176470589
low_clip_control	0.5789473684210527	0.3947368421052631
other	0.2727272727272727	0.6363636363636364
other	0.9047619047619048	0.0952380952380952
functional_target	0.4166666666666667	0.5833333333333334
low_clip_control	0.6785714285714286	0.2678571428571428
low_clip_control	0.5	0.4444444444444444
low_clip_control	0.7894736842105263	0.1578947368421052
other	0.4166666666666667	0.5
low_clip_control	0.4090909090909091	0.5909090909090909
other	0.3	0.65
low_clip_control	0.8571428571428571	0.0
other	0.5	0.3571428571428571
high_clip_target	0.725	0.2
low_clip_control	0.5909090909090909	0.4090909090909091
other	0.609375	0.328125
low_clip_control	0.3333333333333333	0.5
low_clip_control	0.6666666666666666	0.2666666666666666
other	0.72	0.24
other	0.7027027027027027	0.2972972972972973
low_clip_control	0.5483870967741935	0.2903225806451613
low_clip_control	0.44	0.52
other	0.7619047619047619	0.238095238095238
low_clip_control	0.6875	0.3125
other	0.2040816326530612	0.7346938775510204
low_clip_control	1.0	0.0
low_clip_control	0.3333333333333333	0.6666666666666666
low_clip_control	0.9615384615384616	0.0384615384615384
low_clip_control	0.48	0.52
other	0.896551724137931	0.0862068965517241
other	1.0	0.0
low_clip_control	0.4347826086956521	0.5217391304347826
low_clip_control	0.4516129032258064	0.5483870967741935
low_clip_control	0.8888888888888888	0.1111111111111111
low_clip_control	0.8461538461538461	0.1538461538461538
functional_target	0.3684210526315789	0.631578947368421
low_clip_control	0.9285714285714286	0.0714285714285714
low_clip_control	0.8888888888888888	0.1111111111111111
other	0.2894736842105263	0.5526315789473685
low_clip_control	0.7777777777777778	0.2222222222222222
low_clip_control	0.3103448275862069	0.6896551724137931
low_clip_control	0.8	0.1
low_clip_control	0.5909090909090909	0.2727272727272727
other	0.75	0.15625
low_clip_control	0.3625	0.5875
functional_target	1.0	0.0
low_clip_control	1.0	0.0
low_clip_control	0.7857142857142857	0.1428571428571428
low_clip_control	0.7560975609756098	0.2195121951219512
functional_target	0.5853658536585366	0.3414634146341463
low_clip_control	0.5	0.4166666666666667
low_clip_control	0.4736842105263157	0.3157894736842105
other	0.8235294117647058	0.0588235294117647
high_clip_target	0.696969696969697	0.2424242424242424
high_clip_target	0.8421052631578947	0.1578947368421052
other	0.417910447761194	0.5671641791044776
low_clip_control	0.4285714285714285	0.5428571428571428
other	0.2352941176470588	0.7058823529411765
low_clip_control	0.8484848484848485	0.1212121212121212
low_clip_control	0.8958333333333334	0.0625
other	0.9333333333333332	0.0666666666666666
high_clip_target	0.1304347826086956	0.8478260869565217
low_clip_control	0.8837209302325582	0.0930232558139534
high_clip_target	0.9565217391304348	0.0434782608695652
low_clip_control	0.5789473684210527	0.2631578947368421
low_clip_control	0.6842105263157895	0.3157894736842105
low_clip_control	0.4545454545454545	0.1818181818181818
low_clip_control	0.5	0.4230769230769231
low_clip_control	0.5714285714285714	0.4285714285714285
high_clip_target	0.8125	0.0
other	1.0	0.0
functional_target	0.5	0.4833333333333333
other	0.2142857142857142	0.3571428571428571
other	0.8333333333333334	0.1666666666666666
low_clip_control	0.5	0.45
other	0.5641025641025641	0.4358974358974359
low_clip_control	0.2058823529411764	0.7647058823529411
other	0.6521739130434783	0.3478260869565217
other	0.6785714285714286	0.2857142857142857
functional_target	0.813953488372093	0.1627906976744186
other	0.7741935483870968	0.1612903225806451
other	0.3125	0.59375
functional_target	0.6122448979591837	0.3877551020408163
other	0.5833333333333334	0.1666666666666666
other	0.56	0.4
low_clip_control	0.1428571428571428	0.7142857142857143
other	0.8666666666666667	0.0
other	0.9130434782608696	0.0869565217391304
high_clip_target	0.2777777777777778	0.6666666666666666
low_clip_control	0.3333333333333333	0.5555555555555556
other	0.3461538461538461	0.5961538461538461
other	0.4230769230769231	0.5384615384615384
other	0.3571428571428571	0.1428571428571428
other	0.4761904761904761	0.4761904761904761
low_clip_control	0.9473684210526316	0.0
high_clip_target	0.3636363636363636	0.4090909090909091
low_clip_control	0.8846153846153846	0.1153846153846153
high_clip_target	0.8333333333333334	0.1666666666666666
other	0.9069767441860463	0.0930232558139534
other	0.5517241379310345	0.3448275862068966
other	0.3170731707317073	0.6585365853658537
low_clip_control	0.4313725490196078	0.5490196078431373
low_clip_control	0.9523809523809524	0.0238095238095238
low_clip_control	0.65	0.35
other	0.2830188679245283	0.6415094339622641
other	0.71875	0.28125
other	0.7391304347826086	0.1739130434782608
functional_target	0.4117647058823529	0.5882352941176471
functional_target	0.8636363636363636	0.0454545454545454
other	1.0	0.0
other	0.5833333333333334	0.4166666666666667
functional_target	0.7325581395348837	0.0581395348837209
other	0.782608695652174	0.1304347826086956
low_clip_control	0.5555555555555556	0.3703703703703703
low_clip_control	0.4545454545454545	0.0
low_clip_control	0.7368421052631579	0.2631578947368421
other	0.5555555555555556	0.3703703703703703
low_clip_control	0.6666666666666666	0.1851851851851851
low_clip_control	0.7407407407407407	0.074074074074074
other	0.2708333333333333	0.7291666666666666
low_clip_control	0.4411764705882353	0.4411764705882353
other	0.4117647058823529	0.2352941176470588
low_clip_control	0.5666666666666667	0.3333333333333333
low_clip_control	0.2941176470588235	0.4705882352941176
low_clip_control	0.3928571428571428	0.5357142857142857
other	0.2666666666666666	0.3333333333333333
low_clip_control	0.4814814814814814	0.2962962962962963
high_clip_target	0.7931034482758621	0.1379310344827586
high_clip_target	0.6166666666666667	0.3833333333333333
low_clip_control	0.8854961832061069	0.1145038167938931
low_clip_control	0.5909090909090909	0.3636363636363636
low_clip_control	0.7272727272727273	0.1363636363636363
other	0.65	0.15
low_clip_control	0.5454545454545454	0.3939393939393939
other	0.7738095238095238	0.2023809523809523
other	0.5405405405405406	0.1081081081081081
functional_target	0.5348837209302325	0.2790697674418604
other	0.3714285714285714	0.6
other	0.2272727272727272	0.6818181818181818
low_clip_control	0.4901960784313725	0.5098039215686274
other	0.2580645161290322	0.7419354838709677
low_clip_control	0.3846153846153846	0.4615384615384615
other	0.2580645161290322	0.7096774193548387
other	0.875	0.0
low_clip_control	0.7272727272727273	0.2727272727272727
low_clip_control	0.5	0.4375
low_clip_control	0.8333333333333334	0.1666666666666666
other	0.75	0.21875
low_clip_control	0.4827586206896552	0.3448275862068966
other	0.6842105263157895	0.3157894736842105
other	0.6206896551724138	0.3793103448275862
low_clip_control	0.6842105263157895	0.2105263157894736
other	0.4473684210526316	0.3947368421052631
low_clip_control	0.5	0.5
other	0.4225352112676056	0.5492957746478874
functional_target	0.4285714285714285	0.5
other	0.5882352941176471	0.3529411764705882
low_clip_control	0.4827586206896552	0.3793103448275862
low_clip_control	0.7619047619047619	0.1904761904761904
high_clip_target	0.9019607843137256	0.0196078431372549
low_clip_control	0.6666666666666666	0.2222222222222222
low_clip_control	0.7692307692307693	0.1923076923076923
other	0.425	0.575
low_clip_control	0.5185185185185185	0.4444444444444444
low_clip_control	0.6666666666666666	0.2
other	0.1296296296296296	0.8333333333333334
other	0.2903225806451613	0.6774193548387096
other	0.1666666666666666	0.8333333333333334
low_clip_control	0.8	0.0
low_clip_control	0.6923076923076923	0.2692307692307692
other	0.5833333333333334	0.3888888888888889
other	0.9	0.05
high_clip_target	0.2666666666666666	0.7111111111111111
low_clip_control	0.7297297297297297	0.1351351351351351
other	0.4	0.3
high_clip_target	0.72	0.04
low_clip_control	0.64	0.32
other	0.9333333333333332	0.0
other	0.8	0.0
high_clip_target	0.8676470588235294	0.1323529411764706
functional_target	0.2	0.7333333333333333
low_clip_control	0.2352941176470588	0.7058823529411765
low_clip_control	0.7142857142857143	0.0714285714285714
low_clip_control	0.5294117647058824	0.4117647058823529
other	1.0	0.0
other	0.9615384615384616	0.0
other	0.0909090909090909	0.9090909090909092
other	0.9090909090909092	0.0
other	0.7727272727272727	0.2272727272727272
other	0.2222222222222222	0.7777777777777778
low_clip_control	0.9090909090909092	0.0909090909090909
other	0.7407407407407407	0.2222222222222222
other	0.3846153846153846	0.4615384615384615
low_clip_control	0.4571428571428571	0.5142857142857142
other	0.7	0.2
low_clip_control	1.0	0.0
low_clip_control	0.7368421052631579	0.2631578947368421
high_clip_target	0.7222222222222222	0.2222222222222222
low_clip_control	0.7948717948717948	0.2051282051282051
low_clip_control	0.8333333333333334	0.1111111111111111
high_clip_target	0.9402985074626866	0.0298507462686567
other	0.7916666666666666	0.1666666666666666
other	0.5	0.4583333333333333
low_clip_control	0.6470588235294118	0.196078431372549
other	0.2162162162162162	0.7297297297297297
other	0.1666666666666666	0.7222222222222222
low_clip_control	0.7894736842105263	0.1578947368421052
low_clip_control	0.8888888888888888	0.1111111111111111
other	0.9487179487179488	0.0256410256410256
low_clip_control	0.3673469387755102	0.6122448979591837
other	0.6557377049180327	0.3114754098360656
other	0.3	0.3
low_clip_control	0.625	0.375
low_clip_control	0.6	0.2
low_clip_control	0.8666666666666667	0.0666666666666666
other	0.7272727272727273	0.1818181818181818
low_clip_control	0.6923076923076923	0.2307692307692307
low_clip_control	0.1818181818181818	0.8181818181818182
other	0.28125	0.71875
low_clip_control	0.5	0.375
other	0.7692307692307693	0.1346153846153846
low_clip_control	0.3888888888888889	0.3888888888888889
low_clip_control	0.5555555555555556	0.4444444444444444
low_clip_control	0.6808510638297872	0.2978723404255319
other	0.1818181818181818	0.7636363636363637
low_clip_control	0.9583333333333334	0.0416666666666666
low_clip_control	0.7037037037037037	0.2592592592592592
low_clip_control	0.6666666666666666	0.3333333333333333
low_clip_control	0.4736842105263157	0.4736842105263157
other	0.2068965517241379	0.7931034482758621
low_clip_control	0.6923076923076923	0.2307692307692307
low_clip_control	0.4285714285714285	0.4285714285714285
other	0.5652173913043478	0.4347826086956521
low_clip_control	0.6774193548387096	0.2258064516129032
other	0.7391304347826086	0.2608695652173913
other	0.2051282051282051	0.7307692307692307
low_clip_control	0.7	0.2
low_clip_control	0.0	0.6
other	0.1034482758620689	0.8103448275862069
high_clip_target	0.7916666666666666	0.2083333333333333
low_clip_control	0.2972972972972973	0.5405405405405406
low_clip_control	0.3	0.125
low_clip_control	0.25	0.725
other	0.8181818181818182	0.0909090909090909
high_clip_target	0.6206896551724138	0.2413793103448276
other	0.2280701754385964	0.7543859649122807
low_clip_control	0.4848484848484848	0.4848484848484848
low_clip_control	0.3142857142857143	0.6857142857142857
low_clip_control	0.9	0.1
low_clip_control	0.5416666666666666	0.4375
other	0.9574468085106383	0.0
low_clip_control	0.9583333333333334	0.0416666666666666
low_clip_control	0.6842105263157895	0.3157894736842105
low_clip_control	0.2727272727272727	0.7272727272727273
low_clip_control	0.5333333333333333	0.2
other	0.875	0.125
other	0.631578947368421	0.3157894736842105
low_clip_control	0.85	0.15
other	0.6923076923076923	0.2307692307692307
low_clip_control	0.5555555555555556	0.3333333333333333
low_clip_control	0.6	0.25
low_clip_control	0.918918918918919	0.0675675675675675
low_clip_control	0.8823529411764706	0.1176470588235294
other	0.8333333333333334	0.0833333333333333
low_clip_control	1.0	0.0
other	0.4230769230769231	0.5
other	0.5	0.4
low_clip_control	0.5666666666666667	0.3333333333333333
other	0.6097560975609756	0.3170731707317073
low_clip_control	0.40625	0.53125
other	0.4285714285714285	0.5
low_clip_control	0.8333333333333334	0.1666666666666666
low_clip_control	0.84	0.12
low_clip_control	0.7142857142857143	0.2857142857142857
low_clip_control	0.5	0.0
low_clip_control	0.8484848484848485	0.1212121212121212
low_clip_control	0.7272727272727273	0.2272727272727272
low_clip_control	0.7714285714285715	0.2
other	0.5925925925925926	0.3703703703703703
low_clip_control	0.40625	0.5625
high_clip_target	0.1971830985915492	0.7464788732394366
low_clip_control	0.4545454545454545	0.5454545454545454
other	0.3461538461538461	0.2692307692307692
other	0.6666666666666666	0.3333333333333333
other	0.7027027027027027	0.2972972972972973
other	0.803921568627451	0.1764705882352941
other	0.5666666666666667	0.3333333333333333
low_clip_control	0.4210526315789473	0.5263157894736842
low_clip_control	0.8695652173913043	0.1304347826086956
low_clip_control	0.8108108108108109	0.1351351351351351
low_clip_control	0.3809523809523809	0.5952380952380952
other	0.6379310344827587	0.3620689655172414
low_clip_control	0.8666666666666667	0.1333333333333333
low_clip_control	0.8333333333333334	0.1666666666666666
other	0.8292682926829268	0.0975609756097561
other	0.2222222222222222	0.7555555555555555
other	0.4492753623188406	0.5362318840579711
other	0.75	0.05
other	0.5625	0.4166666666666667
other	0.125	0.875
low_clip_control	0.6875	0.0625
high_clip_target	0.5555555555555556	0.4444444444444444
other	0.8666666666666667	0.1333333333333333
other	0.1756756756756756	0.8108108108108109
low_clip_control	0.5625	0.4166666666666667
low_clip_control	0.75	0.0
other	0.7352941176470589	0.2647058823529412
high_clip_target	0.9032258064516128	0.064516129032258
other	0.7222222222222222	0.2592592592592592
functional_target	0.2972972972972973	0.7027027027027027
other	0.7727272727272727	0.1818181818181818
other	0.5454545454545454	0.1818181818181818
low_clip_control	0.8235294117647058	0.0588235294117647
high_clip_target	0.5952380952380952	0.2619047619047619
high_clip_target	0.3636363636363636	0.3636363636363636
other	0.9032258064516128	0.032258064516129
low_clip_control	0.4857142857142857	0.4857142857142857
low_clip_control	0.7142857142857143	0.1428571428571428
low_clip_control	0.8518518518518519	0.1111111111111111
other	0.6666666666666666	0.3333333333333333
high_clip_target	0.9767441860465116	0.0232558139534883
low_clip_control	0.2142857142857142	0.7142857142857143
other	0.2352941176470588	0.7647058823529411
other	0.7083333333333334	0.25
other	0.081081081081081	0.8918918918918919
low_clip_control	0.84	0.12
low_clip_control	0.9	0.0
other	0.2368421052631578	0.5789473684210527
other	0.6363636363636364	0.3636363636363636
other	0.7368421052631579	0.2105263157894736
functional_target	0.4375	0.5
low_clip_control	0.7	0.3
other	0.6	0.3714285714285714
other	0.4883720930232558	0.4418604651162791
high_clip_target	0.2051282051282051	0.7435897435897436
other	0.3043478260869565	0.6956521739130435
high_clip_target	0.35	0.575
low_clip_control	0.5238095238095238	0.4285714285714285
high_clip_target	0.8275862068965517	0.160919540229885
other	0.1363636363636363	0.8181818181818182
other	0.6875	0.25
other	0.2941176470588235	0.5294117647058824
low_clip_control	0.4583333333333333	0.4166666666666667
low_clip_control	0.054054054054054	0.918918918918919
other	0.78125	0.0625
other	0.88	0.08
high_clip_target	0.4	0.6
other	0.3269230769230769	0.6730769230769231
high_clip_target	0.6666666666666666	0.0952380952380952
other	0.3939393939393939	0.5909090909090909
high_clip_target	0.3870967741935484	0.6129032258064516
low_clip_control	0.9166666666666666	0.0416666666666666
functional_target	0.5555555555555556	0.3703703703703703
other	0.375	0.375
other	0.4117647058823529	0.5882352941176471
other	0.1904761904761904	0.7857142857142857
other	0.074074074074074	0.8703703703703703
low_clip_control	0.9629629629629628	0.0185185185185185
functional_target	0.0625	0.84375
other	0.1914893617021276	0.7446808510638298
other	0.6666666666666666	0.2727272727272727
functional_target	0.525	0.45
other	0.7931034482758621	0.0689655172413793
functional_target	0.6829268292682927	0.3048780487804878
other	0.2857142857142857	0.5238095238095238
other	0.8260869565217391	0.1304347826086956
other	0.7391304347826086	0.217391304347826
other	0.6976744186046512	0.1627906976744186
other	0.875	0.125
low_clip_control	0.8571428571428571	0.0714285714285714
low_clip_control	0.5	0.3333333333333333
low_clip_control	0.4722222222222222	0.4444444444444444
other	0.5625	0.25
other	0.1578947368421052	0.7894736842105263
low_clip_control	0.8846153846153846	0.1153846153846153
low_clip_control	1.0	0.0
low_clip_control	0.8461538461538461	0.1153846153846153
low_clip_control	0.8181818181818182	0.0
low_clip_control	0.7692307692307693	0.1538461538461538
other	0.5294117647058824	0.4705882352941176
low_clip_control	0.4210526315789473	0.3157894736842105
low_clip_control	0.5	0.3
other	0.7777777777777778	0.2222222222222222
low_clip_control	0.9642857142857144	0.0357142857142857
other	0.3478260869565217	0.6521739130434783
low_clip_control	0.8	0.0
other	0.3076923076923077	0.6923076923076923
other	0.1964285714285714	0.75
low_clip_control	0.9090909090909092	0.0681818181818181
low_clip_control	0.75	0.0
low_clip_control	0.25	0.5
high_clip_target	0.3877551020408163	0.5510204081632653
other	0.2727272727272727	0.5
functional_target	0.1052631578947368	0.7368421052631579
high_clip_target	0.967741935483871	0.032258064516129
other	0.4444444444444444	0.4444444444444444
functional_target	0.8842105263157894	0.0842105263157894
other	0.625	0.0
low_clip_control	0.5294117647058824	0.4705882352941176
other	0.75	0.25
other	0.3888888888888889	0.3333333333333333
other	0.3728813559322034	0.5932203389830508
functional_target	0.8260869565217391	0.0
other	0.7777777777777778	0.2222222222222222
low_clip_control	0.8461538461538461	0.1538461538461538
other	0.9523809523809524	0.0
functional_target	0.4285714285714285	0.5714285714285714
low_clip_control	0.8421052631578947	0.1578947368421052
other	0.8	0.0666666666666666
other	1.0	0.0
other	0.59375	0.34375
other	0.723404255319149	0.1702127659574468
low_clip_control	0.6571428571428571	0.2571428571428571
other	0.4615384615384615	0.3076923076923077
other	0.8666666666666667	0.1
other	0.4565217391304347	0.5434782608695652
low_clip_control	0.8636363636363636	0.1363636363636363
other	0.3414634146341463	0.6585365853658537
other	0.6071428571428571	0.2857142857142857
low_clip_control	0.3333333333333333	0.5
other	0.1428571428571428	0.7857142857142857
low_clip_control	0.8	0.2
low_clip_control	0.3777777777777777	0.4444444444444444
low_clip_control	0.3333333333333333	0.1666666666666666
other	0.8823529411764706	0.0588235294117647
other	0.625	0.125
low_clip_control	0.6	0.2
low_clip_control	0.5652173913043478	0.4347826086956521
other	0.8387096774193549	0.1290322580645161
other	0.8	0.1
low_clip_control	0.74	0.26
low_clip_control	0.7857142857142857	0.2142857142857142
other	0.375	0.25
low_clip_control	0.8055555555555556	0.1944444444444444
low_clip_control	0.6666666666666666	0.3333333333333333
low_clip_control	0.8333333333333334	0.1666666666666666
other	0.9423076923076924	0.0384615384615384
other	0.72	0.04
other	0.8571428571428571	0.1428571428571428
other	0.44	0.4
low_clip_control	0.75	0.1666666666666666
other	0.951219512195122	0.024390243902439
low_clip_control	0.7777777777777778	0.0
other	0.3076923076923077	0.6461538461538462
low_clip_control	0.5263157894736842	0.4736842105263157
other	0.5081967213114754	0.3278688524590163
other	0.9428571428571428	0.0285714285714285
low_clip_control	0.6875	0.25
other	0.1714285714285714	0.8
other	0.6923076923076923	0.3076923076923077
low_clip_control	0.7391304347826086	0.1739130434782608
other	0.3333333333333333	0.5
low_clip_control	0.7083333333333334	0.25
low_clip_control	0.25	0.5
other	0.75	0.15
other	0.5873015873015873	0.3968253968253968
low_clip_control	0.9285714285714286	0.0714285714285714
low_clip_control	0.9166666666666666	0.0
other	0.6363636363636364	0.2272727272727272
low_clip_control	0.5909090909090909	0.2272727272727272
low_clip_control	0.7	0.1
low_clip_control	0.1621621621621621	0.8108108108108109
low_clip_control	0.9836065573770492	0.0163934426229508
low_clip_control	0.425	0.325
other	0.76	0.24
functional_target	0.6	0.4
other	0.6470588235294118	0.3529411764705882
other	0.6086956521739131	0.391304347826087
low_clip_control	0.6052631578947368	0.3947368421052631
low_clip_control	0.8666666666666667	0.1333333333333333
other	0.5238095238095238	0.4761904761904761
other	0.6842105263157895	0.3157894736842105
other	0.1555555555555555	0.8222222222222222
low_clip_control	0.3333333333333333	0.0
functional_target	0.7272727272727273	0.25
other	0.2941176470588235	0.7058823529411765
other	0.875	0.125
low_clip_control	0.75	0.1666666666666666
low_clip_control	0.7142857142857143	0.2857142857142857
other	0.2666666666666666	0.4666666666666667
other	0.8181818181818182	0.1818181818181818
functional_target	0.4444444444444444	0.2962962962962963
functional_target	0.75	0.25
low_clip_control	0.6666666666666666	0.3333333333333333
other	0.5	0.375
other	0.5416666666666666	0.4583333333333333
low_clip_control	0.8695652173913043	0.1304347826086956
other	0.6111111111111112	0.3888888888888889
low_clip_control	0.5882352941176471	0.3529411764705882
other	0.4166666666666667	0.5416666666666666
functional_target	0.5238095238095238	0.4285714285714285
other	0.8235294117647058	0.0
functional_target	0.4328358208955223	0.5223880597014925
high_clip_target	0.2	0.7714285714285715
other	0.5862068965517241	0.3103448275862069
other	0.9375	0.0
other	0.4615384615384615	0.5384615384615384
low_clip_control	0.48	0.48
other	0.9629629629629628	0.037037037037037
other	0.3548387096774194	0.6451612903225806
other	0.8571428571428571	0.1428571428571428
functional_target	0.4	0.5
other	0.8297872340425532	0.1702127659574468
low_clip_control	0.2608695652173913	0.6086956521739131
other	0.2631578947368421	0.7017543859649122
low_clip_control	0.8787878787878788	0.1212121212121212
low_clip_control	0.5333333333333333	0.4666666666666667
low_clip_control	0.759493670886076	0.1392405063291139
other	0.5384615384615384	0.4615384615384615
other	0.3846153846153846	0.3076923076923077
high_clip_target	0.45	0.5
low_clip_control	0.8947368421052632	0.0
other	0.1891891891891892	0.7837837837837838
low_clip_control	0.4166666666666667	0.25
low_clip_control	0.6666666666666666	0.25
low_clip_control	0.4102564102564102	0.5897435897435898
other	0.6216216216216216	0.3243243243243243
other	0.3928571428571428	0.6071428571428571
other	0.32	0.58
high_clip_target	0.9603960396039604	0.0297029702970297
other	0.36	0.6
functional_target	0.578125	0.359375
other	0.375	0.625
low_clip_control	0.9583333333333334	0.0
high_clip_target	0.6	0.3333333333333333
other	0.4	0.2
low_clip_control	0.4210526315789473	0.4736842105263157
other	0.8405797101449275	0.0869565217391304
other	0.890625	0.109375
low_clip_control	0.5116279069767442	0.4883720930232558
other	0.6923076923076923	0.1538461538461538
other	1.0	0.0
other	0.875	0.03125
low_clip_control	1.0	0.0
other	0.935483870967742	0.032258064516129
low_clip_control	0.6153846153846154	0.3461538461538461
high_clip_target	0.5263157894736842	0.4736842105263157
other	0.75	0.25
low_clip_control	0.8461538461538461	0.0384615384615384
functional_target	0.6	0.25
other	0.7391304347826086	0.217391304347826
other	0.5384615384615384	0.2307692307692307
other	0.8181818181818182	0.1454545454545454
other	0.5454545454545454	0.0
low_clip_control	0.4444444444444444	0.2222222222222222
low_clip_control	0.6190476190476191	0.3333333333333333
functional_target	0.2692307692307692	0.6153846153846154
other	0.5652173913043478	0.4347826086956521
other	0.7916666666666666	0.2083333333333333
other	0.3142857142857143	0.6714285714285714
other	0.5333333333333333	0.4666666666666667
low_clip_control	0.1818181818181818	0.6818181818181818
low_clip_control	0.7692307692307693	0.2307692307692307
low_clip_control	0.5	0.2
low_clip_control	0.5909090909090909	0.4090909090909091
other	0.8541666666666666	0.1458333333333333
other	0.4	0.4
high_clip_target	0.8433734939759037	0.144578313253012
functional_target	0.0571428571428571	0.8285714285714286
low_clip_control	0.7941176470588235	0.1470588235294117
other	0.6842105263157895	0.2105263157894736
other	0.4705882352941176	0.4705882352941176
other	0.4468085106382978	0.4893617021276595
high_clip_target	0.75	0.25
high_clip_target	0.3571428571428571	0.5714285714285714
functional_target	0.2826086956521739	0.6521739130434783
other	0.8	0.2
other	0.5	0.25
high_clip_target	0.4285714285714285	0.5714285714285714
low_clip_control	0.9230769230769232	0.0769230769230769
other	0.4074074074074074	0.5555555555555556
low_clip_control	0.9166666666666666	0.0555555555555555
low_clip_control	0.7272727272727273	0.2727272727272727
low_clip_control	0.8888888888888888	0.0833333333333333
low_clip_control	0.7142857142857143	0.238095238095238
low_clip_control	0.3333333333333333	0.6666666666666666
other	0.5652173913043478	0.3478260869565217
low_clip_control	0.5555555555555556	0.3333333333333333
low_clip_control	0.8113207547169812	0.1698113207547169
low_clip_control	0.625	0.375
low_clip_control	0.7142857142857143	0.2857142857142857
low_clip_control	0.6875	0.25
low_clip_control	0.8333333333333334	0.1111111111111111
other	0.8095238095238095	0.0952380952380952
low_clip_control	0.5384615384615384	0.3076923076923077
low_clip_control	0.9830508474576272	0.0
other	0.4444444444444444	0.1111111111111111
other	0.8888888888888888	0.1111111111111111
low_clip_control	0.8	0.2
other	0.8620689655172413	0.1379310344827586
low_clip_control	0.875	0.0673076923076923
other	0.625	0.125
low_clip_control	0.9	0.05
low_clip_control	1.0	0.0
low_clip_control	0.8571428571428571	0.0
other	0.78125	0.21875
other	0.5714285714285714	0.1904761904761904
low_clip_control	0.8846153846153846	0.0384615384615384
other	0.25	0.65
other	0.6666666666666666	0.2222222222222222
other	0.75	0.25
other	0.9166666666666666	0.0
other	0.6956521739130435	0.3043478260869565
low_clip_control	0.7777777777777778	0.1666666666666666
low_clip_control	0.8333333333333334	0.0416666666666666
other	0.4222222222222222	0.5333333333333333
other	0.7640449438202247	0.2359550561797752
other	0.2962962962962963	0.6296296296296297
other	0.2826086956521739	0.717391304347826
high_clip_target	0.4285714285714285	0.5
functional_target	0.4482758620689655	0.5517241379310345
high_clip_target	0.6444444444444445	0.3333333333333333
other	0.3636363636363636	0.4848484848484848
other	0.2	0.775
low_clip_control	0.6190476190476191	0.3809523809523809
low_clip_control	0.8431372549019608	0.0980392156862745
other	0.675	0.25
low_clip_control	0.5	0.2727272727272727
low_clip_control	0.3846153846153846	0.4615384615384615
low_clip_control	0.6	0.3
other	0.5	0.3181818181818182
low_clip_control	0.9444444444444444	0.0555555555555555
other	0.2571428571428571	0.6285714285714286
low_clip_control	0.2727272727272727	0.7272727272727273
other	0.6333333333333333	0.3333333333333333
other	0.6	0.3818181818181818
other	1.0	0.0
other	0.1111111111111111	0.8148148148148148
other	0.92	0.04
other	0.8409090909090909	0.1363636363636363
functional_target	0.625	0.25
other	0.5294117647058824	0.4117647058823529
low_clip_control	0.3888888888888889	0.6111111111111112
other	0.603448275862069	0.396551724137931
other	0.7857142857142857	0.0714285714285714
other	0.7142857142857143	0.1428571428571428
other	0.8888888888888888	0.1111111111111111
high_clip_target	0.7916666666666666	0.1666666666666666
low_clip_control	0.7666666666666667	0.2
low_clip_control	0.3888888888888889	0.4444444444444444
low_clip_control	0.8157894736842105	0.1578947368421052
other	0.3636363636363636	0.5454545454545454
low_clip_control	0.92	0.04
low_clip_control	0.5416666666666666	0.4166666666666667
other	0.4444444444444444	0.3333333333333333
other	0.4285714285714285	0.5428571428571428
low_clip_control	0.875	0.125
low_clip_control	0.5161290322580645	0.4516129032258064
other	0.8787878787878788	0.1212121212121212
low_clip_control	0.85	0.05
low_clip_control	0.1875	0.78125
other	0.75	0.125
low_clip_control	0.4615384615384615	0.5384615384615384
other	0.5079365079365079	0.492063492063492
high_clip_target	0.35	0.6
low_clip_control	0.875	0.0625
other	0.5263157894736842	0.1578947368421052
other	0.15	0.8
other	0.3076923076923077	0.6923076923076923
low_clip_control	0.8181818181818182	0.0909090909090909
low_clip_control	0.8409090909090909	0.0681818181818181
low_clip_control	0.7037037037037037	0.074074074074074
other	0.4146341463414634	0.5853658536585366
other	0.8620689655172413	0.0689655172413793
low_clip_control	0.5	0.5
other	0.925	0.025
low_clip_control	0.7777777777777778	0.2222222222222222
low_clip_control	0.5416666666666666	0.4583333333333333
other	0.8518518518518519	0.1111111111111111
other	0.4	0.0
other	0.4210526315789473	0.4736842105263157
low_clip_control	0.6	0.4
high_clip_target	0.4	0.5333333333333333
other	0.75	0.0
high_clip_target	0.96	0.0333333333333333
other	0.8	0.1333333333333333
other	0.782608695652174	0.1739130434782608
low_clip_control	0.5142857142857142	0.4571428571428571
other	0.7692307692307693	0.0769230769230769
low_clip_control	0.6923076923076923	0.1923076923076923
other	0.4782608695652174	0.4782608695652174
other	0.2244897959183673	0.7755102040816326
low_clip_control	0.7142857142857143	0.2653061224489796
other	0.5384615384615384	0.4615384615384615
low_clip_control	0.5	0.25
low_clip_control	0.6428571428571429	0.2142857142857142
other	0.8235294117647058	0.1176470588235294
low_clip_control	0.3636363636363636	0.6363636363636364
low_clip_control	0.1428571428571428	0.5238095238095238
other	0.1785714285714285	0.6428571428571429
low_clip_control	0.8333333333333334	0.0
low_clip_control	0.8529411764705882	0.1470588235294117
low_clip_control	1.0	0.0
low_clip_control	0.7142857142857143	0.1904761904761904
low_clip_control	0.6774193548387096	0.3225806451612903
low_clip_control	0.6666666666666666	0.25
low_clip_control	0.9375	0.0625
low_clip_control	0.72	0.2
low_clip_control	0.8461538461538461	0.0769230769230769
low_clip_control	0.5714285714285714	0.4285714285714285
low_clip_control	0.4285714285714285	0.4761904761904761
low_clip_control	0.6923076923076923	0.1538461538461538
low_clip_control	0.7916666666666666	0.2083333333333333
other	0.8846153846153846	0.0384615384615384
other	0.2692307692307692	0.6346153846153846
other	0.8260869565217391	0.1739130434782608
low_clip_control	0.05	0.925
low_clip_control	0.7916666666666666	0.0833333333333333
low_clip_control	0.8260869565217391	0.0434782608695652
low_clip_control	0.4	0.56
low_clip_control	0.65625	0.21875
low_clip_control	0.1538461538461538	0.8461538461538461
other	0.5	0.45
low_clip_control	0.9	0.1
other	0.3793103448275862	0.5862068965517241
other	0.5806451612903226	0.3548387096774194
low_clip_control	0.5769230769230769	0.2307692307692307
other	0.9166666666666666	0.0833333333333333
low_clip_control	0.8333333333333334	0.1666666666666666
low_clip_control	0.5	0.25
other	0.5789473684210527	0.3157894736842105
low_clip_control	0.7	0.3
other	0.625	0.3125
other	0.6904761904761905	0.2619047619047619
other	0.9493670886075948	0.0379746835443038
other	0.9213483146067416	0.0786516853932584
other	0.6875	0.25
other	0.7333333333333333	0.1666666666666666
low_clip_control	0.6666666666666666	0.2592592592592592
low_clip_control	0.4	0.4
low_clip_control	0.4545454545454545	0.5454545454545454
low_clip_control	0.9583333333333334	0.0
low_clip_control	0.4705882352941176	0.4117647058823529
high_clip_target	0.1842105263157894	0.5526315789473685
low_clip_control	0.7142857142857143	0.0952380952380952
low_clip_control	0.4210526315789473	0.5789473684210527
low_clip_control	0.75	0.1666666666666666
low_clip_control	1.0	0.0
other	0.4347826086956521	0.5652173913043478
low_clip_control	0.2142857142857142	0.6428571428571429
low_clip_control	0.8888888888888888	0.1111111111111111
low_clip_control	0.8214285714285714	0.1071428571428571
other	0.1666666666666666	0.6944444444444444
low_clip_control	0.8181818181818182	0.0909090909090909
other	0.863013698630137	0.1232876712328767
low_clip_control	0.7777777777777778	0.1666666666666666
other	0.6578947368421053	0.3157894736842105
low_clip_control	0.7916666666666666	0.125
other	0.25	0.625
other	0.5714285714285714	0.2857142857142857
high_clip_target	0.6530612244897959	0.3265306122448979
high_clip_target	0.8723404255319149	0.0851063829787234
low_clip_control	0.65	0.35
low_clip_control	0.75	0.2083333333333333
low_clip_control	0.7391304347826086	0.1739130434782608
other	0.2857142857142857	0.6428571428571429
other	0.7777777777777778	0.1111111111111111
other	0.4090909090909091	0.2727272727272727
low_clip_control	0.9230769230769232	0.0769230769230769
other	0.2	0.782608695652174
low_clip_control	0.6666666666666666	0.0
other	0.5	0.5
low_clip_control	0.7142857142857143	0.1428571428571428
low_clip_control	0.8771929824561403	0.1228070175438596
low_clip_control	0.7391304347826086	0.217391304347826
other	0.9333333333333332	0.0666666666666666
low_clip_control	0.6538461538461539	0.1923076923076923
low_clip_control	0.3125	0.625
low_clip_control	1.0	0.0
low_clip_control	0.92	0.0
other	0.2045454545454545	0.7954545454545454
low_clip_control	0.4130434782608695	0.5434782608695652
other	0.868421052631579	0.0263157894736842
low_clip_control	0.9	0.1
other	0.6296296296296297	0.3333333333333333
low_clip_control	0.5	0.4705882352941176
other	0.4230769230769231	0.5384615384615384
other	0.7619047619047619	0.1904761904761904
other	0.3571428571428571	0.5
low_clip_control	0.4	0.2666666666666666
low_clip_control	0.2972972972972973	0.6756756756756757
low_clip_control	0.2	0.5
low_clip_control	0.2571428571428571	0.7
low_clip_control	0.32	0.6
low_clip_control	0.8	0.1714285714285714
low_clip_control	0.8333333333333334	0.125
other	0.875	0.0
other	0.2	0.7333333333333333
low_clip_control	0.5714285714285714	0.3809523809523809
other	0.9090909090909092	0.0
other	0.671875	0.3125
other	0.7222222222222222	0.2777777777777778
low_clip_control	0.8823529411764706	0.1176470588235294
low_clip_control	0.7692307692307693	0.1538461538461538
low_clip_control	0.8666666666666667	0.1333333333333333
low_clip_control	0.44	0.52
low_clip_control	0.8529411764705882	0.1176470588235294
low_clip_control	0.8	0.1333333333333333
low_clip_control	0.5111111111111111	0.4666666666666667
low_clip_control	0.5	0.4230769230769231
low_clip_control	0.4418604651162791	0.5581395348837209
low_clip_control	0.3928571428571428	0.4642857142857143
low_clip_control	0.6956521739130435	0.0
other	0.1666666666666666	0.8333333333333334
other	0.4347826086956521	0.5652173913043478
low_clip_control	0.7142857142857143	0.2142857142857142
low_clip_control	0.8157894736842105	0.1842105263157894
other	0.55	0.325
other	0.6153846153846154	0.2307692307692307
low_clip_control	0.9444444444444444	0.0555555555555555
low_clip_control	0.72	0.08
low_clip_control	0.9130434782608696	0.0
low_clip_control	0.8108108108108109	0.1351351351351351
low_clip_control	0.6388888888888888	0.3611111111111111
low_clip_control	0.32	0.68
low_clip_control	0.6	0.2888888888888888
other	0.1428571428571428	0.5714285714285714
low_clip_control	0.9	0.0
low_clip_control	0.6153846153846154	0.2115384615384615
low_clip_control	0.8620689655172413	0.1379310344827586
other	0.7714285714285715	0.0857142857142857
low_clip_control	0.8	0.1
other	0.4090909090909091	0.5
low_clip_control	0.375	0.625
other	0.9387755102040816	0.0612244897959183
low_clip_control	0.6521739130434783	0.1739130434782608
low_clip_control	0.5666666666666667	0.4
low_clip_control	0.7368421052631579	0.1578947368421052
low_clip_control	0.3636363636363636	0.3636363636363636
low_clip_control	0.8125	0.1041666666666666
other	0.9393939393939394	0.0606060606060606
low_clip_control	0.6666666666666666	0.3333333333333333
other	0.6	0.4
low_clip_control	0.6111111111111112	0.3333333333333333
other	0.7692307692307693	0.1538461538461538
other	0.0909090909090909	0.8181818181818182
low_clip_control	0.6	0.0666666666666666
low_clip_control	0.9240506329113924	0.0379746835443038
other	0.8666666666666667	0.0
other	0.2363636363636363	0.7090909090909091
high_clip_target	0.4444444444444444	0.5555555555555556
low_clip_control	0.7567567567567568	0.2162162162162162
low_clip_control	0.3684210526315789	0.3157894736842105
other	0.6153846153846154	0.2307692307692307
other	0.9152542372881356	0.0508474576271186
other	0.0526315789473684	0.9473684210526316
low_clip_control	0.6296296296296297	0.3333333333333333
high_clip_target	0.7333333333333333	0.2666666666666666
other	0.9791666666666666	0.0
low_clip_control	0.7857142857142857	0.1428571428571428
other	0.9375	0.0625
low_clip_control	0.7142857142857143	0.238095238095238
low_clip_control	0.625	0.1875
low_clip_control	0.3478260869565217	0.5869565217391305
low_clip_control	0.7894736842105263	0.1578947368421052
low_clip_control	0.84	0.16
low_clip_control	0.9090909090909092	0.0909090909090909
other	0.5294117647058824	0.4705882352941176
low_clip_control	0.8387096774193549	0.1290322580645161
low_clip_control	0.868421052631579	0.0526315789473684
low_clip_control	0.9047619047619048	0.0952380952380952
low_clip_control	0.925925925925926	0.074074074074074
low_clip_control	0.2857142857142857	0.2142857142857142
low_clip_control	0.5625	0.4375
other	0.4615384615384615	0.4615384615384615
low_clip_control	0.9166666666666666	0.0416666666666666
low_clip_control	0.6181818181818182	0.3818181818181818
low_clip_control	0.7307692307692307	0.2307692307692307
low_clip_control	0.8275862068965517	0.1724137931034483
low_clip_control	1.0	0.0
low_clip_control	0.6	0.1
low_clip_control	0.8333333333333334	0.0
low_clip_control	1.0	0.0
low_clip_control	0.6111111111111112	0.3333333333333333
other	0.2	0.68
low_clip_control	0.8571428571428571	0.0
low_clip_control	0.7586206896551724	0.1724137931034483
other	0.8333333333333334	0.1666666666666666
low_clip_control	0.5652173913043478	0.3478260869565217
low_clip_control	0.375	0.5833333333333334
high_clip_target	0.3076923076923077	0.5641025641025641
other	0.4285714285714285	0.1904761904761904
functional_target	0.7714285714285715	0.2
other	0.2424242424242424	0.0303030303030303
other	0.85	0.1
low_clip_control	0.8055555555555556	0.1944444444444444
low_clip_control	0.5645161290322581	0.4354838709677419
low_clip_control	0.6428571428571429	0.2857142857142857
low_clip_control	0.6842105263157895	0.3157894736842105
low_clip_control	0.5357142857142857	0.3571428571428571
low_clip_control	0.8163265306122449	0.1632653061224489
other	0.6111111111111112	0.3611111111111111
low_clip_control	0.6991150442477876	0.2743362831858407
low_clip_control	0.6904761904761905	0.2857142857142857
other	0.2222222222222222	0.5925925925925926
low_clip_control	0.7083333333333334	0.1666666666666666
low_clip_control	0.8333333333333334	0.1111111111111111
low_clip_control	0.3333333333333333	0.6666666666666666
low_clip_control	0.6666666666666666	0.2857142857142857
low_clip_control	0.84375	0.125
other	0.5757575757575758	0.2424242424242424
low_clip_control	0.8571428571428571	0.0476190476190476
other	0.5	0.4444444444444444
low_clip_control	0.7647058823529411	0.1176470588235294
other	0.8095238095238095	0.0952380952380952
other	1.0	0.0
low_clip_control	0.918918918918919	0.081081081081081
low_clip_control	0.7894736842105263	0.1052631578947368
other	0.8421052631578947	0.1052631578947368
other	0.92	0.04
low_clip_control	0.85	0.1
low_clip_control	0.5	0.0
low_clip_control	0.5555555555555556	0.4444444444444444
other	0.75	0.0833333333333333
other	0.2307692307692307	0.3846153846153846
functional_target	0.2727272727272727	0.6818181818181818
other	0.7333333333333333	0.2
low_clip_control	0.6111111111111112	0.0555555555555555
low_clip_control	0.6176470588235294	0.088235294117647
low_clip_control	0.5909090909090909	0.3636363636363636
low_clip_control	0.4782608695652174	0.4782608695652174
other	0.7857142857142857	0.1785714285714285
low_clip_control	0.7	0.3
other	0.4230769230769231	0.5769230769230769
low_clip_control	0.6363636363636364	0.2909090909090909
other	0.25	0.6875
other	0.696969696969697	0.2727272727272727
low_clip_control	0.25	0.4166666666666667
other	0.2647058823529412	0.6176470588235294
low_clip_control	0.3255813953488372	0.6511627906976745
other	0.6296296296296297	0.3703703703703703
other	0.0714285714285714	0.6428571428571429
other	0.8648648648648649	0.1216216216216216
low_clip_control	0.5365853658536586	0.4146341463414634
low_clip_control	0.5	0.4736842105263157
other	0.2439024390243902	0.6829268292682927
other	0.6111111111111112	0.2777777777777778
other	0.7368421052631579	0.1052631578947368
other	0.2916666666666667	0.7083333333333334
other	0.2307692307692307	0.7435897435897436
low_clip_control	0.7272727272727273	0.0909090909090909
other	0.392156862745098	0.4705882352941176
high_clip_target	0.7777777777777778	0.2222222222222222
low_clip_control	0.5333333333333333	0.4666666666666667
other	0.3529411764705882	0.6470588235294118
other	0.8611111111111112	0.0833333333333333
other	0.4222222222222222	0.5777777777777777
low_clip_control	0.8333333333333334	0.0833333333333333
high_clip_target	0.5714285714285714	0.4107142857142857
low_clip_control	0.9473684210526316	0.0
other	0.037037037037037	0.925925925925926
other	0.625	0.25
functional_target	0.6153846153846154	0.3846153846153846
other	0.8	0.1333333333333333
other	0.3396226415094339	0.5283018867924528
low_clip_control	0.5185185185185185	0.3333333333333333
low_clip_control	0.65	0.2
other	0.6933333333333334	0.2933333333333333
other	0.926829268292683	0.0
low_clip_control	0.972972972972973	0.0
functional_target	0.9375	0.0
other	0.5	0.4090909090909091
other	0.5853658536585366	0.3414634146341463
functional_target	0.375	0.625
other	0.8888888888888888	0.0
other	0.6190476190476191	0.3809523809523809
other	0.54	0.42
low_clip_control	0.8235294117647058	0.1764705882352941
other	0.5961538461538461	0.3653846153846153
functional_target	0.5625	0.375
other	0.8333333333333334	0.1111111111111111
functional_target	0.5	0.5
low_clip_control	0.6206896551724138	0.1724137931034483
other	0.6082474226804123	0.3917525773195876
low_clip_control	0.5	0.5
low_clip_control	0.2857142857142857	0.5714285714285714
low_clip_control	0.4545454545454545	0.4545454545454545
low_clip_control	0.64	0.36
other	0.4814814814814814	0.5185185185185185
low_clip_control	0.5	0.4166666666666667
low_clip_control	0.8571428571428571	0.0952380952380952
low_clip_control	0.8	0.2
low_clip_control	0.4166666666666667	0.5
low_clip_control	0.6923076923076923	0.1538461538461538
low_clip_control	1.0	0.0
low_clip_control	0.4736842105263157	0.5263157894736842
low_clip_control	0.5217391304347826	0.4347826086956521
other	0.4	0.55
other	0.9107142857142856	0.0714285714285714
other	0.4193548387096774	0.3870967741935484
low_clip_control	0.4285714285714285	0.5714285714285714
other	0.6666666666666666	0.2222222222222222
low_clip_control	0.875	0.125
high_clip_target	0.2307692307692307	0.6923076923076923
low_clip_control	0.6956521739130435	0.3043478260869565
low_clip_control	0.5	0.3333333333333333
other	0.4615384615384615	0.2307692307692307
other	0.6666666666666666	0.3333333333333333
low_clip_control	0.631578947368421	0.3157894736842105
other	0.4666666666666667	0.5
low_clip_control	0.8421052631578947	0.0
other	0.6129032258064516	0.1935483870967742
low_clip_control	0.66	0.3
other	0.9	0.05
low_clip_control	0.75	0.1666666666666666
other	0.3125	0.625
low_clip_control	0.9682539682539684	0.0158730158730158
low_clip_control	0.6296296296296297	0.3333333333333333
other	0.5384615384615384	0.4615384615384615
low_clip_control	0.5757575757575758	0.3939393939393939
other	0.935483870967742	0.0
low_clip_control	0.6666666666666666	0.2564102564102564
high_clip_target	0.3928571428571428	0.5714285714285714
low_clip_control	0.6388888888888888	0.3333333333333333
low_clip_control	0.4615384615384615	0.5384615384615384
other	0.3529411764705882	0.6470588235294118
low_clip_control	0.4705882352941176	0.4705882352941176
other	0.4375	0.5416666666666666
other	0.2307692307692307	0.7692307692307693
other	0.3023255813953488	0.6976744186046512
low_clip_control	0.9298245614035088	0.0175438596491228
low_clip_control	0.4117647058823529	0.5882352941176471
low_clip_control	0.625	0.0
other	0.7692307692307693	0.1923076923076923
low_clip_control	0.2432432432432432	0.7567567567567568
low_clip_control	0.4545454545454545	0.1818181818181818
low_clip_control	0.8076923076923077	0.0
low_clip_control	0.4705882352941176	0.5294117647058824
other	0.9032258064516128	0.032258064516129
low_clip_control	0.6363636363636364	0.3409090909090909
low_clip_control	0.0172413793103448	0.9482758620689656
other	0.15	0.75
low_clip_control	0.6923076923076923	0.0769230769230769
low_clip_control	0.5	0.4375
low_clip_control	0.6666666666666666	0.25
low_clip_control	0.72	0.28
high_clip_target	0.8333333333333334	0.0833333333333333
high_clip_target	0.3461538461538461	0.6346153846153846
other	0.8181818181818182	0.1363636363636363
functional_target	0.4210526315789473	0.5263157894736842
low_clip_control	0.7307692307692307	0.1923076923076923
low_clip_control	0.7857142857142857	0.1071428571428571
low_clip_control	0.4473684210526316	0.5526315789473685
low_clip_control	0.8714285714285714	0.1142857142857142
low_clip_control	0.9081632653061223	0.0612244897959183
low_clip_control	0.8461538461538461	0.1538461538461538
low_clip_control	0.8518518518518519	0.1481481481481481
other	0.4516129032258064	0.5483870967741935
other	0.5454545454545454	0.2727272727272727
low_clip_control	0.3571428571428571	0.6428571428571429
high_clip_target	0.7647058823529411	0.2352941176470588
other	0.6633663366336634	0.3267326732673267
low_clip_control	0.7333333333333333	0.1333333333333333
low_clip_control	0.5405405405405406	0.4324324324324324
low_clip_control	0.91869918699187	0.065040650406504
low_clip_control	0.925925925925926	0.074074074074074
low_clip_control	0.5172413793103449	0.4827586206896552
low_clip_control	0.5555555555555556	0.2222222222222222
other	0.8461538461538461	0.1098901098901098
other	0.36	0.56
low_clip_control	1.0	0.0
low_clip_control	0.75	0.0
low_clip_control	0.7	0.1
low_clip_control	0.5	0.46875
other	0.9	0.05
other	0.2857142857142857	0.7142857142857143
other	0.1428571428571428	0.8571428571428571
other	0.5714285714285714	0.4285714285714285
low_clip_control	0.5384615384615384	0.3076923076923077
low_clip_control	0.7692307692307693	0.2307692307692307
low_clip_control	1.0	0.0
other	0.3571428571428571	0.5714285714285714
other	0.8333333333333334	0.1666666666666666
other	0.7931034482758621	0.2068965517241379
low_clip_control	0.9047619047619048	0.0714285714285714
low_clip_control	0.8260869565217391	0.1739130434782608
low_clip_control	0.4285714285714285	0.5
low_clip_control	0.5172413793103449	0.4827586206896552
low_clip_control	0.5806451612903226	0.4193548387096774
high_clip_target	0.4545454545454545	0.4848484848484848
high_clip_target	0.4285714285714285	0.5238095238095238
functional_target	0.2127659574468085	0.7659574468085106
low_clip_control	0.44	0.56
low_clip_control	0.875	0.0833333333333333
low_clip_control	0.7708333333333334	0.0833333333333333
low_clip_control	0.3333333333333333	0.6
low_clip_control	0.625	0.375
low_clip_control	0.5909090909090909	0.3181818181818182
low_clip_control	0.4324324324324324	0.5135135135135135
low_clip_control	0.4761904761904761	0.4285714285714285
low_clip_control	0.2903225806451613	0.7096774193548387
low_clip_control	0.8333333333333334	0.106060606060606
low_clip_control	0.4375	0.5625
low_clip_control	0.8085106382978723	0.1489361702127659
low_clip_control	0.3846153846153846	0.3076923076923077
low_clip_control	0.8148148148148148	0.1851851851851851
low_clip_control	0.3846153846153846	0.282051282051282
low_clip_control	0.8181818181818182	0.0909090909090909
low_clip_control	0.5217391304347826	0.4782608695652174
low_clip_control	0.9047619047619048	0.0
other	0.2857142857142857	0.7142857142857143
other	1.0	0.0
low_clip_control	0.7058823529411765	0.2941176470588235
low_clip_control	0.52	0.4
other	0.5454545454545454	0.3636363636363636
low_clip_control	0.6923076923076923	0.2307692307692307
low_clip_control	0.5625	0.3125
low_clip_control	0.8571428571428571	0.0952380952380952
other	0.8305084745762712	0.1525423728813559
low_clip_control	0.4	0.4
other	0.782608695652174	0.1304347826086956
other	0.6666666666666666	0.3333333333333333
low_clip_control	0.4375	0.46875
other	0.3488372093023256	0.6046511627906976
other	0.5	0.125
other	1.0	0.0
other	0.4	0.4
other	0.6153846153846154	0.2307692307692307
other	0.7619047619047619	0.1428571428571428
other	0.625	0.375
low_clip_control	0.7674418604651163	0.2093023255813953
low_clip_control	0.5	0.4117647058823529
high_clip_target	0.4	0.5
other	0.5223880597014925	0.3134328358208955
low_clip_control	0.6538461538461539	0.3461538461538461
low_clip_control	0.6153846153846154	0.2307692307692307
low_clip_control	0.5294117647058824	0.3529411764705882
other	0.5121951219512195	0.4634146341463415
other	0.875	0.125
other	0.9629629629629628	0.037037037037037
other	0.8571428571428571	0.0714285714285714
low_clip_control	0.0	0.6666666666666666
low_clip_control	0.6987951807228916	0.253012048192771
low_clip_control	0.8888888888888888	0.0555555555555555
other	0.5111111111111111	0.4740740740740741
low_clip_control	0.7142857142857143	0.2678571428571428
other	0.6410256410256411	0.3076923076923077
low_clip_control	0.3333333333333333	0.5
low_clip_control	0.8	0.2
low_clip_control	0.1428571428571428	0.4285714285714285
low_clip_control	1.0	0.0
low_clip_control	0.5	0.4090909090909091
low_clip_control	0.3636363636363636	0.5
low_clip_control	0.7857142857142857	0.0
low_clip_control	0.5	0.2352941176470588
other	0.217391304347826	0.7681159420289855
low_clip_control	0.8846153846153846	0.0384615384615384
low_clip_control	0.4705882352941176	0.5294117647058824
low_clip_control	0.8666666666666667	0.0
other	0.7272727272727273	0.2424242424242424
low_clip_control	0.7857142857142857	0.1428571428571428
other	0.72	0.26
high_clip_target	0.4347826086956521	0.5652173913043478
other	0.8421052631578947	0.0
other	0.5434782608695652	0.4565217391304347
other	0.1395348837209302	0.8372093023255814
low_clip_control	0.8181818181818182	0.0
other	0.9642857142857144	0.0357142857142857
high_clip_target	0.7	0.25
functional_target	0.5652173913043478	0.4347826086956521
other	0.6551724137931034	0.3448275862068966
other	0.3548387096774194	0.6129032258064516
low_clip_control	0.5217391304347826	0.4782608695652174
high_clip_target	0.4571428571428571	0.4571428571428571
other	0.7560975609756098	0.2439024390243902
other	0.5121951219512195	0.3414634146341463
low_clip_control	0.1739130434782608	0.782608695652174
low_clip_control	0.5833333333333334	0.4166666666666667
high_clip_target	0.8333333333333334	0.1666666666666666
low_clip_control	0.4848484848484848	0.5
other	0.7878787878787878	0.2121212121212121
other	0.6666666666666666	0.2666666666666666
other	0.6666666666666666	0.2857142857142857
other	0.6818181818181818	0.2727272727272727
other	0.15625	0.6875
low_clip_control	0.5483870967741935	0.1290322580645161
low_clip_control	0.7222222222222222	0.2222222222222222
other	0.7857142857142857	0.2142857142857142
low_clip_control	0.5833333333333334	0.4166666666666667
low_clip_control	0.6956521739130435	0.1739130434782608
low_clip_control	0.5769230769230769	0.3461538461538461
low_clip_control	0.1764705882352941	0.8235294117647058
other	0.1515151515151515	0.8181818181818182
other	0.9375	0.0625
other	0.6956521739130435	0.1304347826086956
other	0.6	0.3333333333333333
other	0.78	0.16
other	0.6785714285714286	0.3214285714285714
other	0.4242424242424242	0.4545454545454545
other	0.54	0.44
other	0.8125	0.0
low_clip_control	0.68	0.28
functional_target	0.4285714285714285	0.5428571428571428
other	0.1111111111111111	0.8611111111111112
low_clip_control	0.1935483870967742	0.7741935483870968
low_clip_control	0.7241379310344828	0.0344827586206896
other	0.1818181818181818	0.7272727272727273
other	0.6914893617021277	0.2872340425531915
low_clip_control	0.4736842105263157	0.3157894736842105
other	0.3333333333333333	0.6666666666666666
other	0.7894736842105263	0.1578947368421052
other	0.7073170731707317	0.1951219512195122
other	0.4042553191489361	0.5957446808510638
other	1.0	0.0
other	0.4166666666666667	0.4166666666666667
other	0.875	0.125
low_clip_control	0.8421052631578947	0.0526315789473684
other	0.3636363636363636	0.5454545454545454
other	0.3469387755102041	0.6530612244897959
low_clip_control	0.7142857142857143	0.0714285714285714
low_clip_control	0.3469387755102041	0.6530612244897959
low_clip_control	0.4705882352941176	0.5294117647058824
low_clip_control	0.7380952380952381	0.1904761904761904
high_clip_target	0.8214285714285714	0.1785714285714285
low_clip_control	0.8571428571428571	0.0714285714285714
low_clip_control	0.6470588235294118	0.2941176470588235
other	0.6875	0.3125
other	0.6226415094339622	0.2264150943396226
other	0.4	0.6
other	1.0	0.0
other	0.3103448275862069	0.5517241379310345
low_clip_control	0.9444444444444444	0.0555555555555555
other	0.6764705882352942	0.3235294117647059
low_clip_control	0.8461538461538461	0.1538461538461538
low_clip_control	0.5789473684210527	0.4210526315789473
low_clip_control	0.8048780487804879	0.1951219512195122
other	0.8222222222222222	0.1777777777777777
low_clip_control	0.9375	0.0625
other	0.3333333333333333	0.6111111111111112
high_clip_target	0.2916666666666667	0.6458333333333334
functional_target	0.4210526315789473	0.5789473684210527
other	0.868421052631579	0.0964912280701754
low_clip_control	0.40625	0.46875
other	0.4516129032258064	0.5483870967741935
other	0.1666666666666666	0.75
other	0.6904761904761905	0.3095238095238095
functional_target	0.9523809523809524	0.0476190476190476
low_clip_control	0.5789473684210527	0.3684210526315789
low_clip_control	0.3636363636363636	0.5454545454545454
low_clip_control	0.9285714285714286	0.0714285714285714
low_clip_control	0.813953488372093	0.1627906976744186
low_clip_control	0.5	0.3
low_clip_control	0.875	0.0625
other	0.9861111111111112	0.0
other	0.6	0.3
low_clip_control	0.3846153846153846	0.6153846153846154
low_clip_control	0.75	0.1875
other	0.3714285714285714	0.5714285714285714
other	0.6160714285714286	0.3392857142857143
low_clip_control	0.7714285714285715	0.2285714285714285
low_clip_control	1.0	0.0
high_clip_target	0.8333333333333334	0.1666666666666666
low_clip_control	0.625	0.375
other	0.2702702702702703	0.5675675675675675
low_clip_control	0.55	0.25
functional_target	0.4782608695652174	0.5072463768115942
low_clip_control	0.4081632653061224	0.4081632653061224
low_clip_control	0.8235294117647058	0.1176470588235294
high_clip_target	0.5357142857142857	0.4642857142857143
high_clip_target	0.1153846153846153	0.6923076923076923
other	0.6	0.3857142857142857
other	0.8181818181818182	0.0909090909090909
low_clip_control	0.625	0.25
low_clip_control	0.5384615384615384	0.4230769230769231
other	0.4761904761904761	0.4285714285714285
low_clip_control	0.6428571428571429	0.2857142857142857
other	0.7391304347826086	0.1739130434782608
other	0.5517241379310345	0.4482758620689655
low_clip_control	0.75	0.225
other	0.15	0.8
low_clip_control	0.9	0.0
other	0.6666666666666666	0.3333333333333333
low_clip_control	0.4782608695652174	0.4057971014492754
low_clip_control	0.9090909090909092	0.0909090909090909
low_clip_control	0.8125	0.03125
low_clip_control	0.7647058823529411	0.2058823529411764
high_clip_target	0.3170731707317073	0.6341463414634146
low_clip_control	0.5862068965517241	0.3793103448275862
low_clip_control	0.6538461538461539	0.1923076923076923
low_clip_control	0.6923076923076923	0.3076923076923077
low_clip_control	0.8235294117647058	0.0588235294117647
low_clip_control	0.9090909090909092	0.0909090909090909
other	0.1702127659574468	0.8085106382978723
low_clip_control	0.8387096774193549	0.1290322580645161
low_clip_control	0.9615384615384616	0.0
low_clip_control	0.6666666666666666	0.1666666666666666
low_clip_control	0.8461538461538461	0.1153846153846153
high_clip_target	0.1549295774647887	0.7605633802816901
other	0.7	0.1
high_clip_target	0.3157894736842105	0.5263157894736842
other	0.8571428571428571	0.1428571428571428
low_clip_control	0.7692307692307693	0.0769230769230769
low_clip_control	0.6666666666666666	0.3333333333333333
other	0.9130434782608696	0.0217391304347826
high_clip_target	0.2857142857142857	0.5714285714285714
other	0.4761904761904761	0.5079365079365079
low_clip_control	0.813953488372093	0.0697674418604651
other	0.5714285714285714	0.2857142857142857
low_clip_control	1.0	0.0
low_clip_control	0.5333333333333333	0.4333333333333333
low_clip_control	0.6666666666666666	0.1666666666666666
low_clip_control	0.8	0.1
low_clip_control	0.6666666666666666	0.3333333333333333
low_clip_control	1.0	0.0
other	0.6666666666666666	0.282051282051282
low_clip_control	0.8461538461538461	0.0769230769230769
other	0.1923076923076923	0.6538461538461539
other	0.5454545454545454	0.3636363636363636
high_clip_target	0.25	0.75
low_clip_control	0.238095238095238	0.7142857142857143
other	0.5	0.4375
low_clip_control	0.75	0.25
functional_target	0.625	0.125
other	0.7307692307692307	0.2692307692307692
low_clip_control	0.84	0.12
other	0.6923076923076923	0.1153846153846153
other	0.3333333333333333	0.5714285714285714
low_clip_control	0.4285714285714285	0.4285714285714285
low_clip_control	0.8571428571428571	0.1428571428571428
low_clip_control	0.9166666666666666	0.0833333333333333
low_clip_control	0.7272727272727273	0.1212121212121212
high_clip_target	0.6153846153846154	0.3461538461538461
other	0.5185185185185185	0.3333333333333333
other	0.3793103448275862	0.5517241379310345
other	0.3888888888888889	0.5555555555555556
low_clip_control	0.631578947368421	0.3157894736842105
low_clip_control	0.7142857142857143	0.2857142857142857
low_clip_control	0.6153846153846154	0.3076923076923077
other	0.8	0.2
low_clip_control	0.6	0.32
other	0.2857142857142857	0.6666666666666666
other	0.4444444444444444	0.5555555555555556
low_clip_control	0.8666666666666667	0.1333333333333333
low_clip_control	0.9	0.05
other	0.3725490196078431	0.6274509803921569
low_clip_control	0.7	0.1
other	0.7692307692307693	0.1538461538461538
low_clip_control	0.4761904761904761	0.2857142857142857
high_clip_target	0.2564102564102564	0.7435897435897436
low_clip_control	0.125	0.75
low_clip_control	0.4545454545454545	0.2727272727272727
low_clip_control	0.7368421052631579	0.2631578947368421
other	0.95	0.05
other	0.4285714285714285	0.5714285714285714
low_clip_control	0.56	0.36
other	0.9539473684210528	0.0460526315789473
functional_target	0.4090909090909091	0.2727272727272727
high_clip_target	0.8846153846153846	0.0
other	0.5	0.4117647058823529
other	0.65	0.3
low_clip_control	0.8666666666666667	0.0666666666666666
other	0.2631578947368421	0.2105263157894736
low_clip_control	0.68	0.3
other	0.6	0.25
low_clip_control	0.4285714285714285	0.5
other	0.8260869565217391	0.1304347826086956
low_clip_control	0.238095238095238	0.5
other	0.9090909090909092	0.0909090909090909
other	0.7435897435897436	0.2564102564102564
other	0.7567567567567568	0.2432432432432432
other	0.9859154929577464	0.0
low_clip_control	1.0	0.0
low_clip_control	0.71875	0.21875
other	1.0	0.0
other	0.5192307692307693	0.4807692307692308
other	0.918032786885246	0.0491803278688524
other	0.8888888888888888	0.1111111111111111
other	0.9767441860465116	0.0232558139534883
other	0.5517241379310345	0.4482758620689655
other	0.4666666666666667	0.5333333333333333
low_clip_control	0.9736842105263158	0.0263157894736842
low_clip_control	0.935483870967742	0.0
other	0.8	0.188235294117647
low_clip_control	0.625	0.0
other	0.5769230769230769	0.4230769230769231
low_clip_control	1.0	0.0
other	0.4347826086956521	0.5652173913043478
other	0.7078651685393258	0.2584269662921348
other	0.7142857142857143	0.1428571428571428
other	0.1764705882352941	0.7647058823529411
other	0.5263157894736842	0.2631578947368421
low_clip_control	0.5789473684210527	0.3684210526315789
other	0.625	0.3125
other	0.3181818181818182	0.6363636363636364
low_clip_control	0.0	0.0
low_clip_control	0.5	0.5
low_clip_control	0.875	0.125
low_clip_control	0.4358974358974359	0.5641025641025641
low_clip_control	0.6153846153846154	0.0769230769230769
other	0.875	0.125
low_clip_control	0.9941520467836256	0.0058479532163742
low_clip_control	0.4615384615384615	0.5384615384615384
other	0.3333333333333333	0.3888888888888889
low_clip_control	0.8	0.2
low_clip_control	0.7727272727272727	0.1363636363636363
low_clip_control	0.8571428571428571	0.0
other	0.3902439024390244	0.5853658536585366
other	0.5625	0.4375
low_clip_control	0.8113207547169812	0.1698113207547169
low_clip_control	0.1864406779661017	0.7457627118644068
low_clip_control	0.8888888888888888	0.1111111111111111
low_clip_control	0.4615384615384615	0.3076923076923077
low_clip_control	0.7333333333333333	0.2
other	0.3157894736842105	0.3684210526315789
other	0.2258064516129032	0.7419354838709677
other	0.3333333333333333	0.0
other	0.55	0.15
other	0.3846153846153846	0.6153846153846154
low_clip_control	0.9	0.0
other	1.0	0.0
high_clip_target	0.7307692307692307	0.1538461538461538
other	0.1166666666666666	0.8833333333333333
other	0.5	0.25
low_clip_control	0.1923076923076923	0.6923076923076923
other	0.7	0.3
high_clip_target	0.2142857142857142	0.7142857142857143
other	0.3333333333333333	0.6666666666666666
functional_target	0.2941176470588235	0.6823529411764706
high_clip_target	0.8285714285714286	0.0571428571428571
other	0.68	0.3066666666666666
other	0.65	0.35
low_clip_control	0.5294117647058824	0.4117647058823529
other	0.4444444444444444	0.3333333333333333
functional_target	0.6415094339622641	0.2830188679245283
low_clip_control	0.8333333333333334	0.0
low_clip_control	0.5	0.3888888888888889
low_clip_control	0.90625	0.0
low_clip_control	0.5925925925925926	0.4074074074074074
low_clip_control	0.9230769230769232	0.0384615384615384
low_clip_control	0.1052631578947368	0.3157894736842105
low_clip_control	0.7272727272727273	0.2727272727272727
low_clip_control	0.8181818181818182	0.0
low_clip_control	0.5263157894736842	0.4736842105263157
other	0.6842105263157895	0.2982456140350877
low_clip_control	0.8125	0.125
low_clip_control	0.8571428571428571	0.1428571428571428
low_clip_control	0.1538461538461538	0.6153846153846154
other	0.5	0.4545454545454545
low_clip_control	0.2244897959183673	0.7551020408163265
low_clip_control	0.8125	0.125
low_clip_control	0.75	0.125
other	0.3333333333333333	0.4166666666666667
low_clip_control	0.5652173913043478	0.1304347826086956
low_clip_control	0.2777777777777778	0.2777777777777778
low_clip_control	0.5333333333333333	0.4333333333333333
low_clip_control	0.7647058823529411	0.1764705882352941
low_clip_control	0.8076923076923077	0.1538461538461538
high_clip_target	0.2352941176470588	0.7058823529411765
low_clip_control	0.4	0.0
low_clip_control	0.5121951219512195	0.3902439024390244
low_clip_control	0.9473684210526316	0.0526315789473684
low_clip_control	0.9759036144578314	0.0240963855421686
low_clip_control	0.4166666666666667	0.4166666666666667
low_clip_control	0.7	0.1
low_clip_control	0.56	0.36
other	0.5333333333333333	0.4666666666666667
other	0.3823529411764705	0.4705882352941176
other	0.8666666666666667	0.0
low_clip_control	0.5714285714285714	0.4285714285714285
low_clip_control	0.6296296296296297	0.2962962962962963
other	0.7692307692307693	0.1923076923076923
other	1.0	0.0
other	0.6266666666666667	0.32
other	0.45	0.5
functional_target	0.0439560439560439	0.934065934065934
low_clip_control	0.9565217391304348	0.0289855072463768
low_clip_control	0.6923076923076923	0.2307692307692307
other	0.725	0.25
other	0.9428571428571428	0.0
low_clip_control	0.8235294117647058	0.0588235294117647
other	0.7272727272727273	0.1818181818181818
functional_target	0.2758620689655172	0.7241379310344828
other	0.6071428571428571	0.3928571428571428
other	0.1714285714285714	0.8
other	0.6190476190476191	0.3809523809523809
other	0.3333333333333333	0.6333333333333333
other	0.1724137931034483	0.6896551724137931
low_clip_control	0.2424242424242424	0.7272727272727273
low_clip_control	0.4583333333333333	0.3333333333333333
low_clip_control	0.6	0.3
low_clip_control	0.9411764705882352	0.0588235294117647
low_clip_control	0.2307692307692307	0.6538461538461539
other	0.6153846153846154	0.0769230769230769
low_clip_control	0.4545454545454545	0.4545454545454545
low_clip_control	0.6129032258064516	0.2903225806451613
other	0.8333333333333334	0.0833333333333333
low_clip_control	0.7857142857142857	0.1428571428571428
low_clip_control	0.7272727272727273	0.2424242424242424
low_clip_control	0.7894736842105263	0.0
low_clip_control	0.3902439024390244	0.5609756097560976
other	0.5609756097560976	0.4146341463414634
low_clip_control	0.8888888888888888	0.0
low_clip_control	0.6428571428571429	0.2857142857142857
low_clip_control	0.7111111111111111	0.2
other	0.8378378378378378	0.1351351351351351
low_clip_control	0.7777777777777778	0.1111111111111111
low_clip_control	0.4	0.6
other	1.0	0.0
low_clip_control	0.6	0.35
functional_target	0.9090909090909092	0.0303030303030303
other	0.5384615384615384	0.4358974358974359
other	0.9333333333333332	0.0666666666666666
low_clip_control	0.6274509803921569	0.0588235294117647
high_clip_target	0.3409090909090909	0.5909090909090909
low_clip_control	0.96	0.04
low_clip_control	0.2666666666666666	0.6
low_clip_control	0.1034482758620689	0.896551724137931
other	0.3658536585365853	0.6341463414634146
low_clip_control	0.75	0.05
low_clip_control	0.5	0.5
other	0.6	0.2666666666666666
other	0.7407407407407407	0.2222222222222222
low_clip_control	0.1276595744680851	0.8723404255319149
low_clip_control	0.390625	0.609375
low_clip_control	0.3513513513513513	0.6216216216216216
other	0.8571428571428571	0.1428571428571428
other	0.8	0.1
low_clip_control	0.7272727272727273	0.2727272727272727
other	0.4705882352941176	0.5294117647058824
low_clip_control	0.7142857142857143	0.2142857142857142
low_clip_control	0.2307692307692307	0.4615384615384615
low_clip_control	0.027027027027027	0.945945945945946
low_clip_control	0.6206896551724138	0.1379310344827586
other	0.6857142857142857	0.2571428571428571
low_clip_control	0.4772727272727273	0.4772727272727273
low_clip_control	0.7857142857142857	0.2142857142857142
other	0.6363636363636364	0.3333333333333333
low_clip_control	0.6428571428571429	0.2857142857142857
low_clip_control	0.3548387096774194	0.5483870967741935
other	0.6363636363636364	0.3636363636363636
other	0.5416666666666666	0.4583333333333333
low_clip_control	0.6551724137931034	0.2068965517241379
other	0.9642857142857144	0.0
other	0.4210526315789473	0.3157894736842105
low_clip_control	0.7878787878787878	0.1212121212121212
low_clip_control	0.7058823529411765	0.2941176470588235
low_clip_control	0.6274509803921569	0.3725490196078431
low_clip_control	0.6521739130434783	0.2608695652173913
low_clip_control	0.8823529411764706	0.1176470588235294
low_clip_control	0.8928571428571429	0.0
high_clip_target	0.7567567567567568	0.1891891891891892
low_clip_control	0.25	0.5625
high_clip_target	1.0	0.0
functional_target	0.3076923076923077	0.6923076923076923
other	0.7029702970297029	0.2673267326732673
other	0.421875	0.5625
other	0.6666666666666666	0.3333333333333333
low_clip_control	0.7419354838709677	0.2258064516129032
other	0.625	0.25
low_clip_control	0.5	0.2857142857142857
other	0.8367346938775511	0.0612244897959183
other	0.3888888888888889	0.6111111111111112
low_clip_control	0.2857142857142857	0.6666666666666666
high_clip_target	0.5	0.125
low_clip_control	0.7857142857142857	0.0714285714285714
low_clip_control	0.75	0.1875
low_clip_control	0.8823529411764706	0.1176470588235294
other	0.7083333333333334	0.2916666666666667
low_clip_control	0.2727272727272727	0.6818181818181818
other	0.3	0.6
low_clip_control	0.4	0.6
low_clip_control	0.2432432432432432	0.7297297297297297
low_clip_control	0.6060606060606061	0.2727272727272727
low_clip_control	0.7647058823529411	0.2352941176470588
other	0.9577464788732394	0.0422535211267605
other	0.8378378378378378	0.1351351351351351
other	0.7272727272727273	0.2363636363636363
low_clip_control	0.5555555555555556	0.4444444444444444
other	0.6875	0.3125
other	0.7857142857142857	0.1071428571428571
low_clip_control	0.6842105263157895	0.2105263157894736
other	0.8648648648648649	0.1081081081081081
low_clip_control	0.5161290322580645	0.2903225806451613
functional_target	0.875	0.0833333333333333
low_clip_control	0.7941176470588235	0.1764705882352941
other	0.5	0.3
other	0.8043478260869565	0.108695652173913
low_clip_control	0.9	0.0
low_clip_control	0.375	0.5
other	0.6333333333333333	0.3
low_clip_control	0.4	0.6
low_clip_control	0.4166666666666667	0.4583333333333333
low_clip_control	0.9090909090909092	0.0681818181818181
low_clip_control	0.4827586206896552	0.4827586206896552
other	0.4615384615384615	0.5384615384615384
other	0.238095238095238	0.6666666666666666
other	0.7692307692307693	0.0
low_clip_control	0.1304347826086956	0.8695652173913043
low_clip_control	0.9166666666666666	0.0833333333333333
low_clip_control	0.7755102040816326	0.1020408163265306
low_clip_control	0.7142857142857143	0.1428571428571428
high_clip_target	0.8333333333333334	0.0
low_clip_control	0.3529411764705882	0.5
low_clip_control	0.1666666666666666	0.8333333333333334
other	0.2222222222222222	0.3333333333333333
low_clip_control	0.75	0.25
low_clip_control	0.3333333333333333	0.6
other	0.875	0.0833333333333333
functional_target	0.0909090909090909	0.9090909090909092
other	0.5333333333333333	0.4
other	0.5	0.5
low_clip_control	0.2727272727272727	0.3636363636363636
other	0.2962962962962963	0.6296296296296297
other	0.6595744680851063	0.2765957446808511
other	0.3676470588235294	0.5147058823529411
low_clip_control	0.5833333333333334	0.3333333333333333
high_clip_target	0.8333333333333334	0.1111111111111111
other	0.4444444444444444	0.5277777777777778
other	0.8108108108108109	0.1621621621621621
high_clip_target	0.8561151079136691	0.1151079136690647
other	0.375	0.5
functional_target	0.3428571428571428	0.6571428571428571
functional_target	0.4705882352941176	0.4117647058823529
other	0.2439024390243902	0.7073170731707317
other	0.9310344827586208	0.0689655172413793
high_clip_target	0.25	0.7
other	0.3714285714285714	0.6
low_clip_control	0.75	0.2142857142857142
other	0.2727272727272727	0.6818181818181818
functional_target	0.8313253012048193	0.108433734939759
high_clip_target	0.4833333333333333	0.4666666666666667
high_clip_target	0.3333333333333333	0.6133333333333333
other	0.6521739130434783	0.3478260869565217
high_clip_target	0.9310344827586208	0.0
low_clip_control	0.975	0.0
other	0.8571428571428571	0.0476190476190476
other	0.6206896551724138	0.3448275862068966
other	0.9714285714285714	0.0285714285714285
high_clip_target	0.3064516129032258	0.6290322580645161
low_clip_control	0.7424242424242424	0.1212121212121212
low_clip_control	0.8	0.16
other	0.8020833333333334	0.1979166666666666
other	0.8461538461538461	0.0769230769230769
high_clip_target	0.1489361702127659	0.851063829787234
high_clip_target	0.9514563106796116	0.029126213592233
high_clip_target	0.4523809523809524	0.5238095238095238
other	0.5405405405405406	0.4054054054054054
other	0.5789473684210527	0.3684210526315789
other	0.5789473684210527	0.2631578947368421
other	0.5405405405405406	0.4054054054054054
other	0.4814814814814814	0.4814814814814814
other	0.5185185185185185	0.3333333333333333
high_clip_target	0.7741935483870968	0.1935483870967742
other	0.7142857142857143	0.1904761904761904
low_clip_control	0.5428571428571428	0.4571428571428571
low_clip_control	0.2745098039215686	0.6666666666666666
other	0.2857142857142857	0.7142857142857143
other	0.918918918918919	0.054054054054054
low_clip_control	0.8	0.2
other	0.2272727272727272	0.6818181818181818
low_clip_control	0.696969696969697	0.2121212121212121
other	0.7368421052631579	0.1578947368421052
functional_target	0.5625	0.25
other	0.5357142857142857	0.4285714285714285
other	0.6285714285714286	0.3142857142857143
low_clip_control	0.6865671641791045	0.1641791044776119
low_clip_control	0.8333333333333334	0.0555555555555555
low_clip_control	0.9090909090909092	0.0
low_clip_control	0.9090909090909092	0.0606060606060606
other	0.8297872340425532	0.1489361702127659
low_clip_control	0.5641025641025641	0.358974358974359
other	1.0	0.0
low_clip_control	0.84	0.14
low_clip_control	0.4444444444444444	0.5
low_clip_control	0.7692307692307693	0.1538461538461538
other	0.7407407407407407	0.2592592592592592
other	0.90625	0.0625
low_clip_control	0.625	0.1666666666666666
other	0.054054054054054	0.8108108108108109
other	0.3	0.55
other	0.6153846153846154	0.3461538461538461
low_clip_control	0.6666666666666666	0.2222222222222222
high_clip_target	0.6666666666666666	0.3333333333333333
other	0.7446808510638298	0.2340425531914893
high_clip_target	0.65	0.35
other	0.631578947368421	0.3684210526315789
other	0.8571428571428571	0.1428571428571428
low_clip_control	0.7692307692307693	0.2051282051282051
other	0.55	0.35
other	0.88	0.12
other	0.7441860465116279	0.2325581395348837
high_clip_target	0.5714285714285714	0.4285714285714285
low_clip_control	0.94	0.04
other	0.5454545454545454	0.2727272727272727
other	0.1184210526315789	0.8421052631578947
low_clip_control	0.85	0.05
other	0.4411764705882353	0.5294117647058824
other	0.59375	0.40625
other	0.3214285714285714	0.6785714285714286
other	0.3859649122807017	0.5789473684210527
low_clip_control	0.2333333333333333	0.7333333333333333
low_clip_control	0.6666666666666666	0.2857142857142857
low_clip_control	0.6857142857142857	0.3142857142857143
low_clip_control	0.1666666666666666	0.2777777777777778
other	0.25	0.5
other	0.9108910891089108	0.0891089108910891
low_clip_control	0.9090909090909092	0.0519480519480519
low_clip_control	0.9166666666666666	0.0
low_clip_control	0.625	0.375
other	0.725	0.275
other	0.0526315789473684	0.8421052631578947
other	0.4615384615384615	0.0769230769230769
other	0.5454545454545454	0.4090909090909091
other	0.8571428571428571	0.1428571428571428
low_clip_control	0.6029411764705882	0.3529411764705882
other	0.2857142857142857	0.6530612244897959
high_clip_target	0.5774647887323944	0.4084507042253521
low_clip_control	0.5	0.2857142857142857
high_clip_target	0.6	0.4
other	0.875	0.125
functional_target	0.375	0.5
low_clip_control	0.8461538461538461	0.1538461538461538
low_clip_control	0.75	0.1944444444444444
other	0.4117647058823529	0.5294117647058824
other	0.7403846153846154	0.2019230769230769
other	0.3061224489795918	0.5306122448979592
low_clip_control	0.5714285714285714	0.2142857142857142
other	0.4047619047619047	0.5714285714285714
functional_target	0.6551724137931034	0.3103448275862069
other	0.25	0.625
low_clip_control	0.3478260869565217	0.5434782608695652
functional_target	0.4578313253012048	0.3253012048192771
high_clip_target	0.9178082191780822	0.0684931506849315
other	0.3846153846153846	0.4615384615384615
low_clip_control	0.5168539325842697	0.4606741573033708
other	0.7096774193548387	0.1935483870967742
other	0.3870967741935484	0.6129032258064516
low_clip_control	0.5	0.5
other	0.3235294117647059	0.6764705882352942
other	0.7222222222222222	0.25
low_clip_control	0.4528301886792453	0.490566037735849
low_clip_control	0.7037037037037037	0.2222222222222222
other	0.875	0.125
low_clip_control	0.64	0.2
other	0.8	0.15
low_clip_control	0.8333333333333334	0.0
other	0.9565217391304348	0.0434782608695652
functional_target	0.4230769230769231	0.5384615384615384
other	0.9894736842105264	0.0
other	0.3	0.65
high_clip_target	0.4666666666666667	0.2
functional_target	0.6363636363636364	0.3636363636363636
other	0.6363636363636364	0.3181818181818182
functional_target	0.5384615384615384	0.4358974358974359
other	0.7142857142857143	0.0
high_clip_target	0.85	0.05
low_clip_control	0.8863636363636364	0.0909090909090909
low_clip_control	0.2916666666666667	0.5833333333333334
low_clip_control	0.6052631578947368	0.3947368421052631
other	0.4615384615384615	0.5128205128205128
other	0.5909090909090909	0.1818181818181818
high_clip_target	0.75	0.1666666666666666
other	0.2162162162162162	0.7297297297297297
low_clip_control	0.3333333333333333	0.5370370370370371
other	0.8382352941176471	0.1323529411764706
low_clip_control	0.8076923076923077	0.1153846153846153
other	0.5625	0.4166666666666667
low_clip_control	0.1785714285714285	0.7857142857142857
low_clip_control	0.6923076923076923	0.2692307692307692
other	0.6153846153846154	0.1794871794871795
low_clip_control	0.7608695652173914	0.217391304347826
low_clip_control	0.8113207547169812	0.1509433962264151
low_clip_control	0.6590909090909091	0.3181818181818182
other	0.52	0.44
high_clip_target	0.74	0.24
low_clip_control	0.09375	0.84375
low_clip_control	0.8823529411764706	0.0588235294117647
low_clip_control	0.6666666666666666	0.2777777777777778
other	0.5833333333333334	0.2083333333333333
other	0.0625	0.8125
functional_target	0.2105263157894736	0.7368421052631579
low_clip_control	0.5	0.4230769230769231
low_clip_control	0.7083333333333334	0.25
other	0.7	0.1666666666666666
low_clip_control	0.8571428571428571	0.1428571428571428
other	0.4444444444444444	0.5555555555555556
other	0.7	0.3
functional_target	0.5789473684210527	0.3157894736842105
low_clip_control	0.7428571428571429	0.1714285714285714
low_clip_control	1.0	0.0
other	0.8048780487804879	0.1951219512195122
low_clip_control	0.7647058823529411	0.1764705882352941
low_clip_control	0.574468085106383	0.3191489361702128
other	0.6086956521739131	0.3333333333333333
other	0.1666666666666666	0.6666666666666666
other	0.8421052631578947	0.1052631578947368
low_clip_control	0.5	0.4375
low_clip_control	0.6111111111111112	0.2222222222222222
other	0.6666666666666666	0.3
low_clip_control	0.5555555555555556	0.4444444444444444
other	0.72	0.16
low_clip_control	0.6842105263157895	0.2105263157894736
other	0.1363636363636363	0.5454545454545454
functional_target	0.5294117647058824	0.4705882352941176
low_clip_control	0.8064516129032258	0.1612903225806451
low_clip_control	0.1777777777777777	0.8222222222222222
low_clip_control	0.7894736842105263	0.0526315789473684
other	0.6363636363636364	0.2272727272727272
low_clip_control	0.7037037037037037	0.2592592592592592
low_clip_control	0.8571428571428571	0.0
low_clip_control	0.5714285714285714	0.2857142857142857
low_clip_control	0.5714285714285714	0.0
functional_target	0.6842105263157895	0.2105263157894736
other	0.4848484848484848	0.303030303030303
low_clip_control	0.4285714285714285	0.5
low_clip_control	0.282051282051282	0.6923076923076923
low_clip_control	0.6153846153846154	0.3076923076923077
other	0.6666666666666666	0.2666666666666666
other	0.5454545454545454	0.3636363636363636
low_clip_control	0.6923076923076923	0.2307692307692307
low_clip_control	0.7083333333333334	0.25
other	0.7676767676767676	0.2323232323232323
other	0.4545454545454545	0.5151515151515151
low_clip_control	0.4666666666666667	0.5333333333333333
low_clip_control	0.5	0.5
low_clip_control	0.5714285714285714	0.2857142857142857
other	0.7083333333333334	0.2916666666666667
low_clip_control	0.8333333333333334	0.0833333333333333
low_clip_control	1.0	0.0
low_clip_control	0.6923076923076923	0.0769230769230769
low_clip_control	0.2692307692307692	0.6538461538461539
low_clip_control	0.8888888888888888	0.1111111111111111
low_clip_control	0.8	0.2
other	0.9	0.1
low_clip_control	0.1219512195121951	0.8780487804878049
low_clip_control	0.9285714285714286	0.0
low_clip_control	0.1578947368421052	0.7368421052631579
low_clip_control	0.6	0.3818181818181818
other	0.5333333333333333	0.3333333333333333
high_clip_target	0.3939393939393939	0.5454545454545454
low_clip_control	0.6756756756756757	0.1081081081081081
other	0.5454545454545454	0.4545454545454545
low_clip_control	0.9285714285714286	0.0
low_clip_control	0.84	0.16
low_clip_control	0.9629629629629628	0.037037037037037
low_clip_control	0.8214285714285714	0.0714285714285714
functional_target	0.7777777777777778	0.0888888888888888
low_clip_control	0.8571428571428571	0.1428571428571428
other	0.5	0.25
other	0.0714285714285714	0.7857142857142857
low_clip_control	0.75	0.25
low_clip_control	0.6363636363636364	0.3636363636363636
other	0.75	0.0833333333333333
low_clip_control	0.7096774193548387	0.2580645161290322
low_clip_control	0.6	0.2
low_clip_control	0.6153846153846154	0.3076923076923077
low_clip_control	0.4130434782608695	0.5652173913043478
low_clip_control	0.6666666666666666	0.0555555555555555
other	0.1071428571428571	0.7857142857142857
other	0.8780487804878049	0.048780487804878
low_clip_control	0.6944444444444444	0.2777777777777778
low_clip_control	0.9615384615384616	0.0
low_clip_control	0.5	0.5
other	1.0	0.0
low_clip_control	0.5	0.2
other	0.2692307692307692	0.5
low_clip_control	0.4666666666666667	0.4
low_clip_control	0.4210526315789473	0.4736842105263157
low_clip_control	0.3333333333333333	0.0555555555555555
low_clip_control	0.7368421052631579	0.1578947368421052
other	0.4523809523809524	0.5238095238095238
other	0.45	0.5
high_clip_target	0.36	0.64
low_clip_control	0.75	0.0
low_clip_control	0.2549019607843137	0.7450980392156863
other	0.75	0.1785714285714285
low_clip_control	0.2972972972972973	0.6486486486486487
low_clip_control	0.3333333333333333	0.5714285714285714
other	0.7096774193548387	0.1935483870967742
low_clip_control	0.7142857142857143	0.2857142857142857
other	0.6666666666666666	0.2083333333333333
low_clip_control	0.1627906976744186	0.8372093023255814
low_clip_control	0.8484848484848485	0.1515151515151515
low_clip_control	0.5853658536585366	0.3658536585365853
other	0.4166666666666667	0.4583333333333333
other	0.21875	0.6875
low_clip_control	0.5333333333333333	0.4666666666666667
low_clip_control	0.1538461538461538	0.7692307692307693
low_clip_control	0.4814814814814814	0.4074074074074074
other	0.8695652173913043	0.0434782608695652
other	0.875	0.0833333333333333
low_clip_control	0.7857142857142857	0.2142857142857142
other	0.2631578947368421	0.6842105263157895
other	0.3	0.7
other	0.0416666666666666	0.875
other	0.9655172413793104	0.0
low_clip_control	0.8888888888888888	0.0555555555555555
low_clip_control	0.5714285714285714	0.4285714285714285
low_clip_control	0.5686274509803921	0.392156862745098
other	0.6571428571428571	0.3428571428571428
low_clip_control	0.391304347826087	0.5652173913043478
low_clip_control	0.4705882352941176	0.4117647058823529
other	0.4482758620689655	0.4482758620689655
other	0.8421052631578947	0.131578947368421
low_clip_control	0.8064516129032258	0.1290322580645161
other	0.75	0.125
low_clip_control	0.3703703703703703	0.5925925925925926
other	0.6060606060606061	0.303030303030303
other	0.7333333333333333	0.2333333333333333
low_clip_control	0.3611111111111111	0.6111111111111112
low_clip_control	0.4642857142857143	0.5357142857142857
low_clip_control	0.4375	0.5625
functional_target	0.5263157894736842	0.4736842105263157
high_clip_target	0.5370370370370371	0.3703703703703703
other	0.6363636363636364	0.3636363636363636
other	0.7931034482758621	0.2068965517241379
high_clip_target	0.8125	0.1666666666666666
other	0.88	0.08
high_clip_target	0.36	0.48
other	0.1333333333333333	0.8133333333333334
low_clip_control	0.631578947368421	0.3157894736842105
other	0.2222222222222222	0.7222222222222222
other	0.2702702702702703	0.6216216216216216
functional_target	0.1176470588235294	0.8235294117647058
low_clip_control	0.3673469387755102	0.5714285714285714
other	0.7777777777777778	0.2222222222222222
other	0.7105263157894737	0.1052631578947368
low_clip_control	0.4761904761904761	0.5238095238095238
low_clip_control	0.7777777777777778	0.1666666666666666
low_clip_control	0.131578947368421	0.7894736842105263
other	0.72	0.24
low_clip_control	0.5294117647058824	0.4117647058823529
low_clip_control	0.7222222222222222	0.2777777777777778
other	0.3684210526315789	0.6052631578947368
high_clip_target	0.5319148936170213	0.3829787234042553
other	0.75	0.25
low_clip_control	0.5862068965517241	0.4137931034482758
other	0.5555555555555556	0.2592592592592592
other	0.4	0.6
other	0.5208333333333334	0.4375
other	0.7142857142857143	0.2857142857142857
other	0.375	0.625
high_clip_target	0.9444444444444444	0.0555555555555555
other	0.8461538461538461	0.1538461538461538
low_clip_control	0.3823529411764705	0.5
other	0.2340425531914893	0.7021276595744681
high_clip_target	0.2608695652173913	0.6956521739130435
other	0.3888888888888889	0.5555555555555556
other	0.2	0.75
other	0.3548387096774194	0.6451612903225806
other	0.7407407407407407	0.1111111111111111
low_clip_control	0.75	0.0
low_clip_control	0.5333333333333333	0.3
low_clip_control	0.4444444444444444	0.1666666666666666
other	0.8372093023255814	0.1395348837209302
functional_target	0.4285714285714285	0.5357142857142857
low_clip_control	0.9523809523809524	0.0476190476190476
other	0.3265306122448979	0.673469387755102
other	0.6060606060606061	0.3939393939393939
low_clip_control	0.037037037037037	0.8148148148148148
other	0.2545454545454545	0.6909090909090909
other	0.4444444444444444	0.4444444444444444
other	0.4146341463414634	0.5121951219512195
low_clip_control	0.8888888888888888	0.0555555555555555
low_clip_control	0.8333333333333334	0.1388888888888889
high_clip_target	0.8461538461538461	0.1538461538461538
low_clip_control	0.16	0.8
low_clip_control	0.6071428571428571	0.3214285714285714
low_clip_control	0.53125	0.4375
low_clip_control	0.7419354838709677	0.1935483870967742
other	0.4615384615384615	0.3846153846153846
low_clip_control	0.238095238095238	0.4761904761904761
low_clip_control	0.7272727272727273	0.2727272727272727
low_clip_control	0.4117647058823529	0.5294117647058824
high_clip_target	0.1931818181818181	0.75
low_clip_control	0.8850574712643678	0.0804597701149425
other	0.9285714285714286	0.0
other	0.5	0.4666666666666667
low_clip_control	0.5789473684210527	0.3947368421052631
low_clip_control	1.0	0.0
low_clip_control	0.6296296296296297	0.3333333333333333
low_clip_control	0.2592592592592592	0.6296296296296297
other	0.6956521739130435	0.0869565217391304
other	0.9733333333333334	0.0266666666666666
other	0.6956521739130435	0.2608695652173913
low_clip_control	0.5909090909090909	0.4090909090909091
low_clip_control	0.8478260869565217	0.1521739130434782
other	1.0	0.0
low_clip_control	0.7450980392156863	0.1568627450980392
other	0.6724137931034483	0.3103448275862069
other	0.5681818181818182	0.3636363636363636
other	0.44	0.5
other	0.8181818181818182	0.1363636363636363
high_clip_target	0.96	0.0
other	0.7209302325581395	0.2093023255813953
other	0.6111111111111112	0.2777777777777778
low_clip_control	0.625	0.25
other	0.3157894736842105	0.631578947368421
other	0.3333333333333333	0.5833333333333334
low_clip_control	0.5714285714285714	0.2142857142857142
low_clip_control	0.6774193548387096	0.2903225806451613
other	0.4705882352941176	0.2941176470588235
high_clip_target	0.5	0.5
high_clip_target	0.62	0.37
low_clip_control	0.926829268292683	0.073170731707317
other	0.8	0.1777777777777777
other	0.0909090909090909	0.9090909090909092
functional_target	0.5	0.45
other	0.9	0.1
low_clip_control	0.9375	0.0625
low_clip_control	0.7543859649122807	0.2456140350877192
low_clip_control	0.5	0.5
low_clip_control	0.55	0.45
low_clip_control	0.5405405405405406	0.3513513513513513
low_clip_control	0.5	0.5
other	0.4027777777777778	0.5694444444444444
low_clip_control	0.6	0.2
other	0.625	0.125
other	0.6481481481481481	0.3518518518518518
low_clip_control	0.8333333333333334	0.125
low_clip_control	0.7297297297297297	0.1891891891891892
low_clip_control	0.5882352941176471	0.4117647058823529
low_clip_control	0.5	0.3
other	0.7647058823529411	0.1764705882352941
other	0.8333333333333334	0.0833333333333333
other	0.217391304347826	0.782608695652174
low_clip_control	0.5833333333333334	0.375
other	0.4761904761904761	0.2857142857142857
low_clip_control	0.7857142857142857	0.2142857142857142
other	0.48	0.44
other	0.15	0.8
low_clip_control	0.7368421052631579	0.1578947368421052
low_clip_control	0.8260869565217391	0.1739130434782608
high_clip_target	0.8666666666666667	0.0
low_clip_control	0.7096774193548387	0.1290322580645161
functional_target	0.7894736842105263	0.2105263157894736
low_clip_control	0.875	0.0833333333333333
other	0.5555555555555556	0.4444444444444444
functional_target	0.125	0.7916666666666666
low_clip_control	0.2765957446808511	0.574468085106383
other	0.6	0.0
low_clip_control	0.4444444444444444	0.4444444444444444
other	0.3125	0.4375
functional_target	0.2	0.7333333333333333
functional_target	0.6428571428571429	0.3392857142857143
other	0.8947368421052632	0.0526315789473684
low_clip_control	0.4285714285714285	0.4285714285714285
low_clip_control	0.75	0.125
other	0.1851851851851851	0.7777777777777778
low_clip_control	0.75	0.2083333333333333
low_clip_control	0.56	0.4
low_clip_control	0.4615384615384615	0.5384615384615384
other	0.9428571428571428	0.0571428571428571
low_clip_control	1.0	0.0
other	0.7878787878787878	0.1212121212121212
low_clip_control	0.3529411764705882	0.0588235294117647
other	0.95	0.0
other	0.3225806451612903	0.5806451612903226
functional_target	0.6296296296296297	0.3703703703703703
other	0.3125	0.625
low_clip_control	0.5625	0.375
low_clip_control	0.85	0.05
functional_target	0.8	0.2
other	0.2	0.7454545454545455
other	0.4545454545454545	0.3863636363636363
low_clip_control	0.4285714285714285	0.5
low_clip_control	0.1111111111111111	0.7777777777777778
low_clip_control	0.5	0.5
other	0.6222222222222222	0.2222222222222222
low_clip_control	0.9347826086956522	0.0652173913043478
low_clip_control	0.7	0.25
other	0.4	0.5
low_clip_control	0.88	0.12
low_clip_control	0.4615384615384615	0.4615384615384615
low_clip_control	0.325	0.65
other	0.3846153846153846	0.5897435897435898
other	0.5662650602409639	0.4096385542168674
other	1.0	0.0
other	1.0	0.0
other	0.2424242424242424	0.696969696969697
functional_target	0.4545454545454545	0.4545454545454545
other	0.5652173913043478	0.4347826086956521
low_clip_control	0.5882352941176471	0.4117647058823529
other	0.6153846153846154	0.0769230769230769
low_clip_control	0.7083333333333334	0.2916666666666667
high_clip_target	0.4871794871794871	0.4358974358974359
functional_target	0.9393939393939394	0.0303030303030303
other	0.3164556962025316	0.6075949367088608
other	0.4	0.3
other	0.75	0.25
other	0.125	0.8333333333333334
low_clip_control	0.7272727272727273	0.2424242424242424
low_clip_control	0.5	0.5
high_clip_target	0.7333333333333333	0.2666666666666666
other	0.2285714285714285	0.7428571428571429
other	0.9375	0.0625
other	0.875	0.125
low_clip_control	0.6521739130434783	0.3260869565217391
other	0.9166666666666666	0.0833333333333333
other	0.4705882352941176	0.4411764705882353
low_clip_control	0.8947368421052632	0.1052631578947368
other	0.1388888888888889	0.5
other	0.4411764705882353	0.5
low_clip_control	0.52	0.38
low_clip_control	0.6666666666666666	0.3333333333333333
low_clip_control	0.7254901960784313	0.2156862745098039
low_clip_control	0.7674418604651163	0.0
other	0.7121212121212122	0.2727272727272727
other	0.4242424242424242	0.0909090909090909
other	0.8	0.05
low_clip_control	0.5	0.2
other	0.25	0.5
other	0.4117647058823529	0.5294117647058824
other	0.5882352941176471	0.2941176470588235
low_clip_control	0.8055555555555556	0.0555555555555555
low_clip_control	0.25	0.4642857142857143
other	0.5806451612903226	0.3870967741935484
low_clip_control	0.391304347826087	0.6086956521739131
low_clip_control	0.36	0.56
low_clip_control	0.6	0.35
low_clip_control	0.282051282051282	0.717948717948718
low_clip_control	0.5	0.5
other	0.2	0.76
low_clip_control	0.5	0.4375
other	0.4166666666666667	0.5833333333333334
low_clip_control	0.7634408602150538	0.2258064516129032
low_clip_control	1.0	0.0
low_clip_control	0.6111111111111112	0.3888888888888889
low_clip_control	0.5454545454545454	0.3939393939393939
other	0.918918918918919	0.054054054054054
other	0.660377358490566	0.3396226415094339
other	0.5384615384615384	0.4230769230769231
other	0.7647058823529411	0.1764705882352941
other	0.2857142857142857	0.7142857142857143
low_clip_control	0.375	0.625
other	0.3043478260869565	0.6956521739130435
other	0.8214285714285714	0.0357142857142857
other	0.9375	0.0625
low_clip_control	0.5	0.5
other	0.8125	0.1875
other	1.0	0.0
functional_target	0.3157894736842105	0.631578947368421
low_clip_control	0.75	0.2
low_clip_control	0.1923076923076923	0.7692307692307693
other	0.2857142857142857	0.6428571428571429
other	0.7368421052631579	0.1052631578947368
functional_target	0.6382978723404256	0.3617021276595745
other	0.8888888888888888	0.0444444444444444
low_clip_control	0.9382716049382716	0.037037037037037
high_clip_target	0.36	0.64
other	0.5	0.4090909090909091
low_clip_control	0.2272727272727272	0.2727272727272727
low_clip_control	0.4444444444444444	0.5
low_clip_control	0.8717948717948718	0.0769230769230769
other	0.8548387096774194	0.0161290322580645
low_clip_control	0.7142857142857143	0.0952380952380952
low_clip_control	0.5555555555555556	0.4074074074074074
low_clip_control	0.9523809523809524	0.0476190476190476
low_clip_control	0.3414634146341463	0.6097560975609756
low_clip_control	0.5625	0.375
low_clip_control	0.8695652173913043	0.0434782608695652
other	0.3448275862068966	0.5862068965517241
other	0.4166666666666667	0.5833333333333334
low_clip_control	0.9117647058823528	0.0
low_clip_control	0.3333333333333333	0.5333333333333333
low_clip_control	0.7857142857142857	0.2142857142857142
low_clip_control	0.3125	0.25
low_clip_control	0.8333333333333334	0.1666666666666666
low_clip_control	0.6	0.4
other	0.4929577464788732	0.4225352112676056
other	0.6470588235294118	0.0588235294117647
other	0.4545454545454545	0.4772727272727273
low_clip_control	0.631578947368421	0.2105263157894736
low_clip_control	0.9090909090909092	0.0909090909090909
functional_target	0.6571428571428571	0.2857142857142857
other	0.5714285714285714	0.1428571428571428
low_clip_control	0.6666666666666666	0.3333333333333333
other	0.3170731707317073	0.6341463414634146
low_clip_control	0.375	0.5625
low_clip_control	0.6666666666666666	0.2222222222222222
low_clip_control	0.7674418604651163	0.2325581395348837
other	0.0759493670886076	0.8354430379746836
low_clip_control	0.8571428571428571	0.1428571428571428
other	0.25	0.6875
low_clip_control	0.3888888888888889	0.5555555555555556
low_clip_control	0.7317073170731707	0.2682926829268293
other	0.9230769230769232	0.0
high_clip_target	0.5757575757575758	0.3333333333333333
other	0.7413793103448276	0.1551724137931034
low_clip_control	0.4210526315789473	0.4736842105263157
low_clip_control	0.4166666666666667	0.25
low_clip_control	0.5714285714285714	0.3214285714285714
other	0.4102564102564102	0.5641025641025641
low_clip_control	0.7631578947368421	0.131578947368421
high_clip_target	0.1	0.7
other	0.4210526315789473	0.5
low_clip_control	0.819672131147541	0.180327868852459
other	0.4782608695652174	0.1304347826086956
other	0.4117647058823529	0.5294117647058824
other	0.1111111111111111	0.6666666666666666
other	0.6842105263157895	0.1052631578947368
other	0.9148936170212766	0.0851063829787234
high_clip_target	0.6842105263157895	0.2807017543859649
other	0.9666666666666668	0.0222222222222222
low_clip_control	0.875	0.03125
low_clip_control	0.7222222222222222	0.0
low_clip_control	0.7692307692307693	0.1923076923076923
low_clip_control	0.4074074074074074	0.5555555555555556
high_clip_target	0.9770114942528736	0.0229885057471264
low_clip_control	0.16	0.8
other	0.5217391304347826	0.4782608695652174
low_clip_control	0.8809523809523809	0.0952380952380952
low_clip_control	1.0	0.0
other	0.5652173913043478	0.4347826086956521
other	0.6491228070175439	0.3157894736842105
other	0.4947368421052631	0.4631578947368421
low_clip_control	0.7575757575757576	0.2121212121212121
other	0.1612903225806451	0.7741935483870968
low_clip_control	0.8333333333333334	0.1111111111111111
low_clip_control	0.7368421052631579	0.0
low_clip_control	0.9390243902439024	0.0365853658536585
other	0.8	0.1666666666666666
high_clip_target	0.7857142857142857	0.2142857142857142
other	0.3142857142857143	0.6
functional_target	0.3333333333333333	0.5238095238095238
low_clip_control	0.8625	0.1125
other	0.2727272727272727	0.5909090909090909
low_clip_control	0.4	0.6
low_clip_control	0.125	0.75
low_clip_control	0.3809523809523809	0.4761904761904761
other	0.7307692307692307	0.1923076923076923
other	0.7692307692307693	0.2051282051282051
other	0.5263157894736842	0.3421052631578947
high_clip_target	0.6666666666666666	0.3333333333333333
low_clip_control	0.1509433962264151	0.8301886792452831
low_clip_control	0.6153846153846154	0.3846153846153846
low_clip_control	0.5428571428571428	0.4285714285714285
high_clip_target	0.4814814814814814	0.4444444444444444
other	0.0256410256410256	0.9487179487179488
functional_target	0.3272727272727272	0.6363636363636364
functional_target	0.3939393939393939	0.6060606060606061
low_clip_control	0.6666666666666666	0.2424242424242424
low_clip_control	0.90625	0.03125
low_clip_control	0.3529411764705882	0.0
other	0.7619047619047619	0.1428571428571428
other	0.5454545454545454	0.3636363636363636
other	0.7419354838709677	0.2580645161290322
other	0.3333333333333333	0.5833333333333334
low_clip_control	0.391304347826087	0.5652173913043478
other	0.6666666666666666	0.3333333333333333
other	0.4838709677419355	0.5161290322580645
low_clip_control	0.8333333333333334	0.0
high_clip_target	0.9772727272727272	0.0170454545454545
low_clip_control	0.4339622641509434	0.5094339622641509
other	0.4302325581395348	0.5348837209302325
low_clip_control	0.75	0.0
low_clip_control	0.6923076923076923	0.0
other	0.4444444444444444	0.1111111111111111
other	0.7941176470588235	0.2058823529411764
other	0.7708333333333334	0.2291666666666666
low_clip_control	0.4912280701754385	0.4736842105263157
low_clip_control	0.84	0.12
other	0.75	0.25
low_clip_control	0.6	0.3333333333333333
low_clip_control	0.7380952380952381	0.238095238095238
high_clip_target	0.9117647058823528	0.0735294117647058
low_clip_control	0.8275862068965517	0.1034482758620689
other	0.1940298507462686	0.7761194029850746
other	0.7	0.25
low_clip_control	0.3709677419354839	0.532258064516129
high_clip_target	0.8571428571428571	0.0
low_clip_control	0.8305084745762712	0.0338983050847457
other	0.5714285714285714	0.3809523809523809
low_clip_control	0.3673469387755102	0.5918367346938775
other	0.3877551020408163	0.6122448979591837
low_clip_control	0.5	0.4333333333333333
low_clip_control	0.6923076923076923	0.3076923076923077
high_clip_target	0.1666666666666666	0.6666666666666666
other	0.2105263157894736	0.6842105263157895
other	0.4615384615384615	0.4615384615384615
low_clip_control	0.2258064516129032	0.7419354838709677
low_clip_control	0.7777777777777778	0.1851851851851851
high_clip_target	0.7058823529411765	0.2352941176470588
other	0.2727272727272727	0.6818181818181818
low_clip_control	0.3	0.5333333333333333
other	0.9666666666666668	0.0333333333333333
other	0.7083333333333334	0.2708333333333333
low_clip_control	0.9583333333333334	0.0416666666666666
low_clip_control	0.25	0.6875
functional_target	0.7272727272727273	0.2727272727272727
other	0.2142857142857142	0.7857142857142857
low_clip_control	0.8181818181818182	0.1818181818181818
low_clip_control	0.8076923076923077	0.1923076923076923
low_clip_control	0.8775510204081632	0.1224489795918367
other	0.8970588235294118	0.0735294117647058
other	0.5384615384615384	0.3846153846153846
other	0.8	0.2
low_clip_control	0.935064935064935	0.0649350649350649
low_clip_control	0.8181818181818182	0.1818181818181818
low_clip_control	0.7058823529411765	0.1764705882352941
other	0.4042553191489361	0.5106382978723404
low_clip_control	0.15	0.4
low_clip_control	0.8108108108108109	0.1081081081081081
other	0.6875	0.3125
low_clip_control	0.8478260869565217	0.1304347826086956
low_clip_control	0.8333333333333334	0.0
low_clip_control	0.8421052631578947	0.1578947368421052
other	0.7818181818181819	0.1818181818181818
high_clip_target	0.1652173913043478	0.7913043478260869
low_clip_control	0.5	0.5
low_clip_control	0.7142857142857143	0.0
other	0.5609756097560976	0.3658536585365853
low_clip_control	0.8048780487804879	0.1707317073170731
low_clip_control	0.9473684210526316	0.0263157894736842
low_clip_control	0.8285714285714286	0.1428571428571428
other	0.4193548387096774	0.5806451612903226
other	0.8	0.1333333333333333
high_clip_target	0.1388888888888889	0.8055555555555556
other	0.6470588235294118	0.3137254901960784
low_clip_control	0.75	0.03125
low_clip_control	0.6818181818181818	0.2727272727272727
low_clip_control	1.0	0.0
other	0.9629629629629628	0.037037037037037
high_clip_target	0.5789473684210527	0.1052631578947368
low_clip_control	0.6052631578947368	0.3947368421052631
other	0.7735849056603774	0.2264150943396226
other	0.9466666666666668	0.04
other	0.4761904761904761	0.5238095238095238
low_clip_control	0.2121212121212121	0.7575757575757576
other	0.4146341463414634	0.4634146341463415
low_clip_control	0.12	0.84
other	0.2631578947368421	0.6842105263157895
other	0.6206896551724138	0.3103448275862069
high_clip_target	0.3333333333333333	0.5952380952380952
low_clip_control	0.75	0.1666666666666666
other	0.4	0.6
low_clip_control	1.0	0.0
other	0.45	0.55
low_clip_control	0.9	0.1
low_clip_control	0.6388888888888888	0.0833333333333333
other	0.4722222222222222	0.0277777777777777
other	0.7719298245614035	0.1929824561403508
other	0.5370370370370371	0.4444444444444444
other	0.25	0.7211538461538461
low_clip_control	0.9117647058823528	0.0
other	0.5675675675675675	0.081081081081081
low_clip_control	0.8	0.0
other	0.2272727272727272	0.1818181818181818
low_clip_control	0.5116279069767442	0.3953488372093023
other	0.7678571428571429	0.1785714285714285
other	0.65	0.35
other	0.5185185185185185	0.4444444444444444
other	0.46	0.5
low_clip_control	0.4411764705882353	0.3823529411764705
low_clip_control	0.8085106382978723	0.1914893617021276
low_clip_control	0.875	0.125
other	0.3888888888888889	0.4444444444444444
other	0.9333333333333332	0.05
other	0.3333333333333333	0.3333333333333333
low_clip_control	0.1935483870967742	0.7741935483870968
low_clip_control	0.5	0.45
other	0.3846153846153846	0.5897435897435898
other	0.1666666666666666	0.6818181818181818
low_clip_control	0.625	0.25
other	0.620253164556962	0.3670886075949367
other	0.3684210526315789	0.4736842105263157
low_clip_control	0.5581395348837209	0.3953488372093023
low_clip_control	0.2413793103448276	0.1724137931034483
other	0.8181818181818182	0.0909090909090909
low_clip_control	0.8571428571428571	0.1168831168831168
low_clip_control	0.5952380952380952	0.4047619047619047
other	0.4583333333333333	0.4583333333333333
low_clip_control	0.625	0.375
other	0.4078947368421052	0.5921052631578947
low_clip_control	0.2222222222222222	0.7222222222222222
other	0.5666666666666667	0.4
low_clip_control	0.8181818181818182	0.1590909090909091
functional_target	0.5384615384615384	0.4230769230769231
other	0.4666666666666667	0.5111111111111111
other	0.6666666666666666	0.2962962962962963
low_clip_control	0.8214285714285714	0.0892857142857142
other	0.3571428571428571	0.625
low_clip_control	0.7857142857142857	0.1428571428571428
high_clip_target	0.8181818181818182	0.0
other	0.2222222222222222	0.75
other	0.6956521739130435	0.217391304347826
low_clip_control	0.28125	0.65625
low_clip_control	0.7575757575757576	0.1818181818181818
low_clip_control	0.282051282051282	0.717948717948718
low_clip_control	0.7368421052631579	0.2105263157894736
other	0.9097744360902256	0.0902255639097744
low_clip_control	0.52	0.44
low_clip_control	0.8461538461538461	0.1025641025641025
high_clip_target	0.3015873015873015	0.6825396825396826
low_clip_control	0.037037037037037	0.9629629629629628
low_clip_control	0.2083333333333333	0.625
low_clip_control	0.78125	0.15625
low_clip_control	0.6666666666666666	0.3333333333333333
low_clip_control	0.9318181818181818	0.0227272727272727
low_clip_control	0.9411764705882352	0.0588235294117647
low_clip_control	0.3666666666666666	0.3333333333333333
other	1.0	0.0
other	0.7333333333333333	0.2666666666666666
low_clip_control	0.9473684210526316	0.0526315789473684
low_clip_control	0.4390243902439024	0.5609756097560976
other	0.8703703703703703	0.1111111111111111
other	0.8421052631578947	0.1578947368421052
low_clip_control	0.4423076923076923	0.5576923076923077
low_clip_control	0.7222222222222222	0.1111111111111111
high_clip_target	0.8571428571428571	0.1428571428571428
low_clip_control	0.217391304347826	0.782608695652174
low_clip_control	0.9444444444444444	0.0555555555555555
other	0.9487179487179488	0.0512820512820512
high_clip_target	0.96	0.04
other	0.8571428571428571	0.1428571428571428
other	0.935483870967742	0.0
functional_target	0.5	0.5
low_clip_control	0.6666666666666666	0.0
other	0.7	0.3
low_clip_control	0.6296296296296297	0.0
low_clip_control	0.9947643979057592	0.0
low_clip_control	0.8181818181818182	0.0909090909090909
other	0.3703703703703703	0.6296296296296297
other	0.6785714285714286	0.3214285714285714
low_clip_control	0.7352941176470589	0.1470588235294117
low_clip_control	0.5416666666666666	0.4583333333333333
low_clip_control	0.8333333333333334	0.1111111111111111
other	0.2666666666666666	0.6666666666666666
low_clip_control	0.8863636363636364	0.0909090909090909
other	0.2972972972972973	0.7027027027027027
low_clip_control	0.7	0.3
other	0.6166666666666667	0.3666666666666666
low_clip_control	0.7068965517241379	0.2241379310344827
other	0.7142857142857143	0.2222222222222222
high_clip_target	0.1666666666666666	0.7619047619047619
low_clip_control	0.7619047619047619	0.2222222222222222
low_clip_control	0.8888888888888888	0.0
other	0.5	0.5
low_clip_control	0.6923076923076923	0.1538461538461538
other	0.5833333333333334	0.4166666666666667
low_clip_control	0.16	0.8
low_clip_control	0.7272727272727273	0.0
other	0.3	0.7
high_clip_target	1.0	0.0
low_clip_control	0.5952380952380952	0.4047619047619047
high_clip_target	0.984251968503937	0.0
high_clip_target	0.3333333333333333	0.6
other	0.981132075471698	0.0188679245283018
other	0.6909090909090909	0.2909090909090909
low_clip_control	0.4848484848484848	0.5151515151515151
functional_target	0.4871794871794871	0.5
other	0.8	0.0
high_clip_target	0.375	0.4375
other	0.8235294117647058	0.1764705882352941
low_clip_control	0.6129032258064516	0.2580645161290322
low_clip_control	0.9151515151515152	0.0848484848484848
other	0.9315068493150684	0.0136986301369863
functional_target	0.3043478260869565	0.4782608695652174
low_clip_control	0.2941176470588235	0.4705882352941176
other	0.9565217391304348	0.0
other	0.7794117647058824	0.1911764705882352
low_clip_control	1.0	0.0
low_clip_control	0.9019607843137256	0.0196078431372549
low_clip_control	0.9230769230769232	0.0769230769230769
low_clip_control	0.8431372549019608	0.0588235294117647
other	0.7714285714285715	0.2142857142857142
other	0.475	0.2
low_clip_control	0.5660377358490566	0.3584905660377358
other	0.4210526315789473	0.5789473684210527
other	0.8888888888888888	0.0833333333333333
low_clip_control	0.7391304347826086	0.217391304347826
other	0.4634146341463415	0.2926829268292683
other	1.0	0.0
low_clip_control	0.7792207792207793	0.1818181818181818
low_clip_control	0.5178571428571429	0.3571428571428571
other	0.5217391304347826	0.391304347826087
low_clip_control	0.8	0.1
high_clip_target	0.6818181818181818	0.2272727272727272
other	0.2903225806451613	0.6774193548387096
other	0.144927536231884	0.8260869565217391
other	0.5909090909090909	0.2272727272727272
low_clip_control	0.5625	0.4375
low_clip_control	0.625	0.3333333333333333
other	0.4230769230769231	0.5384615384615384
other	0.7073170731707317	0.2682926829268293
other	0.56	0.36
low_clip_control	0.6086956521739131	0.391304347826087
other	0.9574468085106383	0.0212765957446808
low_clip_control	0.75	0.25
low_clip_control	0.3571428571428571	0.6428571428571429
high_clip_target	0.0967741935483871	0.9032258064516128
low_clip_control	0.7027027027027027	0.2432432432432432
other	0.9102564102564102	0.0512820512820512
low_clip_control	0.8333333333333334	0.1666666666666666
low_clip_control	0.5294117647058824	0.4117647058823529
low_clip_control	0.6333333333333333	0.2333333333333333
low_clip_control	0.59375	0.34375
low_clip_control	0.9523809523809524	0.0
low_clip_control	0.25	0.0625
low_clip_control	0.6458333333333334	0.3333333333333333
low_clip_control	0.4444444444444444	0.5555555555555556
low_clip_control	0.5588235294117647	0.4411764705882353
other	0.1666666666666666	0.5
low_clip_control	0.9393939393939394	0.0303030303030303
low_clip_control	0.9	0.1
low_clip_control	0.2580645161290322	0.6451612903225806
other	0.5135135135135135	0.4864864864864865
low_clip_control	0.9065420560747663	0.0747663551401869
functional_target	0.6206896551724138	0.3448275862068966
low_clip_control	0.1666666666666666	0.2777777777777778
low_clip_control	0.7	0.1666666666666666
other	0.9611650485436892	0.0388349514563106
low_clip_control	0.5	0.5
low_clip_control	0.35	0.65
other	1.0	0.0
high_clip_target	1.0	0.0
low_clip_control	0.5172413793103449	0.4827586206896552
low_clip_control	0.5833333333333334	0.4166666666666667
low_clip_control	0.2142857142857142	0.7142857142857143
other	0.7878787878787878	0.106060606060606
low_clip_control	0.3571428571428571	0.6428571428571429
low_clip_control	0.8181818181818182	0.1818181818181818
other	0.3076923076923077	0.6153846153846154
low_clip_control	0.2307692307692307	0.6923076923076923
low_clip_control	0.5769230769230769	0.1538461538461538
other	0.6911764705882353	0.3088235294117647
other	0.5	0.5
other	0.9705882352941176	0.0
high_clip_target	0.6111111111111112	0.1666666666666666
low_clip_control	1.0	0.0
low_clip_control	1.0	0.0
low_clip_control	0.3809523809523809	0.6190476190476191
other	0.6428571428571429	0.3095238095238095
other	0.7547169811320755	0.2452830188679245
low_clip_control	0.9655172413793104	0.0344827586206896
high_clip_target	0.7654320987654321	0.2345679012345679
low_clip_control	0.3043478260869565	0.5217391304347826
high_clip_target	0.75	0.225
other	0.8714285714285714	0.0714285714285714
low_clip_control	0.6666666666666666	0.0
other	0.48	0.48
high_clip_target	0.2753623188405797	0.6521739130434783
low_clip_control	0.6	0.4
other	0.3939393939393939	0.4848484848484848
other	0.582089552238806	0.3880597014925373
low_clip_control	0.9333333333333332	0.0666666666666666
other	0.7142857142857143	0.0892857142857142
low_clip_control	0.6296296296296297	0.3703703703703703
low_clip_control	0.6666666666666666	0.25
other	0.3095238095238095	0.6904761904761905
other	0.1836734693877551	0.7959183673469388
other	0.2666666666666666	0.6666666666666666
other	0.9365079365079364	0.0317460317460317
low_clip_control	0.6065573770491803	0.3278688524590163
low_clip_control	0.9411764705882352	0.0
other	0.5	0.4210526315789473
low_clip_control	0.375	0.5
low_clip_control	1.0	0.0
other	1.0	0.0
other	0.1470588235294117	0.8529411764705882
other	0.7142857142857143	0.2857142857142857
low_clip_control	0.7878787878787878	0.2121212121212121
low_clip_control	0.8666666666666667	0.1333333333333333
low_clip_control	0.125	0.875
low_clip_control	1.0	0.0
other	0.8539325842696629	0.1235955056179775
other	0.5833333333333334	0.3333333333333333
low_clip_control	0.9629629629629628	0.037037037037037
low_clip_control	0.75	0.15
low_clip_control	0.71875	0.25
other	0.2727272727272727	0.4090909090909091
other	0.1	0.9
low_clip_control	0.8181818181818182	0.1818181818181818
other	0.1111111111111111	0.0
low_clip_control	0.5555555555555556	0.4444444444444444
low_clip_control	0.68	0.28
other	0.7246376811594203	0.2608695652173913
low_clip_control	0.7307692307692307	0.25
functional_target	0.1052631578947368	0.868421052631579
low_clip_control	0.396551724137931	0.5172413793103449
other	0.6046511627906976	0.3953488372093023
low_clip_control	0.7619047619047619	0.119047619047619
low_clip_control	0.3684210526315789	0.5789473684210527
other	0.1785714285714285	0.8214285714285714
high_clip_target	0.8666666666666667	0.1111111111111111
low_clip_control	0.7857142857142857	0.1428571428571428
high_clip_target	1.0	0.0
low_clip_control	0.75	0.15
high_clip_target	0.4594594594594595	0.5405405405405406
other	0.7931034482758621	0.1724137931034483
low_clip_control	0.8333333333333334	0.1666666666666666
low_clip_control	0.6851851851851852	0.2407407407407407
other	0.6	0.1333333333333333
other	0.5263157894736842	0.4736842105263157
other	0.8571428571428571	0.1428571428571428
other	0.9333333333333332	0.0
other	0.8888888888888888	0.0555555555555555
low_clip_control	0.6885245901639344	0.1639344262295081
low_clip_control	0.6304347826086957	0.3260869565217391
high_clip_target	0.3484848484848485	0.6515151515151515
other	0.9375	0.0
other	0.7619047619047619	0.2142857142857142
other	0.75	0.125
other	0.9545454545454546	0.0454545454545454
other	0.7424242424242424	0.2575757575757575
other	0.5172413793103449	0.4482758620689655
low_clip_control	0.6666666666666666	0.3333333333333333
other	1.0	0.0
low_clip_control	0.78125	0.1875
other	0.8382352941176471	0.0294117647058823
other	0.92	0.06
high_clip_target	0.5384615384615384	0.3846153846153846
other	0.8723404255319149	0.1276595744680851
high_clip_target	0.2666666666666666	0.7333333333333333
functional_target	0.2340425531914893	0.6808510638297872
other	0.3	0.45
low_clip_control	0.9047619047619048	0.0952380952380952
low_clip_control	0.7272727272727273	0.1363636363636363
other	0.3095238095238095	0.5952380952380952
other	0.782608695652174	0.217391304347826
other	0.2807017543859649	0.7017543859649122
low_clip_control	0.4375	0.5
other	0.5	0.4333333333333333
low_clip_control	1.0	0.0
functional_target	0.9523809523809524	0.0
other	0.2127659574468085	0.7021276595744681
other	0.7758620689655172	0.1551724137931034
low_clip_control	0.9491525423728814	0.0508474576271186
low_clip_control	0.35	0.65
other	0.5967741935483871	0.3709677419354839
low_clip_control	0.8	0.0571428571428571
low_clip_control	0.1111111111111111	0.8888888888888888
other	0.5714285714285714	0.4285714285714285
low_clip_control	0.5714285714285714	0.4285714285714285
other	0.9655172413793104	0.0344827586206896
low_clip_control	0.64	0.12
low_clip_control	0.6363636363636364	0.1363636363636363
low_clip_control	0.625	0.375
low_clip_control	0.4444444444444444	0.1111111111111111
functional_target	0.819672131147541	0.1475409836065573
low_clip_control	0.8	0.1
other	0.3703703703703703	0.6296296296296297
other	0.8	0.1
low_clip_control	0.8333333333333334	0.1111111111111111
other	0.2142857142857142	0.7857142857142857
functional_target	0.3090909090909091	0.6727272727272727
high_clip_target	0.1186440677966101	0.8813559322033898
low_clip_control	0.7777777777777778	0.1111111111111111
low_clip_control	0.8205128205128205	0.0512820512820512
high_clip_target	0.8780487804878049	0.1219512195121951
low_clip_control	0.6666666666666666	0.0
low_clip_control	0.5714285714285714	0.2142857142857142
other	0.811965811965812	0.1794871794871795
low_clip_control	0.4	0.4
low_clip_control	1.0	0.0
other	0.4848484848484848	0.4242424242424242
low_clip_control	0.5925925925925926	0.4074074074074074
low_clip_control	0.5	0.4375
low_clip_control	0.9166666666666666	0.0
low_clip_control	0.7272727272727273	0.1818181818181818
low_clip_control	0.4375	0.53125
low_clip_control	0.0909090909090909	0.4545454545454545
low_clip_control	0.7142857142857143	0.2142857142857142
low_clip_control	0.5789473684210527	0.2105263157894736
low_clip_control	0.4285714285714285	0.2857142857142857
high_clip_target	0.5909090909090909	0.4
other	0.2647058823529412	0.4705882352941176
high_clip_target	0.8703703703703703	0.1296296296296296
other	0.5925925925925926	0.1851851851851851
other	0.3214285714285714	0.6428571428571429
other	0.4	0.6
low_clip_control	0.6521739130434783	0.217391304347826
other	0.9285714285714286	0.0
low_clip_control	0.625	0.375
other	0.9107142857142856	0.0714285714285714
other	0.0952380952380952	0.8095238095238095
low_clip_control	0.3541666666666667	0.625
low_clip_control	0.1923076923076923	0.8076923076923077
other	0.8857142857142857	0.0857142857142857
other	1.0	0.0
low_clip_control	0.723404255319149	0.2127659574468085
other	0.3181818181818182	0.5454545454545454
low_clip_control	0.0833333333333333	0.5
low_clip_control	0.3333333333333333	0.6666666666666666
low_clip_control	0.8	0.1
low_clip_control	0.9428571428571428	0.0571428571428571
low_clip_control	0.2	0.4
low_clip_control	0.6	0.4
low_clip_control	0.875	0.125
low_clip_control	0.9166666666666666	0.0555555555555555
other	0.6428571428571429	0.2857142857142857
low_clip_control	0.95	0.0
other	0.4545454545454545	0.5151515151515151
low_clip_control	0.2941176470588235	0.3529411764705882
low_clip_control	0.819672131147541	0.081967213114754
low_clip_control	0.75	0.25
low_clip_control	0.5333333333333333	0.4666666666666667
other	0.5223880597014925	0.4626865671641791
low_clip_control	0.238095238095238	0.7142857142857143
low_clip_control	0.8387096774193549	0.1290322580645161
low_clip_control	0.3428571428571428	0.5428571428571428
low_clip_control	0.9545454545454546	0.0
low_clip_control	0.7142857142857143	0.2857142857142857
high_clip_target	0.1568627450980392	0.7843137254901961
low_clip_control	0.64	0.36
low_clip_control	0.9310344827586208	0.0689655172413793
other	0.3333333333333333	0.6666666666666666
functional_target	0.4629629629629629	0.4444444444444444
low_clip_control	0.5757575757575758	0.3939393939393939
low_clip_control	0.3658536585365853	0.4878048780487805
other	1.0	0.0
low_clip_control	0.925925925925926	0.074074074074074
low_clip_control	0.6842105263157895	0.3157894736842105
low_clip_control	0.5263157894736842	0.2105263157894736
other	0.9772727272727272	0.0227272727272727
other	0.4	0.0
low_clip_control	0.9545454545454546	0.0454545454545454
low_clip_control	0.8571428571428571	0.0238095238095238
low_clip_control	0.55	0.45
low_clip_control	0.3673469387755102	0.6326530612244898
other	0.5	0.3888888888888889
low_clip_control	0.88	0.04
other	0.75	0.1666666666666666
low_clip_control	0.4516129032258064	0.5161290322580645
other	0.6176470588235294	0.3676470588235294
low_clip_control	0.2222222222222222	0.6944444444444444
other	0.2272727272727272	0.6818181818181818
functional_target	0.38	0.6
low_clip_control	0.9375	0.0625
other	0.5333333333333333	0.3333333333333333
low_clip_control	0.7291666666666666	0.25
other	0.7111111111111111	0.2444444444444444
high_clip_target	0.9148936170212766	0.0212765957446808
low_clip_control	0.8372093023255814	0.1395348837209302
other	0.4074074074074074	0.5185185185185185
other	0.5128205128205128	0.4358974358974359
high_clip_target	0.2	0.8
low_clip_control	0.5660377358490566	0.4339622641509434
other	0.3018867924528302	0.6415094339622641
other	0.6923076923076923	0.3076923076923077
other	0.5625	0.4375
low_clip_control	0.8767123287671232	0.1232876712328767
other	0.3846153846153846	0.3846153846153846
low_clip_control	0.9444444444444444	0.0555555555555555
other	1.0	0.0
low_clip_control	1.0	0.0
low_clip_control	0.7894736842105263	0.1578947368421052
low_clip_control	0.7142857142857143	0.0
high_clip_target	0.2727272727272727	0.5454545454545454
high_clip_target	0.6153846153846154	0.3076923076923077
low_clip_control	0.9090909090909092	0.0
low_clip_control	0.6363636363636364	0.3181818181818182
low_clip_control	0.78	0.12
functional_target	0.2142857142857142	0.6428571428571429
other	0.6666666666666666	0.1666666666666666
other	0.0909090909090909	0.9090909090909092
other	0.375	0.5416666666666666
low_clip_control	0.8571428571428571	0.0952380952380952
other	0.7272727272727273	0.2727272727272727
other	0.8571428571428571	0.0
other	0.1690140845070422	0.8309859154929577
low_clip_control	0.56	0.4
low_clip_control	0.0	1.0
other	0.3157894736842105	0.4210526315789473
low_clip_control	0.2448979591836734	0.6530612244897959
other	0.8777777777777778	0.1
other	0.8450704225352113	0.1267605633802817
low_clip_control	0.9347826086956522	0.0434782608695652
other	0.1428571428571428	0.4285714285714285
other	0.1875	0.65625
low_clip_control	0.5172413793103449	0.4482758620689655
other	0.5454545454545454	0.0909090909090909
low_clip_control	0.4	0.5333333333333333
high_clip_target	0.9847328244274808	0.015267175572519
other	0.3454545454545454	0.6
low_clip_control	0.6666666666666666	0.2777777777777778
high_clip_target	0.6785714285714286	0.2142857142857142
functional_target	0.7321428571428571	0.2321428571428571
low_clip_control	0.9	0.1
other	0.4210526315789473	0.5263157894736842
low_clip_control	0.4705882352941176	0.4117647058823529
low_clip_control	0.8571428571428571	0.0
other	0.5526315789473685	0.4473684210526316
other	0.575	0.325
other	0.5454545454545454	0.3333333333333333
low_clip_control	0.5384615384615384	0.3076923076923077
low_clip_control	0.5	0.1428571428571428
other	0.28	0.72
low_clip_control	0.5555555555555556	0.4222222222222222
other	0.46875	0.25
low_clip_control	0.8076923076923077	0.1153846153846153
low_clip_control	0.6428571428571429	0.2857142857142857
low_clip_control	0.3076923076923077	0.6923076923076923
other	0.6363636363636364	0.0909090909090909
other	0.4	0.48
low_clip_control	0.7380952380952381	0.238095238095238
low_clip_control	0.4444444444444444	0.5555555555555556
other	0.8245614035087719	0.1228070175438596
low_clip_control	0.875	0.0625
low_clip_control	0.9	0.0333333333333333
other	0.7272727272727273	0.0909090909090909
low_clip_control	0.6071428571428571	0.3214285714285714
low_clip_control	1.0	0.0
other	0.4482758620689655	0.5172413793103449
low_clip_control	0.3157894736842105	0.5263157894736842
high_clip_target	0.2456140350877192	0.6842105263157895
low_clip_control	0.7391304347826086	0.0434782608695652
low_clip_control	1.0	0.0
other	0.5909090909090909	0.4090909090909091
low_clip_control	0.5348837209302325	0.4186046511627907
other	0.5111111111111111	0.4888888888888889
low_clip_control	0.4285714285714285	0.5
low_clip_control	0.8333333333333334	0.1666666666666666
low_clip_control	0.6666666666666666	0.2666666666666666
low_clip_control	0.925925925925926	0.0
other	0.8333333333333334	0.1666666666666666
low_clip_control	0.6896551724137931	0.3103448275862069
low_clip_control	0.3076923076923077	0.6153846153846154
low_clip_control	0.5757575757575758	0.3636363636363636
low_clip_control	0.5641025641025641	0.4358974358974359
high_clip_target	0.1538461538461538	0.7692307692307693
low_clip_control	0.9	0.1
low_clip_control	0.6	0.4
low_clip_control	0.75	0.15
low_clip_control	0.76	0.24
other	0.2	0.8
other	0.1666666666666666	0.8333333333333334
other	0.5714285714285714	0.3809523809523809
other	0.4716981132075472	0.5283018867924528
low_clip_control	0.6428571428571429	0.0714285714285714
other	0.4444444444444444	0.5555555555555556
low_clip_control	0.5238095238095238	0.1428571428571428
low_clip_control	0.6296296296296297	0.3333333333333333
low_clip_control	0.625	0.25
other	0.9107142857142856	0.0714285714285714
low_clip_control	0.6111111111111112	0.3055555555555556
low_clip_control	0.4166666666666667	0.4583333333333333
high_clip_target	0.6492537313432836	0.3507462686567164
low_clip_control	0.5283018867924528	0.4339622641509434
other	0.7837837837837838	0.081081081081081
low_clip_control	0.8	0.2
low_clip_control	0.0	0.0
other	0.6363636363636364	0.0909090909090909
low_clip_control	0.3529411764705882	0.1176470588235294
other	0.3380281690140845	0.6338028169014085
low_clip_control	0.7619047619047619	0.1904761904761904
low_clip_control	0.9655172413793104	0.0
low_clip_control	0.25	0.5
other	0.6666666666666666	0.1666666666666666
low_clip_control	0.8620689655172413	0.1034482758620689
low_clip_control	0.875	0.125
other	0.4285714285714285	0.5357142857142857
low_clip_control	0.9411764705882352	0.0588235294117647
other	0.35	0.3
low_clip_control	0.6153846153846154	0.3076923076923077
low_clip_control	0.782608695652174	0.1956521739130435
low_clip_control	1.0	0.0
functional_target	0.3	0.5
other	0.8082191780821918	0.1506849315068493
other	0.5135135135135135	0.4864864864864865
low_clip_control	0.2413793103448276	0.7241379310344828
other	0.9047619047619048	0.0952380952380952
other	0.8181818181818182	0.1363636363636363
functional_target	0.5294117647058824	0.4117647058823529
other	0.1666666666666666	0.7777777777777778
low_clip_control	0.7391304347826086	0.1304347826086956
low_clip_control	0.3684210526315789	0.5263157894736842
other	0.490566037735849	0.490566037735849
low_clip_control	0.7333333333333333	0.2666666666666666
functional_target	0.2777777777777778	0.7222222222222222
functional_target	0.3703703703703703	0.5925925925925926
functional_target	0.7142857142857143	0.2857142857142857
low_clip_control	0.3181818181818182	0.5909090909090909
other	0.3666666666666666	0.6333333333333333
low_clip_control	0.4285714285714285	0.5714285714285714
low_clip_control	0.2666666666666666	0.5333333333333333
low_clip_control	0.7101449275362319	0.1884057971014492
other	0.6551724137931034	0.3448275862068966
low_clip_control	0.8275862068965517	0.0
other	0.2	0.75
low_clip_control	0.68	0.3
other	0.9166666666666666	0.0833333333333333
functional_target	0.5454545454545454	0.4545454545454545
other	0.9574468085106383	0.0425531914893617
low_clip_control	0.7391304347826086	0.2608695652173913
high_clip_target	0.9565217391304348	0.0434782608695652
other	0.4022988505747126	0.5517241379310345
other	0.3611111111111111	0.4444444444444444
low_clip_control	0.6666666666666666	0.3333333333333333
low_clip_control	0.6363636363636364	0.3636363636363636
low_clip_control	0.4545454545454545	0.5454545454545454
other	0.4893617021276595	0.4893617021276595
other	0.5862068965517241	0.4137931034482758
other	0.8085106382978723	0.1914893617021276
low_clip_control	0.25	0.4166666666666667
low_clip_control	0.8055555555555556	0.0555555555555555
other	0.4117647058823529	0.5882352941176471
other	0.9655172413793104	0.0344827586206896
other	0.4186046511627907	0.5813953488372093
other	0.803030303030303	0.1363636363636363
low_clip_control	0.3333333333333333	0.6666666666666666
other	0.8235294117647058	0.1764705882352941
low_clip_control	0.2083333333333333	0.7916666666666666
low_clip_control	0.759493670886076	0.240506329113924
other	0.5263157894736842	0.3684210526315789
low_clip_control	0.8666666666666667	0.0666666666666666
low_clip_control	0.6190476190476191	0.2619047619047619
low_clip_control	0.8888888888888888	0.0888888888888888
other	0.6274509803921569	0.3725490196078431
low_clip_control	0.5217391304347826	0.1739130434782608
other	0.9047619047619048	0.0476190476190476
other	0.4745762711864407	0.3220338983050847
other	0.3103448275862069	0.5172413793103449
low_clip_control	0.8888888888888888	0.0
other	0.6956521739130435	0.3043478260869565
high_clip_target	0.375	0.578125
low_clip_control	0.6956521739130435	0.0434782608695652
low_clip_control	0.4722222222222222	0.5
low_clip_control	0.3888888888888889	0.5555555555555556
other	0.8627450980392157	0.0784313725490196
low_clip_control	0.7843137254901961	0.0784313725490196
other	1.0	0.0
low_clip_control	0.4705882352941176	0.5294117647058824
low_clip_control	0.6363636363636364	0.0
other	0.1428571428571428	0.8571428571428571
low_clip_control	0.7407407407407407	0.0555555555555555
other	0.4102564102564102	0.5641025641025641
functional_target	0.1521739130434782	0.8260869565217391
other	0.5671641791044776	0.3880597014925373
other	0.9310344827586208	0.0689655172413793
other	0.8695652173913043	0.1304347826086956
other	0.2763157894736842	0.7236842105263158
low_clip_control	0.9333333333333332	0.0444444444444444
low_clip_control	1.0	0.0
other	0.3333333333333333	0.3333333333333333
other	0.625	0.3541666666666667
low_clip_control	0.5	0.5
low_clip_control	0.2307692307692307	0.6923076923076923
low_clip_control	0.8	0.2
functional_target	0.3636363636363636	0.5454545454545454
low_clip_control	0.5517241379310345	0.3793103448275862
low_clip_control	0.7441860465116279	0.2558139534883721
other	0.4444444444444444	0.5185185185185185
other	0.6470588235294118	0.2058823529411764
high_clip_target	0.7222222222222222	0.2777777777777778
low_clip_control	1.0	0.0
low_clip_control	0.6388888888888888	0.3055555555555556
functional_target	0.1029411764705882	0.8970588235294118
other	0.5555555555555556	0.1111111111111111
other	0.875	0.125
low_clip_control	0.6739130434782609	0.1956521739130435
low_clip_control	0.6896551724137931	0.3103448275862069
other	0.875	0.0
other	0.3666666666666666	0.5333333333333333
low_clip_control	0.9375	0.0625
other	0.2666666666666666	0.7
functional_target	0.388235294117647	0.6
low_clip_control	0.896551724137931	0.1034482758620689
low_clip_control	0.5454545454545454	0.2272727272727272
high_clip_target	0.27	0.73
low_clip_control	0.9487179487179488	0.0512820512820512
other	0.9518072289156626	0.0481927710843373
other	0.2631578947368421	0.7368421052631579
low_clip_control	0.875	0.0625
low_clip_control	0.8620689655172413	0.1206896551724138
high_clip_target	0.2564102564102564	0.717948717948718
low_clip_control	1.0	0.0
other	0.2884615384615384	0.6153846153846154
other	0.5	0.5
other	1.0	0.0
other	0.5909090909090909	0.3636363636363636
low_clip_control	0.4	0.2
low_clip_control	0.7631578947368421	0.2105263157894736
other	0.5416666666666666	0.4583333333333333
high_clip_target	0.8857142857142857	0.0714285714285714
functional_target	0.0909090909090909	0.0
functional_target	0.2631578947368421	0.7368421052631579
other	0.64	0.28
other	0.8	0.12
other	0.2105263157894736	0.7293233082706767
low_clip_control	0.3333333333333333	0.3333333333333333
low_clip_control	0.2926829268292683	0.7073170731707317
low_clip_control	0.6785714285714286	0.3214285714285714
other	0.3333333333333333	0.5833333333333334
other	0.5277777777777778	0.4444444444444444
other	0.4117647058823529	0.5588235294117647
other	0.2	0.4666666666666667
high_clip_target	0.0606060606060606	0.8484848484848485
other	0.7941176470588235	0.1764705882352941
low_clip_control	0.8235294117647058	0.1176470588235294
low_clip_control	0.8	0.2
low_clip_control	0.9230769230769232	0.0
low_clip_control	0.5	0.2142857142857142
low_clip_control	0.8035714285714286	0.125
other	0.7142857142857143	0.2857142857142857
low_clip_control	0.6875	0.1875
other	0.2307692307692307	0.7692307692307693
other	0.4583333333333333	0.5416666666666666
low_clip_control	0.5714285714285714	0.4285714285714285
other	0.5531914893617021	0.3191489361702128
low_clip_control	0.5555555555555556	0.3333333333333333
low_clip_control	0.2678571428571428	0.6785714285714286
high_clip_target	0.2	0.8
low_clip_control	0.6	0.2
functional_target	0.7938144329896907	0.1752577319587628
other	0.8260869565217391	0.0869565217391304
other	0.55	0.4
other	0.24	0.68
low_clip_control	0.8372093023255814	0.0697674418604651
low_clip_control	0.8837209302325582	0.0465116279069767
other	0.4285714285714285	0.4761904761904761
other	0.3333333333333333	0.3888888888888889
low_clip_control	0.8571428571428571	0.0
other	0.8059701492537313	0.1343283582089552
low_clip_control	0.625	0.125
low_clip_control	0.8478260869565217	0.0434782608695652
low_clip_control	0.5833333333333334	0.4027777777777778
low_clip_control	1.0	0.0
low_clip_control	0.2631578947368421	0.6842105263157895
low_clip_control	0.3333333333333333	0.5833333333333334
low_clip_control	0.5227272727272727	0.4318181818181818
other	0.8113207547169812	0.1698113207547169
low_clip_control	0.7567567567567568	0.2162162162162162
low_clip_control	0.25	0.6944444444444444
high_clip_target	0.875	0.0625
other	0.4736842105263157	0.4210526315789473
other	0.94	0.06
low_clip_control	0.7727272727272727	0.0909090909090909
low_clip_control	0.4166666666666667	0.5416666666666666
low_clip_control	0.4090909090909091	0.5454545454545454
high_clip_target	0.796875	0.171875
other	0.782608695652174	0.217391304347826
low_clip_control	0.8181818181818182	0.1818181818181818
functional_target	0.6428571428571429	0.2857142857142857
other	0.5757575757575758	0.4242424242424242
low_clip_control	0.6363636363636364	0.3636363636363636
low_clip_control	0.9565217391304348	0.0434782608695652
other	0.575	0.4
low_clip_control	0.8135593220338984	0.1694915254237288
low_clip_control	0.4716981132075472	0.5283018867924528
low_clip_control	1.0	0.0
functional_target	0.627906976744186	0.3255813953488372
low_clip_control	0.8571428571428571	0.0
low_clip_control	0.8478260869565217	0.0434782608695652
other	0.9636363636363636	0.0
other	0.2222222222222222	0.7777777777777778
other	0.4761904761904761	0.3809523809523809
other	0.3333333333333333	0.5897435897435898
other	0.7391304347826086	0.2608695652173913
low_clip_control	0.6	0.2
low_clip_control	0.3255813953488372	0.627906976744186
other	0.7058823529411765	0.2941176470588235
other	0.0	1.0
low_clip_control	0.6111111111111112	0.3333333333333333
low_clip_control	0.1666666666666666	0.6666666666666666
low_clip_control	0.7777777777777778	0.0
low_clip_control	0.2608695652173913	0.6521739130434783
other	0.5909090909090909	0.2727272727272727
low_clip_control	0.9298245614035088	0.0350877192982456
high_clip_target	0.8095238095238095	0.1666666666666666
low_clip_control	0.6111111111111112	0.2777777777777778
other	0.7627118644067796	0.2372881355932203
other	0.5862068965517241	0.4137931034482758
high_clip_target	0.3333333333333333	0.0
other	0.4411764705882353	0.5
other	0.5625	0.421875
other	0.4444444444444444	0.5555555555555556
high_clip_target	0.6046511627906976	0.3953488372093023
low_clip_control	0.2571428571428571	0.7142857142857143
low_clip_control	0.8888888888888888	0.1111111111111111
other	0.903846153846154	0.0769230769230769
other	0.6595744680851063	0.2978723404255319
low_clip_control	0.9069767441860463	0.0232558139534883
other	0.8260869565217391	0.1739130434782608
low_clip_control	0.2	0.2
other	0.5454545454545454	0.4545454545454545
low_clip_control	0.7777777777777778	0.0
low_clip_control	0.6	0.2
low_clip_control	0.4	0.6
low_clip_control	0.6666666666666666	0.0
other	0.8181818181818182	0.1818181818181818
low_clip_control	0.7142857142857143	0.2142857142857142
low_clip_control	0.45	0.15
other	0.7368421052631579	0.2631578947368421
low_clip_control	0.8947368421052632	0.1052631578947368
other	0.5849056603773585	0.3584905660377358
other	0.8571428571428571	0.1428571428571428
low_clip_control	0.9444444444444444	0.0
low_clip_control	0.5740740740740741	0.2592592592592592
other	0.5	0.4545454545454545
low_clip_control	0.8076923076923077	0.1923076923076923
other	0.0625	0.5
other	0.1944444444444444	0.8055555555555556
other	0.6538461538461539	0.2692307692307692
other	0.2619047619047619	0.5
other	0.8125	0.1875
low_clip_control	0.1666666666666666	0.8333333333333334
low_clip_control	0.4	0.4333333333333333
low_clip_control	0.625	0.1875
low_clip_control	0.6818181818181818	0.2954545454545454
low_clip_control	0.8888888888888888	0.0666666666666666
other	0.9523809523809524	0.0
high_clip_target	0.4545454545454545	0.5454545454545454
other	0.972972972972973	0.027027027027027
other	0.2926829268292683	0.6829268292682927
other	0.2647058823529412	0.7058823529411765
low_clip_control	0.6875	0.3125
low_clip_control	0.8064516129032258	0.1612903225806451
low_clip_control	0.5454545454545454	0.0909090909090909
other	0.7796610169491526	0.1694915254237288
low_clip_control	0.8333333333333334	0.0833333333333333
other	0.5588235294117647	0.3529411764705882
low_clip_control	0.2592592592592592	0.7037037037037037
other	0.1724137931034483	0.8275862068965517
low_clip_control	0.8695652173913043	0.0869565217391304
other	0.8823529411764706	0.1176470588235294
other	0.5	0.4090909090909091
low_clip_control	0.6296296296296297	0.3703703703703703
low_clip_control	0.68	0.32
other	0.6538461538461539	0.3461538461538461
low_clip_control	0.4	0.2
low_clip_control	0.6976744186046512	0.2558139534883721
other	0.6875	0.3125
low_clip_control	0.8157894736842105	0.1052631578947368
low_clip_control	0.2045454545454545	0.7954545454545454
low_clip_control	0.775	0.2
low_clip_control	0.2692307692307692	0.6538461538461539
other	0.7252747252747253	0.2417582417582417
low_clip_control	0.725	0.05
low_clip_control	0.9761904761904762	0.0
low_clip_control	0.3333333333333333	0.6666666666666666
low_clip_control	0.2	0.3
functional_target	0.1578947368421052	0.7894736842105263
low_clip_control	0.7857142857142857	0.0714285714285714
other	0.2424242424242424	0.5454545454545454
other	0.5882352941176471	0.2352941176470588
other	0.4736842105263157	0.4210526315789473
other	0.48	0.52
low_clip_control	0.84375	0.0625
high_clip_target	0.2790697674418604	0.6511627906976745
functional_target	0.5	0.4285714285714285
other	0.4666666666666667	0.5333333333333333
low_clip_control	0.1935483870967742	0.8064516129032258
other	0.5882352941176471	0.1764705882352941
low_clip_control	0.6607142857142857	0.3035714285714285
low_clip_control	0.875	0.125
low_clip_control	0.4651162790697674	0.4186046511627907
low_clip_control	0.9	0.0333333333333333
other	0.5806451612903226	0.4193548387096774
other	0.2641509433962264	0.6981132075471698
low_clip_control	0.7407407407407407	0.2222222222222222
other	0.5813953488372093	0.4186046511627907
low_clip_control	0.4444444444444444	0.5185185185185185
low_clip_control	0.8928571428571429	0.0357142857142857
other	0.8214285714285714	0.1785714285714285
other	0.9210526315789472	0.0789473684210526
other	0.5531914893617021	0.3617021276595745
low_clip_control	0.15	0.85
other	0.2222222222222222	0.5555555555555556
high_clip_target	1.0	0.0
low_clip_control	0.6666666666666666	0.3333333333333333
other	0.7142857142857143	0.0952380952380952
other	0.4705882352941176	0.3529411764705882
other	0.2241379310344827	0.7758620689655172
other	0.72	0.28
low_clip_control	0.7419354838709677	0.1290322580645161
other	0.3125	0.5
other	0.9583333333333334	0.0
low_clip_control	0.6	0.2
low_clip_control	0.3809523809523809	0.6190476190476191
low_clip_control	0.625	0.25
other	0.32	0.52
low_clip_control	0.7272727272727273	0.0909090909090909
low_clip_control	0.7	0.3
low_clip_control	0.2222222222222222	0.1111111111111111
low_clip_control	0.8571428571428571	0.1071428571428571
other	0.3275862068965517	0.6293103448275862
other	0.2142857142857142	0.7857142857142857
other	0.578125	0.390625
low_clip_control	0.1904761904761904	0.8095238095238095
other	0.3125	0.65625
low_clip_control	0.9	0.05
high_clip_target	0.3870967741935484	0.5161290322580645
other	0.5454545454545454	0.4545454545454545
other	0.1333333333333333	0.8444444444444444
low_clip_control	0.4142857142857143	0.5571428571428572
other	0.7058823529411765	0.2941176470588235
low_clip_control	0.8846153846153846	0.1153846153846153
low_clip_control	0.5384615384615384	0.3076923076923077
functional_target	1.0	0.0
low_clip_control	0.94	0.06
other	0.5714285714285714	0.4285714285714285
low_clip_control	0.5833333333333334	0.2916666666666667
high_clip_target	0.3548387096774194	0.4838709677419355
other	0.7719298245614035	0.2105263157894736
other	0.1944444444444444	0.6666666666666666
low_clip_control	0.3278688524590163	0.6721311475409836
low_clip_control	0.3333333333333333	0.4666666666666667
other	1.0	0.0
other	0.5714285714285714	0.3928571428571428
low_clip_control	0.65625	0.1875
low_clip_control	0.6296296296296297	0.2777777777777778
high_clip_target	0.2682926829268293	0.7073170731707317
other	0.7894736842105263	0.1052631578947368
low_clip_control	0.7419354838709677	0.2258064516129032
low_clip_control	0.6744186046511628	0.1860465116279069
low_clip_control	0.5753424657534246	0.4246575342465753
low_clip_control	0.96	0.0
other	0.6	0.05
low_clip_control	0.7391304347826086	0.1739130434782608
other	0.7045454545454546	0.25
low_clip_control	0.8823529411764706	0.1176470588235294
other	0.2258064516129032	0.7741935483870968
low_clip_control	0.5	0.0
low_clip_control	0.3461538461538461	0.6538461538461539
other	0.5294117647058824	0.4117647058823529
other	0.3582089552238806	0.6119402985074627
low_clip_control	0.6666666666666666	0.1111111111111111
low_clip_control	1.0	0.0
low_clip_control	0.7333333333333333	0.2
other	0.8275862068965517	0.1379310344827586
low_clip_control	0.3846153846153846	0.5384615384615384
other	0.631578947368421	0.3157894736842105
other	0.6129032258064516	0.3225806451612903
other	1.0	0.0
other	0.5	0.5
functional_target	0.7714285714285715	0.1714285714285714
other	0.65	0.35
high_clip_target	0.5806451612903226	0.4193548387096774
low_clip_control	0.6538461538461539	0.3461538461538461
other	0.4242424242424242	0.5151515151515151
low_clip_control	0.2702702702702703	0.7297297297297297
other	0.782051282051282	0.2051282051282051
functional_target	0.4705882352941176	0.4705882352941176
low_clip_control	0.6164383561643836	0.3561643835616438
high_clip_target	0.9649122807017544	0.0350877192982456
functional_target	0.3695652173913043	0.5869565217391305
low_clip_control	0.7428571428571429	0.2571428571428571
low_clip_control	0.8888888888888888	0.0555555555555555
low_clip_control	0.5454545454545454	0.4545454545454545
other	1.0	0.0
other	0.4827586206896552	0.4137931034482758
low_clip_control	0.6086956521739131	0.3695652173913043
low_clip_control	0.1818181818181818	0.4545454545454545
other	0.4615384615384615	0.5
low_clip_control	0.6428571428571429	0.3571428571428571
high_clip_target	0.6138613861386139	0.3564356435643564
other	0.5869565217391305	0.4130434782608695
other	0.4827586206896552	0.5172413793103449
other	0.9347826086956522	0.0434782608695652
other	0.9230769230769232	0.0439560439560439
low_clip_control	0.125	0.875
high_clip_target	0.5	0.5
other	0.0714285714285714	0.8928571428571429
low_clip_control	0.5909090909090909	0.4090909090909091
other	0.3939393939393939	0.5757575757575758
other	0.9242424242424242	0.0606060606060606
low_clip_control	0.5	0.3888888888888889
other	0.6666666666666666	0.3333333333333333
low_clip_control	0.6	0.4
other	0.2051282051282051	0.6153846153846154
other	0.9836065573770492	0.0163934426229508
high_clip_target	0.9047619047619048	0.0952380952380952
low_clip_control	0.9	0.025
low_clip_control	1.0	0.0
low_clip_control	0.2916666666666667	0.7083333333333334
low_clip_control	0.5555555555555556	0.4444444444444444
low_clip_control	0.3947368421052631	0.5263157894736842
low_clip_control	0.8125	0.0625
other	0.68	0.28
other	0.6666666666666666	0.2666666666666666
other	0.9	0.05
other	0.2916666666666667	0.6666666666666666
low_clip_control	0.625	0.1875
low_clip_control	0.5384615384615384	0.3846153846153846
other	0.2413793103448276	0.5862068965517241
high_clip_target	0.6764705882352942	0.2794117647058823
other	0.88	0.06
low_clip_control	0.6	0.2285714285714285
other	0.8571428571428571	0.1428571428571428
other	0.358974358974359	0.6153846153846154
low_clip_control	0.5384615384615384	0.4358974358974359
other	0.9423076923076924	0.0096153846153846
low_clip_control	0.1	0.2
other	0.2359550561797752	0.7415730337078652
other	0.7083333333333334	0.2916666666666667
other	0.5	0.0625
low_clip_control	0.3076923076923077	0.3846153846153846
low_clip_control	0.5294117647058824	0.4705882352941176
other	0.6153846153846154	0.3076923076923077
low_clip_control	0.9318181818181818	0.0227272727272727
other	0.7647058823529411	0.2058823529411764
other	0.40625	0.59375
low_clip_control	0.4736842105263157	0.3684210526315789
low_clip_control	0.7777777777777778	0.1555555555555555
low_clip_control	0.5581395348837209	0.4186046511627907
low_clip_control	0.5	0.4
other	0.375	0.25
low_clip_control	0.5714285714285714	0.4285714285714285
other	0.868421052631579	0.1052631578947368
other	0.0975609756097561	0.8536585365853658
low_clip_control	0.2777777777777778	0.6666666666666666
other	0.90625	0.0625
other	0.3478260869565217	0.4565217391304347
other	0.647887323943662	0.3380281690140845
low_clip_control	0.21875	0.78125
low_clip_control	0.9375	0.0
other	0.4375	0.4375
low_clip_control	0.2857142857142857	0.5714285714285714
other	0.1111111111111111	0.8888888888888888
low_clip_control	0.3541666666666667	0.5833333333333334
low_clip_control	0.6666666666666666	0.0952380952380952
other	0.4347826086956521	0.5217391304347826
low_clip_control	0.6	0.0
low_clip_control	0.2777777777777778	0.5
low_clip_control	0.7560975609756098	0.1951219512195122
other	0.8181818181818182	0.1818181818181818
low_clip_control	0.7333333333333333	0.1333333333333333
other	0.9464285714285714	0.0
low_clip_control	0.9090909090909092	0.0
other	0.5588235294117647	0.3529411764705882
low_clip_control	0.9767441860465116	0.0232558139534883
low_clip_control	0.8214285714285714	0.1607142857142857
low_clip_control	0.5714285714285714	0.3571428571428571
high_clip_target	0.5925925925925926	0.3703703703703703
low_clip_control	0.6538461538461539	0.3461538461538461
other	0.037037037037037	0.925925925925926
other	0.2941176470588235	0.6470588235294118
other	0.2093023255813953	0.7674418604651163
other	0.8	0.0
other	0.8	0.15
low_clip_control	0.3428571428571428	0.6571428571428571
other	0.7333333333333333	0.1333333333333333
low_clip_control	0.9534883720930232	0.0465116279069767
functional_target	0.5833333333333334	0.25
high_clip_target	0.5945945945945946	0.3783783783783784
other	0.5476190476190477	0.4285714285714285
other	0.5	0.0
high_clip_target	0.9	0.0
low_clip_control	0.6285714285714286	0.3714285714285714
low_clip_control	0.8301886792452831	0.1698113207547169
high_clip_target	0.25	0.5
low_clip_control	0.56	0.44
other	0.4137931034482758	0.5862068965517241
low_clip_control	0.1764705882352941	0.7647058823529411
other	0.0526315789473684	0.9473684210526316
low_clip_control	0.5217391304347826	0.4782608695652174
low_clip_control	0.875	0.0625
high_clip_target	0.5408163265306123	0.4591836734693877
low_clip_control	0.5357142857142857	0.4285714285714285
low_clip_control	0.78125	0.03125
low_clip_control	0.8421052631578947	0.1578947368421052
low_clip_control	0.1818181818181818	0.6363636363636364
other	0.782608695652174	0.1304347826086956
low_clip_control	0.8571428571428571	0.0952380952380952
other	0.8125	0.1666666666666666
low_clip_control	0.6	0.4
low_clip_control	0.7666666666666667	0.1666666666666666
low_clip_control	0.4	0.6
other	0.1875	0.5625
low_clip_control	0.1739130434782608	0.7391304347826086
low_clip_control	0.5172413793103449	0.4137931034482758
low_clip_control	0.9818181818181818	0.0181818181818181
low_clip_control	0.0833333333333333	0.875
low_clip_control	0.5714285714285714	0.2857142857142857
low_clip_control	0.8775510204081632	0.0408163265306122
other	0.3428571428571428	0.6571428571428571
low_clip_control	0.56	0.16
other	0.2580645161290322	0.5806451612903226
other	0.1111111111111111	0.0
low_clip_control	0.5454545454545454	0.4545454545454545
low_clip_control	0.6	0.3857142857142857
other	0.8823529411764706	0.1176470588235294
other	0.1153846153846153	0.8461538461538461
functional_target	0.625	0.25
other	0.9428571428571428	0.0571428571428571
other	0.9931506849315068	0.0068493150684931
other	0.1521739130434782	0.7608695652173914
other	0.625	0.375
low_clip_control	0.4864864864864865	0.4864864864864865
other	0.627906976744186	0.3720930232558139
low_clip_control	0.9818181818181818	0.0181818181818181
low_clip_control	0.8245614035087719	0.175438596491228
low_clip_control	0.3170731707317073	0.6585365853658537
other	0.9166666666666666	0.0
low_clip_control	0.0769230769230769	0.9230769230769232
other	0.9310344827586208	0.057471264367816
low_clip_control	0.5581395348837209	0.3720930232558139
low_clip_control	0.5	0.5
low_clip_control	0.7727272727272727	0.1818181818181818
other	0.5735294117647058	0.3970588235294117
low_clip_control	0.0	0.5714285714285714
high_clip_target	1.0	0.0
other	0.0	0.7647058823529411
other	0.0588235294117647	0.9215686274509804
low_clip_control	0.1219512195121951	0.8536585365853658
other	0.5526315789473685	0.4210526315789473
other	0.6818181818181818	0.3181818181818182
high_clip_target	0.7333333333333333	0.2666666666666666
low_clip_control	0.6808510638297872	0.2978723404255319
low_clip_control	0.5714285714285714	0.4285714285714285
other	0.5567010309278351	0.4329896907216495
other	0.8181818181818182	0.1590909090909091
low_clip_control	0.6666666666666666	0.2564102564102564
other	0.6557377049180327	0.3278688524590163
other	0.4528301886792453	0.5471698113207547
other	0.1764705882352941	0.8088235294117647
other	0.5161290322580645	0.4838709677419355
other	0.4761904761904761	0.4523809523809524
high_clip_target	0.2539682539682539	0.746031746031746
high_clip_target	0.6060606060606061	0.3636363636363636
other	0.2608695652173913	0.7391304347826086
other	0.3253012048192771	0.5662650602409639
other	0.6046511627906976	0.3953488372093023
low_clip_control	0.7352941176470589	0.2352941176470588
other	0.0526315789473684	0.8421052631578947
other	0.6190476190476191	0.3333333333333333
low_clip_control	0.3333333333333333	0.6666666666666666
other	0.5416666666666666	0.375
low_clip_control	0.65625	0.0625
low_clip_control	0.6470588235294118	0.3088235294117647
other	0.3636363636363636	0.6233766233766234
functional_target	0.2459016393442623	0.7213114754098361
low_clip_control	0.4814814814814814	0.4814814814814814
other	0.2131147540983606	0.7213114754098361
low_clip_control	0.9090909090909092	0.0
other	0.3214285714285714	0.3928571428571428
other	0.5909090909090909	0.3181818181818182
low_clip_control	0.8333333333333334	0.1666666666666666
low_clip_control	0.1489361702127659	0.851063829787234
other	0.3	0.7
other	0.5	0.4166666666666667
other	0.6190476190476191	0.3809523809523809
functional_target	0.2857142857142857	0.4642857142857143
other	0.603448275862069	0.3620689655172414
other	0.9375	0.0
high_clip_target	0.5	0.5
other	0.6666666666666666	0.3333333333333333
other	0.3636363636363636	0.6363636363636364
other	0.631578947368421	0.3157894736842105
low_clip_control	0.8666666666666667	0.0666666666666666
other	0.7777777777777778	0.1944444444444444
low_clip_control	0.9333333333333332	0.0222222222222222
other	0.6388888888888888	0.1666666666666666
low_clip_control	0.84375	0.15625
other	0.6086956521739131	0.391304347826087
low_clip_control	0.782608695652174	0.217391304347826
low_clip_control	0.9	0.0
low_clip_control	1.0	0.0
functional_target	0.1739130434782608	0.7391304347826086
low_clip_control	0.875	0.0
low_clip_control	0.7833333333333333	0.2
high_clip_target	0.5	0.5
low_clip_control	0.4827586206896552	0.4137931034482758
low_clip_control	0.575	0.4
other	0.3478260869565217	0.6086956521739131
low_clip_control	0.6551724137931034	0.2413793103448276
low_clip_control	0.7272727272727273	0.0909090909090909
other	0.8947368421052632	0.0526315789473684
low_clip_control	0.9090909090909092	0.0454545454545454
other	0.2222222222222222	0.7777777777777778
low_clip_control	0.8333333333333334	0.1666666666666666
other	0.5263157894736842	0.3333333333333333
low_clip_control	0.6	0.35
other	0.7755102040816326	0.2040816326530612
low_clip_control	0.3103448275862069	0.6896551724137931
other	0.6888888888888889	0.2888888888888888
low_clip_control	0.6333333333333333	0.2666666666666666
low_clip_control	0.25	0.625
low_clip_control	0.7714285714285715	0.2
low_clip_control	0.25	0.5625
low_clip_control	0.8163265306122449	0.1632653061224489
low_clip_control	0.6	0.3333333333333333
low_clip_control	0.3666666666666666	0.5666666666666667
low_clip_control	0.9148936170212766	0.0638297872340425
other	0.8095238095238095	0.1666666666666666
other	0.7777777777777778	0.0
other	0.8461538461538461	0.0769230769230769
other	0.4347826086956521	0.4782608695652174
other	0.1363636363636363	0.8181818181818182
other	0.9117647058823528	0.088235294117647
other	0.5333333333333333	0.4666666666666667
low_clip_control	0.4444444444444444	0.5555555555555556
low_clip_control	0.8	0.2
high_clip_target	0.8148148148148148	0.074074074074074
low_clip_control	0.7222222222222222	0.0555555555555555
high_clip_target	0.6071428571428571	0.3214285714285714
other	0.8461538461538461	0.1538461538461538
high_clip_target	0.0857142857142857	0.9142857142857144
low_clip_control	0.9622641509433962	0.0188679245283018
low_clip_control	0.1333333333333333	0.4666666666666667
low_clip_control	0.8421052631578947	0.1052631578947368
low_clip_control	0.90625	0.0625
other	0.2727272727272727	0.4090909090909091
low_clip_control	0.5	0.1666666666666666
low_clip_control	0.7878787878787878	0.0909090909090909
low_clip_control	0.875	0.125
low_clip_control	0.4032258064516129	0.5645161290322581
other	0.5769230769230769	0.3846153846153846
low_clip_control	0.5714285714285714	0.2142857142857142
low_clip_control	0.5606060606060606	0.4242424242424242
low_clip_control	0.6938775510204082	0.2244897959183673
low_clip_control	0.1111111111111111	0.8888888888888888
low_clip_control	0.75	0.25
low_clip_control	0.7	0.3
other	0.3461538461538461	0.5576923076923077
other	0.6	0.4
low_clip_control	0.2413793103448276	0.7586206896551724
high_clip_target	0.6428571428571429	0.25
low_clip_control	0.25	0.75
other	0.419753086419753	0.5679012345679012
high_clip_target	0.6511627906976745	0.2790697674418604
low_clip_control	0.25	0.3
low_clip_control	0.8181818181818182	0.0909090909090909
high_clip_target	0.2857142857142857	0.6857142857142857
low_clip_control	0.3	0.65
low_clip_control	0.75	0.1666666666666666
other	0.4	0.1
other	0.875	0.0625
other	0.391304347826087	0.6086956521739131
low_clip_control	1.0	0.0
high_clip_target	0.7349397590361446	0.1566265060240964
low_clip_control	0.2	0.76
other	0.7037037037037037	0.1851851851851851
low_clip_control	0.5652173913043478	0.4347826086956521
other	0.5	0.375
other	0.631578947368421	0.3684210526315789
other	0.3076923076923077	0.6730769230769231
low_clip_control	0.75	0.1428571428571428
other	0.7142857142857143	0.2619047619047619
other	0.3247863247863248	0.6581196581196581
low_clip_control	0.3	0.7
low_clip_control	0.6896551724137931	0.1724137931034483
other	1.0	0.0
low_clip_control	0.0384615384615384	0.8846153846153846
low_clip_control	0.9736842105263158	0.0
other	0.8	0.2
low_clip_control	0.5	0.0
low_clip_control	0.3157894736842105	0.5789473684210527
other	0.4166666666666667	0.5416666666666666
other	0.9387755102040816	0.0612244897959183
low_clip_control	1.0	0.0
other	0.8947368421052632	0.1052631578947368
other	0.391304347826087	0.5217391304347826
other	0.9047619047619048	0.0952380952380952
other	0.1875	0.78125
high_clip_target	0.9396551724137931	0.0517241379310344
low_clip_control	0.1818181818181818	0.8181818181818182
high_clip_target	0.5223880597014925	0.4477611940298507
other	0.7586206896551724	0.1034482758620689
low_clip_control	0.96875	0.03125
low_clip_control	0.4117647058823529	0.5882352941176471
low_clip_control	0.9444444444444444	0.0
other	0.34375	0.65625
other	0.375	0.3958333333333333
low_clip_control	0.375	0.5
low_clip_control	0.2142857142857142	0.7857142857142857
other	0.625	0.25
other	0.0833333333333333	0.75
high_clip_target	0.5384615384615384	0.4615384615384615
low_clip_control	0.5	0.3
low_clip_control	0.967741935483871	0.0
low_clip_control	0.3636363636363636	0.4545454545454545
high_clip_target	0.2982456140350877	0.6666666666666666
low_clip_control	0.6428571428571429	0.0
other	0.5869565217391305	0.4130434782608695
other	1.0	0.0
high_clip_target	0.1176470588235294	0.8235294117647058
low_clip_control	1.0	0.0
low_clip_control	0.3478260869565217	0.6086956521739131
other	0.3783783783783784	0.5405405405405406
other	0.5238095238095238	0.4642857142857143
low_clip_control	0.8	0.0
low_clip_control	0.918918918918919	0.081081081081081
other	0.2222222222222222	0.2222222222222222
low_clip_control	0.5	0.25
low_clip_control	0.6206896551724138	0.3103448275862069
other	0.4761904761904761	0.4761904761904761
high_clip_target	0.6666666666666666	0.0
low_clip_control	0.3823529411764705	0.5294117647058824
high_clip_target	0.9726027397260274	0.0136986301369863
low_clip_control	0.7	0.0
low_clip_control	0.6666666666666666	0.0
other	0.5384615384615384	0.4615384615384615
low_clip_control	0.7	0.0
low_clip_control	0.525	0.4625
high_clip_target	0.4166666666666667	0.4583333333333333
other	0.28	0.68
other	0.8076923076923077	0.0384615384615384
other	0.6885245901639344	0.3114754098360656
low_clip_control	0.2	0.6571428571428571
low_clip_control	0.8888888888888888	0.1111111111111111
low_clip_control	0.8108108108108109	0.1891891891891892
low_clip_control	0.9696969696969696	0.0151515151515151
low_clip_control	0.8620689655172413	0.1379310344827586
low_clip_control	0.8615384615384616	0.1384615384615384
low_clip_control	0.5471698113207547	0.4528301886792453
low_clip_control	0.2413793103448276	0.6436781609195402
low_clip_control	0.9090909090909092	0.0909090909090909
other	0.9142857142857144	0.0571428571428571
low_clip_control	0.9090909090909092	0.0606060606060606
high_clip_target	0.8	0.0666666666666666
low_clip_control	0.9375	0.0625
low_clip_control	0.4642857142857143	0.5
low_clip_control	0.9285714285714286	0.0714285714285714
high_clip_target	0.4	0.36
low_clip_control	0.7272727272727273	0.2727272727272727
low_clip_control	0.7419354838709677	0.0967741935483871
low_clip_control	0.0625	0.75
low_clip_control	0.7727272727272727	0.2272727272727272
low_clip_control	0.75	0.0
other	0.2727272727272727	0.0909090909090909
low_clip_control	0.3	0.0
low_clip_control	0.6666666666666666	0.3333333333333333
low_clip_control	0.8275862068965517	0.1034482758620689
low_clip_control	0.2727272727272727	0.7272727272727273
low_clip_control	0.425531914893617	0.3404255319148936
other	0.68	0.2
other	0.5675675675675675	0.4054054054054054
functional_target	0.303030303030303	0.696969696969697
other	0.7215189873417721	0.2658227848101265
low_clip_control	0.3888888888888889	0.5
other	0.68	0.32
low_clip_control	0.6727272727272727	0.2727272727272727
other	0.6060606060606061	0.3636363636363636
low_clip_control	0.9142857142857144	0.0857142857142857
low_clip_control	0.6774193548387096	0.2258064516129032
other	0.6086956521739131	0.391304347826087
other	0.4444444444444444	0.5
other	0.7763157894736842	0.2105263157894736
other	0.3235294117647059	0.4411764705882353
functional_target	0.2105263157894736	0.5789473684210527
low_clip_control	0.8	0.0
low_clip_control	0.8181818181818182	0.1363636363636363
other	0.4772727272727273	0.4772727272727273
low_clip_control	0.2307692307692307	0.6923076923076923
low_clip_control	0.7272727272727273	0.2727272727272727
low_clip_control	0.5714285714285714	0.4081632653061224
low_clip_control	0.8518518518518519	0.1481481481481481
low_clip_control	0.6666666666666666	0.3333333333333333
low_clip_control	0.6666666666666666	0.3125
low_clip_control	0.6904761904761905	0.3095238095238095
other	0.8181818181818182	0.1136363636363636
other	0.8210526315789474	0.1473684210526315
other	0.125	0.0
low_clip_control	0.4054054054054054	0.2162162162162162
low_clip_control	0.875	0.125
other	0.7391304347826086	0.217391304347826
other	0.8529411764705882	0.1176470588235294
other	0.6041666666666666	0.375
other	0.8461538461538461	0.0769230769230769
low_clip_control	0.4	0.6
low_clip_control	0.6	0.2
low_clip_control	0.25	0.6785714285714286
low_clip_control	0.3333333333333333	0.6
high_clip_target	0.5692307692307692	0.3846153846153846
low_clip_control	0.8571428571428571	0.1428571428571428
other	0.7916666666666666	0.1666666666666666
low_clip_control	0.1764705882352941	0.8235294117647058
low_clip_control	0.5909090909090909	0.4090909090909091
other	0.5	0.5
other	0.6923076923076923	0.2307692307692307
other	0.0	0.0
low_clip_control	0.44	0.48
other	0.3846153846153846	0.6153846153846154
low_clip_control	0.6666666666666666	0.2222222222222222
low_clip_control	0.875	0.125
other	0.6578947368421053	0.3157894736842105
other	0.5925925925925926	0.3703703703703703
low_clip_control	0.8181818181818182	0.0909090909090909
low_clip_control	0.5	0.45
other	0.6136363636363636	0.3863636363636363
high_clip_target	0.2413793103448276	0.7413793103448276
other	0.6875	0.1875
other	0.7083333333333334	0.2916666666666667
low_clip_control	0.8571428571428571	0.0714285714285714
other	0.8214285714285714	0.1071428571428571
other	0.4444444444444444	0.5555555555555556
other	0.8636363636363636	0.0909090909090909
other	0.4342105263157895	0.5
low_clip_control	0.8	0.0
other	0.2	0.7333333333333333
other	0.625	0.2638888888888889
other	0.8974358974358975	0.1025641025641025
other	0.4545454545454545	0.3181818181818182
low_clip_control	0.3	0.7
functional_target	0.3902439024390244	0.5853658536585366
high_clip_target	0.9183673469387756	0.0816326530612244
other	0.6	0.4
high_clip_target	0.68	0.28
other	0.546875	0.453125
other	0.5272727272727272	0.4545454545454545
low_clip_control	0.6551724137931034	0.3448275862068966
other	0.831858407079646	0.1592920353982301
other	0.5833333333333334	0.25
low_clip_control	0.7647058823529411	0.1764705882352941
low_clip_control	0.8888888888888888	0.1111111111111111
other	0.2753623188405797	0.6521739130434783
low_clip_control	0.6721311475409836	0.3114754098360656
high_clip_target	0.4888888888888889	0.4666666666666667
low_clip_control	0.32	0.6
low_clip_control	0.8888888888888888	0.0666666666666666
low_clip_control	0.2702702702702703	0.6756756756756757
other	0.7	0.3
low_clip_control	0.2692307692307692	0.1923076923076923
other	0.6129032258064516	0.3225806451612903
other	0.2941176470588235	0.7058823529411765
low_clip_control	0.4516129032258064	0.4516129032258064
low_clip_control	0.6875	0.25
low_clip_control	0.5333333333333333	0.3666666666666666
low_clip_control	0.5	0.3
low_clip_control	0.9090909090909092	0.0909090909090909
low_clip_control	0.3720930232558139	0.5116279069767442
low_clip_control	0.6981132075471698	0.2075471698113207
low_clip_control	0.4	0.24
low_clip_control	0.6666666666666666	0.3333333333333333
other	0.8888888888888888	0.0555555555555555
high_clip_target	0.8275862068965517	0.1724137931034483
low_clip_control	0.6470588235294118	0.0
high_clip_target	0.55	0.4
low_clip_control	0.9444444444444444	0.0
other	0.18	0.78
low_clip_control	0.8888888888888888	0.074074074074074
high_clip_target	0.5135135135135135	0.4594594594594595
low_clip_control	0.5	0.25
other	0.5652173913043478	0.4130434782608695
other	0.9207920792079208	0.0495049504950495
other	0.872093023255814	0.1046511627906976
low_clip_control	0.782608695652174	0.1739130434782608
high_clip_target	0.875	0.0
low_clip_control	0.75	0.21875
low_clip_control	0.96875	0.0
low_clip_control	0.5714285714285714	0.3809523809523809
low_clip_control	0.9333333333333332	0.0666666666666666
low_clip_control	0.875	0.125
low_clip_control	0.7272727272727273	0.1818181818181818
other	0.4285714285714285	0.4857142857142857
low_clip_control	0.5882352941176471	0.3529411764705882
other	0.8571428571428571	0.1428571428571428
other	0.28	0.7
other	0.4705882352941176	0.5294117647058824
low_clip_control	0.6	0.4
low_clip_control	0.5972222222222222	0.4027777777777778
low_clip_control	0.65	0.3
high_clip_target	0.1774193548387097	0.8064516129032258
other	0.3720930232558139	0.627906976744186
low_clip_control	0.125	0.875
other	0.3823529411764705	0.5588235294117647
low_clip_control	0.603448275862069	0.3793103448275862
low_clip_control	0.2	0.75
low_clip_control	0.6742424242424242	0.303030303030303
low_clip_control	0.5454545454545454	0.2727272727272727
other	0.7083333333333334	0.2083333333333333
low_clip_control	0.59375	0.25
low_clip_control	0.7213114754098361	0.2786885245901639
other	0.7272727272727273	0.2727272727272727
other	0.2222222222222222	0.7407407407407407
low_clip_control	0.5714285714285714	0.2142857142857142
other	0.7857142857142857	0.1428571428571428
other	0.0	1.0
other	0.1212121212121212	0.8787878787878788
low_clip_control	0.8378378378378378	0.027027027027027
low_clip_control	0.25	0.6666666666666666
other	0.2083333333333333	0.7916666666666666
other	0.2903225806451613	0.6774193548387096
low_clip_control	0.675	0.275
low_clip_control	0.7857142857142857	0.0714285714285714
other	0.5714285714285714	0.3333333333333333
other	0.3529411764705882	0.5882352941176471
low_clip_control	0.9047619047619048	0.0
low_clip_control	0.6119402985074627	0.3582089552238806
low_clip_control	1.0	0.0
other	0.9090909090909092	0.0
other	0.4285714285714285	0.5714285714285714
other	0.8333333333333334	0.1666666666666666
other	0.35	0.625
low_clip_control	1.0	0.0
other	0.7142857142857143	0.2448979591836734
other	0.926829268292683	0.0609756097560975
low_clip_control	0.3636363636363636	0.6181818181818182
other	0.0588235294117647	0.9411764705882352
low_clip_control	0.3243243243243243	0.6486486486486487
other	0.4375	0.5
low_clip_control	0.7164179104477612	0.1641791044776119
other	0.7741935483870968	0.064516129032258
other	0.8181818181818182	0.0727272727272727
other	0.7333333333333333	0.0666666666666666
other	0.6363636363636364	0.3636363636363636
low_clip_control	0.25	0.5
low_clip_control	0.1875	0.03125
low_clip_control	0.4210526315789473	0.5789473684210527
high_clip_target	0.7333333333333333	0.1666666666666666
low_clip_control	0.946808510638298	0.0425531914893617
low_clip_control	0.5849056603773585	0.4150943396226415
low_clip_control	0.5753424657534246	0.4246575342465753
low_clip_control	0.5384615384615384	0.3846153846153846
low_clip_control	0.76	0.24
other	1.0	0.0
other	0.7241379310344828	0.2413793103448276
high_clip_target	0.5098039215686274	0.4705882352941176
high_clip_target	0.8125	0.1875
low_clip_control	0.1818181818181818	0.4545454545454545
low_clip_control	0.9444444444444444	0.0277777777777777
other	0.7886178861788617	0.1788617886178861
other	0.7777777777777778	0.1666666666666666
other	0.4347826086956521	0.4782608695652174
low_clip_control	0.8666666666666667	0.0
low_clip_control	0.9090909090909092	0.0909090909090909
low_clip_control	0.8405797101449275	0.144927536231884
low_clip_control	0.7368421052631579	0.2631578947368421
other	0.7105263157894737	0.2631578947368421
other	0.4117647058823529	0.5882352941176471
other	0.84	0.08
low_clip_control	0.9642857142857144	0.0357142857142857
other	0.75	0.2142857142857142
low_clip_control	0.6	0.3428571428571428
other	0.6923076923076923	0.3076923076923077
other	0.4615384615384615	0.3846153846153846
low_clip_control	0.8571428571428571	0.0714285714285714
other	0.3142857142857143	0.6285714285714286
low_clip_control	0.625	0.375
low_clip_control	0.76	0.24
other	0.2222222222222222	0.7777777777777778
low_clip_control	1.0	0.0
low_clip_control	0.7931034482758621	0.1896551724137931
other	0.5	0.25
low_clip_control	0.5185185185185185	0.4444444444444444
other	0.6666666666666666	0.3333333333333333
low_clip_control	0.9130434782608696	0.0434782608695652
low_clip_control	0.6428571428571429	0.2857142857142857
other	0.7058823529411765	0.2941176470588235
other	0.6615384615384615	0.3230769230769231
other	0.7090909090909091	0.1454545454545454
low_clip_control	0.5384615384615384	0.4230769230769231
functional_target	0.6521739130434783	0.3478260869565217
low_clip_control	0.8717948717948718	0.1025641025641025
low_clip_control	0.9444444444444444	0.0555555555555555
other	0.52	0.48
other	0.9375	0.0
low_clip_control	0.3571428571428571	0.5714285714285714
other	0.5294117647058824	0.4509803921568627
other	0.3333333333333333	0.6333333333333333
low_clip_control	0.9272727272727272	0.0545454545454545
other	0.3333333333333333	0.6190476190476191
low_clip_control	0.8135593220338984	0.1779661016949152
low_clip_control	0.4871794871794871	0.4487179487179487
low_clip_control	0.9545454545454546	0.0454545454545454
low_clip_control	0.4166666666666667	0.3333333333333333
other	0.9743589743589745	0.0
other	0.6	0.4
other	0.3888888888888889	0.5277777777777778
low_clip_control	0.9487179487179488	0.0128205128205128
low_clip_control	0.5581395348837209	0.4186046511627907
other	0.0416666666666666	0.6666666666666666
low_clip_control	0.3333333333333333	0.3333333333333333
high_clip_target	0.75	0.25
low_clip_control	0.9743589743589745	0.0256410256410256
other	0.4390243902439024	0.4878048780487805
other	0.4444444444444444	0.5555555555555556
other	0.3103448275862069	0.603448275862069
other	0.5833333333333334	0.375
high_clip_target	0.9904761904761904	0.0095238095238095
other	0.5151515151515151	0.4545454545454545
low_clip_control	0.3333333333333333	0.6153846153846154
low_clip_control	0.75	0.2
other	0.7037037037037037	0.2222222222222222
other	0.5555555555555556	0.3333333333333333
low_clip_control	0.4285714285714285	0.3333333333333333
low_clip_control	0.9629629629629628	0.037037037037037
other	0.7457627118644068	0.2372881355932203
low_clip_control	0.8918918918918919	0.081081081081081
other	0.9285714285714286	0.0
low_clip_control	0.8554216867469879	0.144578313253012
low_clip_control	0.7878787878787878	0.1212121212121212
other	0.6875	0.2291666666666666
low_clip_control	0.6363636363636364	0.3636363636363636
low_clip_control	0.3409090909090909	0.6363636363636364
low_clip_control	0.2571428571428571	0.7142857142857143
low_clip_control	0.5	0.5
other	0.7037037037037037	0.2222222222222222
other	0.3658536585365853	0.6097560975609756
low_clip_control	0.6363636363636364	0.1818181818181818
other	0.1666666666666666	0.7777777777777778
high_clip_target	0.6415094339622641	0.3584905660377358
other	0.6666666666666666	0.3
other	0.5	0.5
low_clip_control	0.375	0.375
low_clip_control	0.3684210526315789	0.4736842105263157
low_clip_control	0.6666666666666666	0.0
low_clip_control	0.125	0.7916666666666666
low_clip_control	0.945945945945946	0.054054054054054
low_clip_control	0.6585365853658537	0.2439024390243902
other	0.8333333333333334	0.1666666666666666
high_clip_target	0.5476190476190477	0.4285714285714285
other	0.9032258064516128	0.0967741935483871
other	0.3414634146341463	0.6341463414634146
low_clip_control	0.4615384615384615	0.2307692307692307
high_clip_target	0.5066666666666667	0.4933333333333333
other	0.4	0.6
low_clip_control	0.9824561403508772	0.0175438596491228
high_clip_target	0.900990099009901	0.0891089108910891
other	0.4074074074074074	0.0925925925925925
low_clip_control	0.2033898305084746	0.7796610169491526
other	0.3684210526315789	0.631578947368421
other	0.2692307692307692	0.6538461538461539
high_clip_target	0.5227272727272727	0.4772727272727273
high_clip_target	0.9444444444444444	0.0555555555555555
low_clip_control	0.6842105263157895	0.2807017543859649
low_clip_control	0.8775510204081632	0.1224489795918367
functional_target	0.5294117647058824	0.4117647058823529
low_clip_control	0.5348837209302325	0.4418604651162791
low_clip_control	0.4242424242424242	0.3939393939393939
other	0.7	0.3
other	0.7	0.2
low_clip_control	0.2564102564102564	0.6923076923076923
other	0.5283018867924528	0.4339622641509434
functional_target	0.3636363636363636	0.6181818181818182
other	0.4838709677419355	0.4838709677419355
other	0.2307692307692307	0.7307692307692307
other	0.603448275862069	0.3275862068965517
low_clip_control	0.5882352941176471	0.3529411764705882
other	0.75	0.25
other	0.935483870967742	0.064516129032258
low_clip_control	0.8	0.2
low_clip_control	0.875	0.0833333333333333
other	0.875	0.125
low_clip_control	0.9696969696969696	0.0
low_clip_control	0.9545454545454546	0.0
other	0.0588235294117647	0.9411764705882352
low_clip_control	0.8787878787878788	0.0
other	0.1875	0.7916666666666666
other	0.2068965517241379	0.7931034482758621
other	0.4626865671641791	0.5373134328358209
other	0.4137931034482758	0.5862068965517241
high_clip_target	0.6140350877192983	0.3684210526315789
other	0.4545454545454545	0.5454545454545454
other	0.6923076923076923	0.3076923076923077
low_clip_control	0.6153846153846154	0.3846153846153846
low_clip_control	0.1666666666666666	0.6666666666666666
functional_target	0.2765957446808511	0.6382978723404256
low_clip_control	0.5454545454545454	0.4545454545454545
low_clip_control	0.6153846153846154	0.0
high_clip_target	0.225	0.7
low_clip_control	0.9	0.1
low_clip_control	0.2063492063492063	0.7936507936507936
low_clip_control	0.6	0.34
other	1.0	0.0
low_clip_control	0.3333333333333333	0.6
low_clip_control	0.9285714285714286	0.0
other	0.2619047619047619	0.7380952380952381
other	0.3888888888888889	0.3888888888888889
other	0.1774193548387097	0.8145161290322581
low_clip_control	0.7857142857142857	0.2142857142857142
low_clip_control	0.6666666666666666	0.3095238095238095
low_clip_control	0.925925925925926	0.037037037037037
other	0.9428571428571428	0.0
functional_target	0.5238095238095238	0.3333333333333333
low_clip_control	0.36	0.6
other	0.3214285714285714	0.6428571428571429
other	0.8947368421052632	0.0614035087719298
other	0.8285714285714286	0.0571428571428571
low_clip_control	1.0	0.0
other	0.56	0.36
other	0.5	0.0
high_clip_target	0.3384615384615385	0.6615384615384615
low_clip_control	0.52	0.44
other	0.0465116279069767	0.9302325581395348
low_clip_control	0.59375	0.375
low_clip_control	0.2857142857142857	0.5714285714285714
low_clip_control	0.2727272727272727	0.5909090909090909
low_clip_control	0.4090909090909091	0.5
other	0.8888888888888888	0.1111111111111111
functional_target	0.6911764705882353	0.2647058823529412
other	0.6086956521739131	0.217391304347826
low_clip_control	0.7837837837837838	0.054054054054054
other	0.5365853658536586	0.4634146341463415
low_clip_control	0.9047619047619048	0.0714285714285714
low_clip_control	0.9782608695652174	0.0
low_clip_control	0.7142857142857143	0.1428571428571428
functional_target	0.3061224489795918	0.6530612244897959
low_clip_control	0.8125	0.1875
high_clip_target	0.6296296296296297	0.3333333333333333
low_clip_control	0.9411764705882352	0.0588235294117647
low_clip_control	0.9166666666666666	0.0833333333333333
low_clip_control	0.5869565217391305	0.4130434782608695
other	0.835820895522388	0.1044776119402985
low_clip_control	0.6666666666666666	0.1388888888888889
other	0.1304347826086956	0.4347826086956521
functional_target	0.7142857142857143	0.1428571428571428
low_clip_control	0.0967741935483871	0.8387096774193549
low_clip_control	0.9574468085106383	0.0425531914893617
low_clip_control	0.5	0.2142857142857142
other	0.9444444444444444	0.0
low_clip_control	0.8	0.2
low_clip_control	0.8148148148148148	0.1111111111111111
functional_target	0.2702702702702703	0.6486486486486487
functional_target	0.9441624365482234	0.0507614213197969
other	0.8	0.1333333333333333
low_clip_control	0.6	0.3333333333333333
low_clip_control	0.5714285714285714	0.238095238095238
other	0.3333333333333333	0.6133333333333333
low_clip_control	0.8125	0.1875
low_clip_control	0.4705882352941176	0.0
other	0.22	0.7
other	0.7647058823529411	0.0
low_clip_control	0.9333333333333332	0.0666666666666666
other	0.9629629629629628	0.0
other	0.875	0.125
other	0.4516129032258064	0.5161290322580645
other	0.25	0.4166666666666667
other	0.5952380952380952	0.3809523809523809
low_clip_control	0.7037037037037037	0.2962962962962963
other	0.8823529411764706	0.088235294117647
low_clip_control	0.9491525423728814	0.0508474576271186
low_clip_control	0.5142857142857142	0.4857142857142857
low_clip_control	1.0	0.0
other	0.8181818181818182	0.1818181818181818
low_clip_control	0.7368421052631579	0.2105263157894736
low_clip_control	0.75	0.2222222222222222
other	0.5666666666666667	0.4333333333333333
low_clip_control	0.7777777777777778	0.2222222222222222
low_clip_control	1.0	0.0
low_clip_control	0.9615384615384616	0.0
low_clip_control	0.3888888888888889	0.3888888888888889
low_clip_control	0.25	0.75
low_clip_control	0.6923076923076923	0.3076923076923077
other	0.5714285714285714	0.3333333333333333
functional_target	0.3125	0.65625
low_clip_control	0.9090909090909092	0.0909090909090909
other	0.1111111111111111	0.0
low_clip_control	0.7272727272727273	0.2727272727272727
low_clip_control	0.2142857142857142	0.2142857142857142
other	0.2857142857142857	0.6938775510204082
functional_target	0.7777777777777778	0.0555555555555555
other	0.7758620689655172	0.2068965517241379
other	0.9294117647058824	0.0470588235294117
other	0.40625	0.59375
low_clip_control	0.2916666666666667	0.6666666666666666
low_clip_control	0.7419354838709677	0.2580645161290322
low_clip_control	0.7272727272727273	0.2727272727272727
other	0.4705882352941176	0.4705882352941176
other	0.6666666666666666	0.0
other	0.903846153846154	0.0769230769230769
low_clip_control	0.3333333333333333	0.6333333333333333
other	0.8148148148148148	0.1851851851851851
other	0.8363636363636363	0.0727272727272727
other	0.2941176470588235	0.7058823529411765
low_clip_control	0.5714285714285714	0.4285714285714285
low_clip_control	0.6222222222222222	0.3555555555555555
functional_target	0.3125	0.65625
other	0.1621621621621621	0.5675675675675675
low_clip_control	0.7380952380952381	0.1666666666666666
low_clip_control	0.6296296296296297	0.3703703703703703
other	0.1875	0.3125
other	0.4705882352941176	0.4117647058823529
high_clip_target	0.5416666666666666	0.375
low_clip_control	0.425	0.575
low_clip_control	0.4285714285714285	0.4285714285714285
low_clip_control	0.5942028985507246	0.4057971014492754
other	0.8181818181818182	0.0
low_clip_control	0.5454545454545454	0.4545454545454545
other	1.0	0.0
other	0.6290322580645161	0.2096774193548387
low_clip_control	0.3947368421052631	0.5263157894736842
other	0.7777777777777778	0.2222222222222222
other	0.6666666666666666	0.3055555555555556
other	0.6	0.4
low_clip_control	0.3703703703703703	0.5555555555555556
low_clip_control	0.5	0.3333333333333333
low_clip_control	0.6538461538461539	0.3461538461538461
low_clip_control	0.4831460674157303	0.5056179775280899
low_clip_control	0.9310344827586208	0.0344827586206896
low_clip_control	0.8823529411764706	0.1176470588235294
other	0.9666666666666668	0.0333333333333333
high_clip_target	0.6111111111111112	0.3888888888888889
low_clip_control	0.8833333333333333	0.1166666666666666
low_clip_control	0.5333333333333333	0.4666666666666667
functional_target	0.3714285714285714	0.6285714285714286
low_clip_control	0.6	0.2666666666666666
other	0.3653846153846153	0.5576923076923077
other	0.2258064516129032	0.7419354838709677
low_clip_control	0.8260869565217391	0.0869565217391304
low_clip_control	0.5555555555555556	0.3333333333333333
low_clip_control	0.5584415584415584	0.4285714285714285
low_clip_control	0.896551724137931	0.1034482758620689
high_clip_target	0.3478260869565217	0.6521739130434783
low_clip_control	0.6875	0.1875
other	0.2096774193548387	0.7741935483870968
low_clip_control	0.918032786885246	0.081967213114754
low_clip_control	0.7755102040816326	0.1938775510204081
other	0.1	0.85
other	0.75	0.25
other	0.5588235294117647	0.4411764705882353
other	0.9722222222222222	0.0277777777777777
low_clip_control	0.4285714285714285	0.5238095238095238
low_clip_control	0.6428571428571429	0.3571428571428571
low_clip_control	0.967741935483871	0.0
other	0.6666666666666666	0.0666666666666666
low_clip_control	0.5	0.2
low_clip_control	0.991150442477876	0.0
other	0.3877551020408163	0.5714285714285714
high_clip_target	0.9784172661870504	0.014388489208633
high_clip_target	0.6666666666666666	0.25
low_clip_control	0.4210526315789473	0.4210526315789473
other	0.3333333333333333	0.5
high_clip_target	0.5909090909090909	0.3863636363636363
other	0.2903225806451613	0.7096774193548387
low_clip_control	0.4516129032258064	0.5161290322580645
low_clip_control	0.875	0.125
other	0.3529411764705882	0.1176470588235294
other	0.2692307692307692	0.7115384615384616
low_clip_control	0.425531914893617	0.5319148936170213
low_clip_control	0.2	0.3
low_clip_control	0.45	0.45
low_clip_control	0.8461538461538461	0.0
low_clip_control	0.75	0.0
functional_target	0.2142857142857142	0.75
low_clip_control	0.6363636363636364	0.2727272727272727
low_clip_control	0.1818181818181818	0.7575757575757576
other	0.1951219512195122	0.8048780487804879
other	0.1794871794871795	0.7692307692307693
other	0.8852459016393442	0.081967213114754
other	0.7441860465116279	0.2441860465116279
high_clip_target	0.3064516129032258	0.6774193548387096
low_clip_control	0.2666666666666666	0.5666666666666667
low_clip_control	0.6666666666666666	0.3333333333333333
low_clip_control	0.5945945945945946	0.3783783783783784
low_clip_control	0.9875	0.0125
other	0.8571428571428571	0.0
low_clip_control	0.4615384615384615	0.5384615384615384
low_clip_control	0.5454545454545454	0.2727272727272727
low_clip_control	0.5	0.0
other	0.2631578947368421	0.6842105263157895
other	0.9705882352941176	0.0
low_clip_control	0.3	0.1
high_clip_target	0.2272727272727272	0.6818181818181818
other	0.2647058823529412	0.6176470588235294
other	0.7916666666666666	0.125
low_clip_control	0.9428571428571428	0.0285714285714285
low_clip_control	0.918918918918919	0.081081081081081
other	0.6883116883116883	0.2597402597402597
other	0.5	0.4523809523809524
low_clip_control	0.8	0.0
other	0.6956521739130435	0.2608695652173913
low_clip_control	0.625	0.375
low_clip_control	0.9705882352941176	0.0294117647058823
low_clip_control	0.8181818181818182	0.0909090909090909
other	0.4603174603174603	0.5238095238095238
low_clip_control	0.4090909090909091	0.5
functional_target	0.5862068965517241	0.3793103448275862
low_clip_control	0.6666666666666666	0.3333333333333333
other	0.8409090909090909	0.1363636363636363
low_clip_control	0.7368421052631579	0.2631578947368421
other	0.1818181818181818	0.7272727272727273
low_clip_control	0.6875	0.25
other	0.1470588235294117	0.7647058823529411
other	0.4509803921568627	0.5490196078431373
other	0.25	0.625
other	0.6222222222222222	0.3777777777777777
other	0.5714285714285714	0.4047619047619047
low_clip_control	0.6071428571428571	0.2857142857142857
other	0.25	0.625
low_clip_control	0.3333333333333333	0.5714285714285714
high_clip_target	0.5	0.5
low_clip_control	0.896551724137931	0.0689655172413793
low_clip_control	0.5116279069767442	0.4883720930232558
low_clip_control	0.8333333333333334	0.1666666666666666
low_clip_control	0.6037735849056604	0.1132075471698113
low_clip_control	0.8333333333333334	0.0555555555555555
other	0.6774193548387096	0.2903225806451613
other	0.5	0.5
low_clip_control	0.9310344827586208	0.0689655172413793
low_clip_control	0.3333333333333333	0.6111111111111112
other	0.8888888888888888	0.0987654320987654
other	0.6842105263157895	0.3157894736842105
low_clip_control	0.6666666666666666	0.1904761904761904
high_clip_target	0.9646017699115044	0.0353982300884955
other	0.6896551724137931	0.2758620689655172
other	0.88	0.08
low_clip_control	0.7391304347826086	0.2608695652173913
other	1.0	0.0
other	0.6666666666666666	0.3095238095238095
other	0.8076923076923077	0.1538461538461538
other	0.1875	0.5
low_clip_control	0.375	0.25
low_clip_control	0.8333333333333334	0.0833333333333333
other	0.0555555555555555	0.9444444444444444
other	0.6875	0.296875
other	0.3076923076923077	0.4307692307692308
functional_target	0.1304347826086956	0.8695652173913043
other	0.7647058823529411	0.1764705882352941
other	0.8285714285714286	0.0857142857142857
low_clip_control	0.631578947368421	0.3684210526315789
other	0.6666666666666666	0.0
other	0.8717948717948718	0.1282051282051282
other	0.782608695652174	0.1304347826086956
low_clip_control	0.3611111111111111	0.6111111111111112
other	0.9393939393939394	0.0303030303030303
low_clip_control	0.927536231884058	0.072463768115942
other	0.2962962962962963	0.7037037037037037
low_clip_control	0.7222222222222222	0.2777777777777778
low_clip_control	0.8	0.0285714285714285
low_clip_control	0.8461538461538461	0.0
other	0.8235294117647058	0.1764705882352941
low_clip_control	0.8	0.0
other	0.913793103448276	0.0862068965517241
other	0.4615384615384615	0.5
other	0.6538461538461539	0.3461538461538461
other	0.1707317073170731	0.8292682926829268
low_clip_control	0.9166666666666666	0.0833333333333333
functional_target	0.22	0.76
low_clip_control	0.5555555555555556	0.0
low_clip_control	0.9230769230769232	0.0769230769230769
other	0.8928571428571429	0.0357142857142857
other	0.375	0.5
low_clip_control	0.819672131147541	0.180327868852459
other	0.525	0.05
low_clip_control	0.7894736842105263	0.0
low_clip_control	0.7222222222222222	0.2777777777777778
low_clip_control	0.3333333333333333	0.3333333333333333
low_clip_control	0.6896551724137931	0.1379310344827586
high_clip_target	0.5	0.3333333333333333
low_clip_control	0.3636363636363636	0.5454545454545454
other	0.7115384615384616	0.2884615384615384
other	0.6363636363636364	0.3636363636363636
other	0.8333333333333334	0.1666666666666666
low_clip_control	0.8	0.0571428571428571
low_clip_control	0.2727272727272727	0.5454545454545454
high_clip_target	0.1333333333333333	0.5666666666666667
other	0.7368421052631579	0.0
low_clip_control	0.8387096774193549	0.1290322580645161
other	0.8448275862068966	0.0862068965517241
other	0.7948717948717948	0.1923076923076923
high_clip_target	0.4027777777777778	0.5138888888888888
other	0.8235294117647058	0.1764705882352941
low_clip_control	0.875	0.0625
low_clip_control	0.6111111111111112	0.3888888888888889
low_clip_control	0.9444444444444444	0.0
functional_target	0.8695652173913043	0.0434782608695652
low_clip_control	0.6842105263157895	0.3157894736842105
other	0.98	0.02
other	0.7941176470588235	0.2058823529411764
low_clip_control	0.64	0.28
low_clip_control	0.1833333333333333	0.7666666666666667
other	0.8461538461538461	0.0384615384615384
low_clip_control	0.4285714285714285	0.5357142857142857
other	0.5777777777777777	0.4
other	0.4583333333333333	0.5
low_clip_control	1.0	0.0
other	0.6987951807228916	0.2891566265060241
low_clip_control	0.9444444444444444	0.0555555555555555
other	0.5294117647058824	0.4705882352941176
low_clip_control	0.9230769230769232	0.0
other	0.4074074074074074	0.5740740740740741
low_clip_control	0.5333333333333333	0.3333333333333333
low_clip_control	0.8333333333333334	0.1666666666666666
low_clip_control	0.6	0.375
other	0.9666666666666668	0.0
other	0.8333333333333334	0.1666666666666666
low_clip_control	0.575	0.375
other	0.7727272727272727	0.1818181818181818
low_clip_control	0.3333333333333333	0.5185185185185185
low_clip_control	0.8235294117647058	0.1764705882352941
low_clip_control	0.2432432432432432	0.7567567567567568
low_clip_control	0.7777777777777778	0.2222222222222222
low_clip_control	0.75	0.0277777777777777
low_clip_control	0.2222222222222222	0.5555555555555556
low_clip_control	0.1785714285714285	0.7857142857142857
low_clip_control	0.75	0.2083333333333333
other	0.2647058823529412	0.6764705882352942
low_clip_control	0.9081632653061223	0.0816326530612244
low_clip_control	0.6627906976744186	0.3372093023255814
low_clip_control	0.975609756097561	0.024390243902439
low_clip_control	0.3529411764705882	0.5882352941176471
other	0.9666666666666668	0.0333333333333333
low_clip_control	1.0	0.0
functional_target	0.2857142857142857	0.6428571428571429
low_clip_control	0.5263157894736842	0.2105263157894736
other	0.1875	0.6875
other	0.5517241379310345	0.4482758620689655
low_clip_control	0.0952380952380952	0.9047619047619048
other	0.5161290322580645	0.3870967741935484
other	0.6046511627906976	0.3488372093023256
high_clip_target	0.9230769230769232	0.0769230769230769
low_clip_control	0.5	0.5
other	0.5	0.4310344827586206
other	0.1724137931034483	0.6206896551724138
other	0.6	0.4
other	0.4705882352941176	0.4117647058823529
low_clip_control	0.9824561403508772	0.0
low_clip_control	0.5909090909090909	0.4090909090909091
low_clip_control	0.5	0.5
other	0.293103448275862	0.6206896551724138
low_clip_control	1.0	0.0
low_clip_control	0.95	0.025
low_clip_control	0.3611111111111111	0.6388888888888888
low_clip_control	0.5063291139240507	0.4810126582278481
high_clip_target	0.5882352941176471	0.2058823529411764
other	0.9230769230769232	0.0769230769230769
other	0.5555555555555556	0.4444444444444444
other	0.6666666666666666	0.2857142857142857
low_clip_control	0.3720930232558139	0.627906976744186
low_clip_control	0.6	0.4
low_clip_control	0.4210526315789473	0.1052631578947368
other	0.7058823529411765	0.1568627450980392
other	0.1818181818181818	0.8181818181818182
other	0.5	0.45
low_clip_control	0.7692307692307693	0.1794871794871795
low_clip_control	0.4705882352941176	0.2941176470588235
other	0.6428571428571429	0.3571428571428571
low_clip_control	0.9333333333333332	0.0666666666666666
low_clip_control	0.5365853658536586	0.4146341463414634
other	0.574468085106383	0.425531914893617
other	0.5652173913043478	0.4347826086956521
low_clip_control	0.9166666666666666	0.0833333333333333
other	0.6428571428571429	0.2857142857142857
low_clip_control	0.7333333333333333	0.2666666666666666
high_clip_target	0.5102040816326531	0.2244897959183673
other	0.9166666666666666	0.0
other	0.8470588235294118	0.1176470588235294
low_clip_control	0.85	0.125
low_clip_control	0.6785714285714286	0.2857142857142857
functional_target	0.5555555555555556	0.3333333333333333
low_clip_control	0.3939393939393939	0.5909090909090909
low_clip_control	1.0	0.0
low_clip_control	0.4130434782608695	0.5217391304347826
functional_target	0.6923076923076923	0.2692307692307692
low_clip_control	0.6	0.3333333333333333
other	0.3928571428571428	0.5892857142857143
low_clip_control	0.3333333333333333	0.5185185185185185
other	0.4642857142857143	0.5
low_clip_control	1.0	0.0
low_clip_control	0.9333333333333332	0.0666666666666666
low_clip_control	0.4230769230769231	0.5
other	0.3409090909090909	0.6590909090909091
low_clip_control	0.875	0.125
low_clip_control	0.8666666666666667	0.1333333333333333
low_clip_control	0.1538461538461538	0.7692307692307693
low_clip_control	0.7272727272727273	0.2727272727272727
low_clip_control	0.8421052631578947	0.1578947368421052
low_clip_control	0.6666666666666666	0.2666666666666666
low_clip_control	0.8333333333333334	0.0
high_clip_target	0.6666666666666666	0.282051282051282
other	0.196078431372549	0.7450980392156863
low_clip_control	0.8918918918918919	0.081081081081081
low_clip_control	0.5555555555555556	0.4074074074074074
other	0.7540983606557377	0.0163934426229508
other	0.5882352941176471	0.3088235294117647
low_clip_control	0.6923076923076923	0.3076923076923077
other	0.6190476190476191	0.3333333333333333
low_clip_control	0.4761904761904761	0.4761904761904761
low_clip_control	0.8529411764705882	0.1470588235294117
low_clip_control	0.5294117647058824	0.4705882352941176
high_clip_target	0.7142857142857143	0.0
other	0.7619047619047619	0.0476190476190476
other	0.5454545454545454	0.4
functional_target	0.5161290322580645	0.3870967741935484
high_clip_target	1.0	0.0
other	0.4259259259259259	0.5740740740740741
other	0.9056603773584906	0.0754716981132075
low_clip_control	0.8409090909090909	0.1363636363636363
other	0.3170731707317073	0.6829268292682927
other	0.6666666666666666	0.3333333333333333
low_clip_control	0.4117647058823529	0.4117647058823529
other	0.3478260869565217	0.3478260869565217
other	0.3939393939393939	0.1515151515151515
low_clip_control	0.8666666666666667	0.1333333333333333
low_clip_control	0.8	0.18
low_clip_control	0.3333333333333333	0.6666666666666666
other	0.3809523809523809	0.3809523809523809
other	0.25	0.6666666666666666
low_clip_control	0.4328358208955223	0.5373134328358209
low_clip_control	0.1875	0.7291666666666666
high_clip_target	0.7294117647058823	0.2352941176470588
low_clip_control	0.7647058823529411	0.1764705882352941
low_clip_control	0.3888888888888889	0.5555555555555556
other	0.425531914893617	0.4893617021276595
low_clip_control	0.8909090909090909	0.0545454545454545
low_clip_control	0.875	0.125
low_clip_control	0.7368421052631579	0.2105263157894736
low_clip_control	0.6666666666666666	0.1851851851851851
low_clip_control	0.8235294117647058	0.1568627450980392
other	0.375	0.5
functional_target	0.1764705882352941	0.7058823529411765
other	0.2235294117647059	0.7529411764705882
other	0.4444444444444444	0.0
other	0.3571428571428571	0.5
low_clip_control	0.53125	0.40625
low_clip_control	0.6493506493506493	0.3246753246753247
other	0.7291666666666666	0.2291666666666666
low_clip_control	0.2222222222222222	0.1111111111111111
other	0.8541666666666666	0.125
low_clip_control	0.5	0.5
low_clip_control	0.6956521739130435	0.3043478260869565
high_clip_target	0.1702127659574468	0.8085106382978723
low_clip_control	0.8	0.2
low_clip_control	0.1052631578947368	0.8947368421052632
high_clip_target	0.4146341463414634	0.5853658536585366
low_clip_control	0.5294117647058824	0.4705882352941176
other	0.2542372881355932	0.7457627118644068
other	0.2142857142857142	0.7142857142857143
other	0.8888888888888888	0.1111111111111111
low_clip_control	0.7647058823529411	0.0588235294117647
high_clip_target	0.3465346534653465	0.6138613861386139
low_clip_control	0.7619047619047619	0.1904761904761904
low_clip_control	0.75	0.0
other	0.3823529411764705	0.6176470588235294
high_clip_target	0.8676470588235294	0.1176470588235294
low_clip_control	0.8823529411764706	0.0588235294117647
low_clip_control	0.5	0.5
low_clip_control	0.8	0.0
low_clip_control	0.75	0.0
high_clip_target	1.0	0.0
low_clip_control	0.5714285714285714	0.0952380952380952
other	0.6911764705882353	0.3088235294117647
low_clip_control	0.8666666666666667	0.0666666666666666
other	0.25	0.75
other	0.6296296296296297	0.1481481481481481
other	0.4390243902439024	0.4146341463414634
low_clip_control	0.9310344827586208	0.0
other	0.3333333333333333	0.5333333333333333
other	0.1666666666666666	0.8333333333333334
other	0.5531914893617021	0.4468085106382978
low_clip_control	0.4	0.5
other	0.8235294117647058	0.0
low_clip_control	0.6333333333333333	0.3666666666666666
other	0.75	0.25
low_clip_control	0.8484848484848485	0.0303030303030303
low_clip_control	0.72	0.24
other	1.0	0.0
other	0.625	0.375
other	0.5	0.3125
low_clip_control	0.7222222222222222	0.25
other	0.8333333333333334	0.0
other	0.972972972972973	0.027027027027027
other	0.3793103448275862	0.6206896551724138
low_clip_control	0.8571428571428571	0.1428571428571428
other	0.9285714285714286	0.0714285714285714
low_clip_control	0.4074074074074074	0.5925925925925926
low_clip_control	0.9411764705882352	0.0294117647058823
other	0.2	0.8
low_clip_control	0.7	0.2571428571428571
other	0.3333333333333333	0.6666666666666666
other	0.7971014492753623	0.1739130434782608
other	0.8709677419354839	0.0967741935483871
functional_target	0.922077922077922	0.0649350649350649
functional_target	0.2702702702702703	0.7297297297297297
low_clip_control	0.6666666666666666	0.1666666666666666
low_clip_control	0.4482758620689655	0.2413793103448276
other	0.7857142857142857	0.1607142857142857
other	0.975609756097561	0.0
other	0.8243243243243243	0.1486486486486486
low_clip_control	0.7894736842105263	0.2105263157894736
low_clip_control	0.7777777777777778	0.1666666666666666
other	0.5	0.5
low_clip_control	0.1111111111111111	0.8888888888888888
low_clip_control	0.5405405405405406	0.4594594594594595
low_clip_control	0.6666666666666666	0.2666666666666666
other	0.575	0.375
other	0.6190476190476191	0.1666666666666666
low_clip_control	0.875	0.0833333333333333
other	0.7272727272727273	0.0
other	0.6333333333333333	0.3666666666666666
other	0.5333333333333333	0.3333333333333333
low_clip_control	0.7272727272727273	0.2272727272727272
high_clip_target	0.3529411764705882	0.6470588235294118
low_clip_control	0.821917808219178	0.1643835616438356
other	0.88	0.08
low_clip_control	0.7857142857142857	0.1428571428571428
high_clip_target	0.5882352941176471	0.2941176470588235
low_clip_control	0.7058823529411765	0.2941176470588235
other	0.625	0.34375
other	0.5681818181818182	0.3977272727272727
low_clip_control	0.696969696969697	0.2121212121212121
low_clip_control	0.3636363636363636	0.6363636363636364
high_clip_target	0.2236842105263158	0.75
high_clip_target	0.3048780487804878	0.6707317073170732
other	0.9333333333333332	0.0666666666666666
low_clip_control	0.875	0.0535714285714285
other	0.6538461538461539	0.3076923076923077
other	0.574468085106383	0.3829787234042553
low_clip_control	0.4	0.6
low_clip_control	0.8867924528301887	0.0377358490566037
low_clip_control	0.5	0.3214285714285714
low_clip_control	0.5833333333333334	0.25
low_clip_control	0.8518518518518519	0.1111111111111111
low_clip_control	0.56	0.36
low_clip_control	0.9487179487179488	0.0512820512820512
other	0.4444444444444444	0.5555555555555556
other	0.3	0.625
other	0.3333333333333333	0.6363636363636364
low_clip_control	0.6111111111111112	0.2777777777777778
low_clip_control	0.5833333333333334	0.1666666666666666
low_clip_control	0.3	0.2
low_clip_control	0.5714285714285714	0.3928571428571428
low_clip_control	1.0	0.0
other	0.6444444444444445	0.2888888888888888
high_clip_target	0.25	0.5833333333333334
other	0.4666666666666667	0.2
low_clip_control	0.5918367346938775	0.3469387755102041
low_clip_control	0.6333333333333333	0.1333333333333333
low_clip_control	0.8235294117647058	0.1176470588235294
low_clip_control	0.9117647058823528	0.0
other	0.7571428571428571	0.1428571428571428
other	0.5714285714285714	0.4285714285714285
low_clip_control	0.9411764705882352	0.0294117647058823
low_clip_control	0.6	0.3333333333333333
other	0.3636363636363636	0.0909090909090909
other	0.5882352941176471	0.4117647058823529
low_clip_control	0.8378378378378378	0.1621621621621621
low_clip_control	0.8	0.1
low_clip_control	1.0	0.0
low_clip_control	0.0	0.0
high_clip_target	0.46875	0.53125
other	0.2608695652173913	0.6956521739130435
low_clip_control	1.0	0.0
low_clip_control	0.6666666666666666	0.3333333333333333
other	0.1666666666666666	0.25
other	0.6	0.3
other	0.1794871794871795	0.7948717948717948
other	0.4230769230769231	0.5384615384615384
other	0.4375	0.5625
low_clip_control	0.95	0.05
low_clip_control	0.8	0.2
other	0.6458333333333334	0.3541666666666667
low_clip_control	0.3870967741935484	0.5806451612903226
other	0.7567567567567568	0.2162162162162162
other	0.2444444444444444	0.7333333333333333
other	0.1428571428571428	0.8214285714285714
low_clip_control	0.3636363636363636	0.6363636363636364
high_clip_target	0.5	0.3333333333333333
low_clip_control	0.5555555555555556	0.3333333333333333
low_clip_control	0.8	0.2
low_clip_control	0.8888888888888888	0.0
low_clip_control	0.3157894736842105	0.631578947368421
low_clip_control	0.625	0.0
other	0.1578947368421052	0.5789473684210527
other	0.5	0.5
low_clip_control	0.1935483870967742	0.7096774193548387
low_clip_control	0.6666666666666666	0.3333333333333333
low_clip_control	0.03125	0.9375
other	0.3823529411764705	0.6176470588235294
low_clip_control	0.5714285714285714	0.3142857142857143
low_clip_control	0.3513513513513513	0.5945945945945946
other	0.8571428571428571	0.1428571428571428
low_clip_control	0.2727272727272727	0.6363636363636364
high_clip_target	0.15625	0.8125
other	0.1212121212121212	0.8181818181818182
other	0.375	0.625
functional_target	0.4814814814814814	0.5185185185185185
low_clip_control	0.8	0.0
low_clip_control	0.9523809523809524	0.0476190476190476
low_clip_control	0.7619047619047619	0.0476190476190476
high_clip_target	0.1818181818181818	0.7272727272727273
low_clip_control	0.7115384615384616	0.2307692307692307
functional_target	0.52	0.36
low_clip_control	0.375	0.625
other	0.625	0.375
low_clip_control	0.25	0.7
low_clip_control	0.7333333333333333	0.1333333333333333
other	0.3529411764705882	0.5882352941176471
other	0.2916666666666667	0.6666666666666666
low_clip_control	0.1538461538461538	0.8461538461538461
other	0.4545454545454545	0.4545454545454545
low_clip_control	0.5833333333333334	0.0
other	0.1219512195121951	0.8780487804878049
other	1.0	0.0
other	0.3214285714285714	0.3571428571428571
high_clip_target	0.4594594594594595	0.3243243243243243
other	0.8214285714285714	0.1785714285714285
low_clip_control	0.75	0.25
low_clip_control	0.8823529411764706	0.0
other	0.2413793103448276	0.7586206896551724
low_clip_control	0.2	0.64
low_clip_control	0.4857142857142857	0.5142857142857142
high_clip_target	0.2268041237113402	0.7525773195876289
low_clip_control	0.2222222222222222	0.2777777777777778
other	0.5	0.3333333333333333
other	0.4117647058823529	0.4117647058823529
other	0.3888888888888889	0.3888888888888889
low_clip_control	0.8	0.0
low_clip_control	0.5	0.3333333333333333
other	0.7439024390243902	0.048780487804878
functional_target	0.4	0.6
low_clip_control	0.3333333333333333	0.6666666666666666
other	1.0	0.0
low_clip_control	0.6363636363636364	0.3636363636363636
other	0.4444444444444444	0.4444444444444444
other	0.2857142857142857	0.6428571428571429
low_clip_control	0.1	0.6
other	0.5	0.5
low_clip_control	0.3529411764705882	0.4705882352941176
low_clip_control	0.4210526315789473	0.5789473684210527
other	0.8571428571428571	0.0
other	0.0946745562130177	0.8875739644970414
low_clip_control	1.0	0.0
other	0.2857142857142857	0.0
other	0.375	0.625
low_clip_control	0.55	0.4
other	0.5666666666666667	0.3333333333333333
low_clip_control	0.3	0.6
other	0.0333333333333333	0.7333333333333333
low_clip_control	0.8125	0.0625
other	0.2	0.0
low_clip_control	0.6666666666666666	0.3333333333333333
high_clip_target	0.3333333333333333	0.6481481481481481
low_clip_control	0.8095238095238095	0.1428571428571428
low_clip_control	0.8	0.2
low_clip_control	0.4	0.5636363636363636
low_clip_control	0.2580645161290322	0.6774193548387096
low_clip_control	0.6666666666666666	0.0555555555555555
low_clip_control	0.4339622641509434	0.5660377358490566
other	0.5185185185185185	0.4444444444444444
low_clip_control	0.3461538461538461	0.6153846153846154
low_clip_control	1.0	0.0
low_clip_control	0.125	0.8125
other	0.8148148148148148	0.037037037037037
other	0.4871794871794871	0.4358974358974359
high_clip_target	0.15	0.85
low_clip_control	0.1578947368421052	0.8421052631578947
low_clip_control	0.7319587628865979	0.268041237113402
low_clip_control	0.7941176470588235	0.1470588235294117
other	0.7619047619047619	0.0
high_clip_target	0.425	0.55
other	0.7741935483870968	0.1612903225806451
low_clip_control	0.8333333333333334	0.1363636363636363
low_clip_control	0.3846153846153846	0.5384615384615384
low_clip_control	0.921875	0.078125
other	0.2727272727272727	0.6909090909090909
other	0.6875	0.25
low_clip_control	0.9166666666666666	0.0833333333333333
low_clip_control	0.6190476190476191	0.1904761904761904
low_clip_control	0.425	0.475
other	0.2142857142857142	0.7857142857142857
functional_target	0.2307692307692307	0.6538461538461539
low_clip_control	0.7058823529411765	0.1764705882352941
low_clip_control	0.6511627906976745	0.3255813953488372
low_clip_control	0.5952380952380952	0.3571428571428571
other	0.9649122807017544	0.0350877192982456
other	0.4259259259259259	0.5740740740740741
low_clip_control	0.5333333333333333	0.3111111111111111
other	0.7790697674418605	0.1627906976744186
other	0.3653846153846153	0.5769230769230769
low_clip_control	0.4736842105263157	0.4736842105263157
low_clip_control	0.6842105263157895	0.0
low_clip_control	0.1764705882352941	0.5294117647058824
low_clip_control	0.6666666666666666	0.1666666666666666
other	0.3478260869565217	0.6086956521739131
low_clip_control	0.6875	0.28125
other	0.8611111111111112	0.1111111111111111
other	0.4	0.4
other	0.2333333333333333	0.75
low_clip_control	0.08	0.68
low_clip_control	0.6842105263157895	0.1052631578947368
other	0.6666666666666666	0.3333333333333333
high_clip_target	1.0	0.0
other	0.5454545454545454	0.4545454545454545
low_clip_control	0.5625	0.125
other	0.8235294117647058	0.1764705882352941
low_clip_control	0.7272727272727273	0.1818181818181818
low_clip_control	0.3333333333333333	0.5
low_clip_control	0.4285714285714285	0.4285714285714285
other	0.7580645161290323	0.2419354838709677
low_clip_control	0.4137931034482758	0.4482758620689655
low_clip_control	0.1875	0.75
low_clip_control	0.9090909090909092	0.0909090909090909
other	0.2631578947368421	0.6842105263157895
low_clip_control	0.9	0.0
low_clip_control	0.902439024390244	0.0975609756097561
low_clip_control	0.0952380952380952	0.6190476190476191
low_clip_control	0.4736842105263157	0.5263157894736842
low_clip_control	0.0256410256410256	0.8974358974358975
low_clip_control	0.6	0.1333333333333333
low_clip_control	0.2352941176470588	0.6470588235294118
low_clip_control	0.6666666666666666	0.3333333333333333
functional_target	0.6875	0.2916666666666667
high_clip_target	0.1666666666666666	0.8333333333333334
low_clip_control	0.9032258064516128	0.064516129032258
other	0.4230769230769231	0.4230769230769231
low_clip_control	0.6363636363636364	0.3636363636363636
low_clip_control	0.5	0.4166666666666667
low_clip_control	0.1578947368421052	0.5789473684210527
other	0.2142857142857142	0.7285714285714285
low_clip_control	0.0789473684210526	0.8947368421052632
low_clip_control	0.4615384615384615	0.5384615384615384
low_clip_control	0.9230769230769232	0.0769230769230769
low_clip_control	0.3043478260869565	0.6956521739130435
other	0.5555555555555556	0.2222222222222222
high_clip_target	0.4117647058823529	0.5294117647058824
low_clip_control	0.625	0.375
low_clip_control	0.9090909090909092	0.0909090909090909
low_clip_control	0.7941176470588235	0.2058823529411764
low_clip_control	0.5384615384615384	0.4615384615384615
low_clip_control	0.75	0.1875
other	0.1111111111111111	0.8888888888888888
low_clip_control	0.6086956521739131	0.391304347826087
low_clip_control	0.6153846153846154	0.2307692307692307
other	0.0526315789473684	0.9473684210526316
low_clip_control	0.3191489361702128	0.6595744680851063
other	0.3888888888888889	0.5277777777777778
other	0.5	0.25
low_clip_control	1.0	0.0
low_clip_control	0.5	0.3666666666666666
other	0.6111111111111112	0.3888888888888889
low_clip_control	0.4722222222222222	0.3055555555555556
other	0.3218390804597701	0.6206896551724138
other	0.4791666666666667	0.4791666666666667
low_clip_control	0.1851851851851851	0.8148148148148148
low_clip_control	0.25	0.7
low_clip_control	0.972972972972973	0.027027027027027
other	0.4	0.56
high_clip_target	0.1956521739130435	0.7608695652173914
low_clip_control	0.6	0.4
other	0.2692307692307692	0.6153846153846154
other	0.2857142857142857	0.7142857142857143
low_clip_control	0.1739130434782608	0.6521739130434783
low_clip_control	0.6470588235294118	0.2352941176470588
other	0.6333333333333333	0.2333333333333333
other	0.0332225913621262	0.9601328903654484
low_clip_control	0.6666666666666666	0.3125
low_clip_control	0.2941176470588235	0.3529411764705882
other	0.1555555555555555	0.8444444444444444
high_clip_target	0.9411764705882352	0.0588235294117647
low_clip_control	0.4285714285714285	0.4285714285714285
other	0.8	0.2
other	0.3958333333333333	0.5833333333333334
low_clip_control	0.782608695652174	0.217391304347826
other	0.5714285714285714	0.3571428571428571
other	0.25	0.75
low_clip_control	0.1833333333333333	0.8166666666666667
low_clip_control	0.6666666666666666	0.3333333333333333
other	0.2195121951219512	0.6829268292682927
low_clip_control	0.2244897959183673	0.7346938775510204
low_clip_control	0.4166666666666667	0.5
low_clip_control	0.0	0.6
other	0.64	0.12
low_clip_control	1.0	0.0
other	0.2702702702702703	0.6756756756756757
other	0.9183673469387756	0.0
other	0.8918918918918919	0.027027027027027
other	0.8888888888888888	0.1111111111111111
other	0.8484848484848485	0.1515151515151515
low_clip_control	0.3225806451612903	0.6451612903225806
other	0.4782608695652174	0.1304347826086956
other	0.3823529411764705	0.5294117647058824
low_clip_control	0.1333333333333333	0.5333333333333333
low_clip_control	0.8888888888888888	0.1111111111111111
low_clip_control	0.625	0.125
functional_target	0.2037037037037037	0.6666666666666666
other	0.6666666666666666	0.0476190476190476
other	0.4615384615384615	0.4615384615384615
low_clip_control	0.660377358490566	0.3018867924528302
low_clip_control	0.2727272727272727	0.3636363636363636
other	0.238095238095238	0.7619047619047619
low_clip_control	0.5217391304347826	0.4782608695652174
other	0.189873417721519	0.7974683544303798
low_clip_control	0.85	0.15
other	0.7333333333333333	0.2666666666666666
low_clip_control	0.375	0.5
low_clip_control	0.5714285714285714	0.4285714285714285
other	0.8611111111111112	0.1333333333333333
other	0.75	0.25
low_clip_control	0.3529411764705882	0.6470588235294118
low_clip_control	0.8888888888888888	0.1111111111111111
low_clip_control	0.5	0.4
other	0.6	0.15
functional_target	0.4	0.6
other	0.2727272727272727	0.5454545454545454
low_clip_control	0.5625	0.375
low_clip_control	0.7333333333333333	0.2666666666666666
other	0.7164179104477612	0.2835820895522388
other	0.2857142857142857	0.5714285714285714
functional_target	0.4375	0.5416666666666666
other	0.4931506849315068	0.4794520547945205
other	0.2857142857142857	0.6571428571428571
other	0.4545454545454545	0.5454545454545454
low_clip_control	0.375	0.625
low_clip_control	0.4	0.2
low_clip_control	0.6153846153846154	0.3846153846153846
low_clip_control	0.8	0.0
low_clip_control	0.696969696969697	0.2424242424242424
low_clip_control	0.1666666666666666	0.3333333333333333
other	0.7058823529411765	0.1764705882352941
other	0.6923076923076923	0.2307692307692307
other	0.4	0.6
other	0.1578947368421052	0.8421052631578947
low_clip_control	0.1904761904761904	0.8095238095238095
other	0.0967741935483871	0.8709677419354839
low_clip_control	0.4489795918367347	0.5102040816326531
low_clip_control	0.5217391304347826	0.391304347826087
low_clip_control	0.4857142857142857	0.5142857142857142
other	1.0	0.0
low_clip_control	0.912280701754386	0.0526315789473684
low_clip_control	0.5208333333333334	0.4375
low_clip_control	0.2413793103448276	0.6551724137931034
low_clip_control	0.6842105263157895	0.3157894736842105
low_clip_control	0.0	1.0
other	0.75	0.25
other	0.65	0.35
low_clip_control	0.5128205128205128	0.4615384615384615
low_clip_control	0.391304347826087	0.4782608695652174
low_clip_control	0.4	0.6
functional_target	0.3333333333333333	0.6296296296296297
other	0.5238095238095238	0.2857142857142857
other	0.0	0.4285714285714285
low_clip_control	0.125	0.875
low_clip_control	0.6206896551724138	0.2413793103448276
other	0.9174311926605504	0.073394495412844
other	0.2222222222222222	0.6666666666666666
other	0.5151515151515151	0.4545454545454545
low_clip_control	0.8	0.0
other	0.7894736842105263	0.1052631578947368
other	0.3191489361702128	0.5957446808510638
low_clip_control	0.9090909090909092	0.0909090909090909
low_clip_control	0.6071428571428571	0.3571428571428571
other	0.864406779661017	0.1186440677966101
other	0.5	0.4047619047619047
other	0.4246575342465753	0.5753424657534246
low_clip_control	0.36	0.56
low_clip_control	0.8085106382978723	0.1914893617021276
low_clip_control	0.1052631578947368	0.6842105263157895
low_clip_control	0.6	0.3
low_clip_control	0.3	0.65
other	0.5909090909090909	0.2727272727272727
low_clip_control	0.7528089887640449	0.2134831460674157
other	0.125	0.8125
low_clip_control	0.5	0.5
low_clip_control	0.238095238095238	0.4761904761904761
low_clip_control	0.2857142857142857	0.0
low_clip_control	0.9393939393939394	0.0606060606060606
low_clip_control	0.7	0.2
low_clip_control	0.5652173913043478	0.391304347826087
low_clip_control	0.6521739130434783	0.2608695652173913
other	0.1666666666666666	0.8333333333333334
other	0.8620689655172413	0.1034482758620689
other	0.4	0.6
low_clip_control	0.7096774193548387	0.2258064516129032
other	0.5	0.5
other	0.5	0.4166666666666667
other	0.119047619047619	0.8333333333333334
other	0.3333333333333333	0.5416666666666666
other	0.8235294117647058	0.1176470588235294
low_clip_control	0.7272727272727273	0.1818181818181818
other	0.6702127659574468	0.2872340425531915
low_clip_control	0.5161290322580645	0.3225806451612903
other	0.1724137931034483	0.7586206896551724
high_clip_target	0.3877551020408163	0.5510204081632653
other	0.2352941176470588	0.7352941176470589
other	0.8852459016393442	0.0655737704918032
other	0.4	0.2
other	0.2222222222222222	0.7777777777777778
other	0.8928571428571429	0.1071428571428571
other	0.12	0.88
other	0.5	0.5
other	0.2631578947368421	0.631578947368421
other	0.8181818181818182	0.1363636363636363
low_clip_control	0.0	1.0
functional_target	0.4772727272727273	0.3863636363636363
other	0.4166666666666667	0.4166666666666667
functional_target	0.7297297297297297	0.1621621621621621
other	0.0869565217391304	0.9130434782608696
other	0.5263157894736842	0.4210526315789473
high_clip_target	1.0	0.0
other	0.9642857142857144	0.0178571428571428
other	0.7941176470588235	0.2058823529411764
other	0.2857142857142857	0.5714285714285714
other	0.0	0.8571428571428571
low_clip_control	0.8484848484848485	0.0909090909090909
other	0.4358974358974359	0.4615384615384615
high_clip_target	0.7692307692307693	0.173076923076923
other	0.7450980392156863	0.1568627450980392
low_clip_control	0.2786885245901639	0.5737704918032787
other	0.6666666666666666	0.3333333333333333
other	0.5	0.25
functional_target	0.950413223140496	0.0413223140495867
low_clip_control	0.325	0.375
other	0.42	0.58
low_clip_control	0.5454545454545454	0.4545454545454545
high_clip_target	0.6153846153846154	0.2564102564102564
other	0.3548387096774194	0.6451612903225806
other	0.9090909090909092	0.0909090909090909
functional_target	0.3061224489795918	0.6938775510204082
low_clip_control	0.55	0.35
low_clip_control	0.6	0.4
low_clip_control	0.7333333333333333	0.0
low_clip_control	0.9545454545454546	0.0454545454545454
other	0.3529411764705882	0.5588235294117647
low_clip_control	0.4166666666666667	0.5833333333333334
low_clip_control	0.3829787234042553	0.4042553191489361
functional_target	0.2962962962962963	0.1111111111111111
other	0.2352941176470588	0.7254901960784313
high_clip_target	0.0869565217391304	0.9130434782608696
low_clip_control	0.4736842105263157	0.4210526315789473
other	0.4	0.2
low_clip_control	0.7647058823529411	0.2352941176470588
low_clip_control	0.8461538461538461	0.1538461538461538
low_clip_control	0.3773584905660377	0.6037735849056604
low_clip_control	0.1724137931034483	0.7931034482758621
other	0.5773195876288659	0.4020618556701031
functional_target	0.1379310344827586	0.8275862068965517
low_clip_control	0.3214285714285714	0.6428571428571429
low_clip_control	0.5333333333333333	0.4
low_clip_control	0.5555555555555556	0.25
low_clip_control	0.875	0.0625
low_clip_control	0.3571428571428571	0.5714285714285714
low_clip_control	0.25	0.75
other	0.5416666666666666	0.4583333333333333
other	0.6231884057971014	0.2898550724637681
other	0.1875	0.75
low_clip_control	0.9661016949152542	0.0338983050847457
low_clip_control	0.8414634146341463	0.1219512195121951
low_clip_control	0.3793103448275862	0.5172413793103449
low_clip_control	0.59375	0.375
low_clip_control	0.4516129032258064	0.4838709677419355
high_clip_target	0.0	1.0
low_clip_control	0.3571428571428571	0.0714285714285714
low_clip_control	0.5	0.2142857142857142
other	0.5882352941176471	0.3333333333333333
other	0.9333333333333332	0.0
low_clip_control	0.6	0.3333333333333333
low_clip_control	0.6	0.3333333333333333
other	0.0833333333333333	0.75
low_clip_control	0.6875	0.125
low_clip_control	0.0625	0.875
low_clip_control	0.5	0.5
other	0.2083333333333333	0.7916666666666666
low_clip_control	0.5238095238095238	0.3809523809523809
other	1.0	0.0
high_clip_target	0.3043478260869565	0.391304347826087
low_clip_control	0.1363636363636363	0.7272727272727273
low_clip_control	0.3333333333333333	0.6666666666666666
other	0.625	0.3125
other	1.0	0.0
low_clip_control	0.6666666666666666	0.1333333333333333
low_clip_control	0.875	0.125
low_clip_control	0.3333333333333333	0.6666666666666666
low_clip_control	0.631578947368421	0.3157894736842105
low_clip_control	0.625	0.3125
other	0.1111111111111111	0.8611111111111112
other	0.15	0.7
low_clip_control	0.25	0.6785714285714286
other	0.3043478260869565	0.6521739130434783
low_clip_control	0.4117647058823529	0.5882352941176471
other	0.5384615384615384	0.3846153846153846
high_clip_target	0.78125	0.21875
high_clip_target	0.5294117647058824	0.0588235294117647
low_clip_control	0.5777777777777777	0.4222222222222222
low_clip_control	0.36	0.4
low_clip_control	0.9333333333333332	0.0666666666666666
other	0.2258064516129032	0.7419354838709677
other	0.2456140350877192	0.6666666666666666
other	0.6	0.2
low_clip_control	0.1666666666666666	0.7380952380952381
low_clip_control	0.8666666666666667	0.0
high_clip_target	0.6818181818181818	0.1363636363636363
other	0.6190476190476191	0.238095238095238
other	0.3611111111111111	0.5833333333333334
other	0.7076923076923077	0.2307692307692307
low_clip_control	0.8928571428571429	0.0714285714285714
functional_target	0.5666666666666667	0.4333333333333333
low_clip_control	0.0759493670886076	0.9240506329113924
low_clip_control	0.217391304347826	0.6739130434782609
other	0.875	0.0
low_clip_control	0.3870967741935484	0.6129032258064516
other	0.5925925925925926	0.3888888888888889
functional_target	0.2592592592592592	0.6666666666666666
other	0.5333333333333333	0.4666666666666667
other	0.125	0.8125
low_clip_control	0.2222222222222222	0.7777777777777778
low_clip_control	0.7692307692307693	0.2307692307692307
low_clip_control	0.2142857142857142	0.5714285714285714
low_clip_control	0.8076923076923077	0.0769230769230769
low_clip_control	0.3043478260869565	0.5652173913043478
low_clip_control	0.8421052631578947	0.1578947368421052
other	0.8703703703703703	0.1296296296296296
other	0.0	1.0
high_clip_target	0.4722222222222222	0.4722222222222222
high_clip_target	0.3333333333333333	0.0
low_clip_control	0.5428571428571428	0.4285714285714285
low_clip_control	1.0	0.0
high_clip_target	0.6153846153846154	0.3076923076923077
other	0.9655172413793104	0.0344827586206896
low_clip_control	0.1304347826086956	0.6956521739130435
other	0.4651162790697674	0.5116279069767442
low_clip_control	0.8571428571428571	0.0
other	0.6296296296296297	0.3703703703703703
low_clip_control	0.48	0.4
other	0.8333333333333334	0.0833333333333333
other	0.5882352941176471	0.2352941176470588
other	0.4666666666666667	0.4
low_clip_control	0.979591836734694	0.0204081632653061
other	0.3333333333333333	0.5
low_clip_control	0.68	0.12
low_clip_control	0.5909090909090909	0.2272727272727272
low_clip_control	0.926829268292683	0.048780487804878
other	0.6296296296296297	0.2222222222222222
other	0.9090909090909092	0.0181818181818181
low_clip_control	0.5384615384615384	0.3846153846153846
other	1.0	0.0
low_clip_control	0.625	0.3333333333333333
low_clip_control	0.4444444444444444	0.5555555555555556
other	0.5384615384615384	0.3076923076923077
low_clip_control	0.2333333333333333	0.7666666666666667
other	0.4666666666666667	0.4
other	0.2745098039215686	0.6470588235294118
low_clip_control	0.9318181818181818	0.0227272727272727
low_clip_control	0.6923076923076923	0.2307692307692307
other	0.2916666666666667	0.7083333333333334
other	0.3684210526315789	0.5789473684210527
other	0.15625	0.75
other	0.8148148148148148	0.1481481481481481
low_clip_control	0.4444444444444444	0.3333333333333333
other	0.5294117647058824	0.4117647058823529
low_clip_control	0.4634146341463415	0.2439024390243902
other	0.3	0.6
low_clip_control	0.3333333333333333	0.6666666666666666
other	0.7906976744186046	0.1395348837209302
other	0.2564102564102564	0.717948717948718
low_clip_control	0.4285714285714285	0.4285714285714285
other	0.217391304347826	0.6086956521739131
low_clip_control	0.5384615384615384	0.0769230769230769
other	0.2708333333333333	0.6875
low_clip_control	0.8571428571428571	0.0
low_clip_control	0.5789473684210527	0.3684210526315789
other	0.717948717948718	0.1794871794871795
other	0.3	0.5
low_clip_control	0.8	0.2
low_clip_control	0.5333333333333333	0.4
high_clip_target	0.5238095238095238	0.4523809523809524
other	0.5833333333333334	0.4166666666666667
low_clip_control	1.0	0.0
other	0.7272727272727273	0.0909090909090909
functional_target	0.1351351351351351	0.8108108108108109
low_clip_control	0.2222222222222222	0.5925925925925926
other	0.6756756756756757	0.2432432432432432
other	0.3125	0.65625
other	0.3214285714285714	0.6428571428571429
low_clip_control	0.2222222222222222	0.6666666666666666
low_clip_control	0.1111111111111111	0.1111111111111111
other	0.21875	0.625
other	0.2608695652173913	0.7391304347826086
low_clip_control	1.0	0.0
functional_target	1.0	0.0
low_clip_control	0.7586206896551724	0.1379310344827586
low_clip_control	0.4363636363636363	0.5636363636363636
other	0.40625	0.59375
functional_target	0.1176470588235294	0.8529411764705882
low_clip_control	0.3636363636363636	0.6
low_clip_control	0.5714285714285714	0.4285714285714285
other	0.5714285714285714	0.3571428571428571
low_clip_control	0.5909090909090909	0.3181818181818182
low_clip_control	0.3888888888888889	0.6111111111111112
low_clip_control	0.4444444444444444	0.3333333333333333
low_clip_control	0.4	0.4
low_clip_control	0.5833333333333334	0.0833333333333333
low_clip_control	0.8484848484848485	0.0606060606060606
low_clip_control	0.16	0.76
other	0.3571428571428571	0.6428571428571429
other	0.45	0.55
high_clip_target	0.3928571428571428	0.6071428571428571
high_clip_target	0.4068965517241379	0.5793103448275863
other	0.5833333333333334	0.0833333333333333
low_clip_control	0.6	0.0
low_clip_control	0.975	0.025
low_clip_control	0.7619047619047619	0.238095238095238
low_clip_control	0.21875	0.6875
other	1.0	0.0
other	0.2962962962962963	0.5925925925925926
other	0.2916666666666667	0.6666666666666666
low_clip_control	0.8488372093023255	0.1511627906976744
other	0.3	0.6
low_clip_control	0.8421052631578947	0.1052631578947368
other	0.2439024390243902	0.6585365853658537
low_clip_control	0.8076923076923077	0.1923076923076923
high_clip_target	0.6363636363636364	0.2727272727272727
high_clip_target	0.4444444444444444	0.4444444444444444
other	0.3181818181818182	0.6818181818181818
other	0.1162790697674418	0.8837209302325582
low_clip_control	0.4117647058823529	0.5294117647058824
high_clip_target	0.7590361445783133	0.2289156626506024
low_clip_control	0.68	0.28
other	0.1904761904761904	0.8095238095238095
other	0.5652173913043478	0.217391304347826
other	0.8974358974358975	0.0
low_clip_control	0.088235294117647	0.7941176470588235
other	0.5714285714285714	0.4285714285714285
low_clip_control	0.6875	0.25
low_clip_control	0.3157894736842105	0.5263157894736842
high_clip_target	0.4761904761904761	0.2857142857142857
low_clip_control	0.68	0.3
other	0.5526315789473685	0.4210526315789473
high_clip_target	0.375	0.5833333333333334
low_clip_control	0.0909090909090909	0.8181818181818182
high_clip_target	0.4603174603174603	0.4603174603174603
low_clip_control	0.32	0.5333333333333333
low_clip_control	0.6417910447761194	0.3283582089552239
other	0.40625	0.59375
other	0.0909090909090909	0.8181818181818182
high_clip_target	0.7096774193548387	0.032258064516129
functional_target	0.3669724770642202	0.6330275229357798
other	0.4468085106382978	0.5106382978723404
low_clip_control	0.4761904761904761	0.3809523809523809
low_clip_control	0.4761904761904761	0.5238095238095238
low_clip_control	0.7777777777777778	0.1851851851851851
functional_target	0.3333333333333333	0.6666666666666666
low_clip_control	0.2972972972972973	0.6216216216216216
other	0.28	0.68
other	0.5	0.4285714285714285
other	0.3809523809523809	0.6190476190476191
low_clip_control	0.8571428571428571	0.0714285714285714
other	0.2666666666666666	0.6666666666666666
high_clip_target	0.2195121951219512	0.6585365853658537
functional_target	0.6	0.4
other	0.6486486486486487	0.2432432432432432
high_clip_target	0.5	0.5
low_clip_control	0.3333333333333333	0.6
other	0.4210526315789473	0.5789473684210527
low_clip_control	0.5789473684210527	0.3157894736842105
low_clip_control	0.9555555555555556	0.0444444444444444
low_clip_control	0.5172413793103449	0.4827586206896552
other	0.2051282051282051	0.7435897435897436
high_clip_target	0.6666666666666666	0.2898550724637681
other	0.5	0.2222222222222222
other	0.5	0.0
low_clip_control	0.5555555555555556	0.2222222222222222
other	0.1875	0.8125
low_clip_control	0.8	0.1714285714285714
other	0.358974358974359	0.4358974358974359
other	0.6944444444444444	0.25
other	0.1509433962264151	0.8490566037735849
low_clip_control	0.90625	0.078125
low_clip_control	0.1666666666666666	0.3333333333333333
other	0.4230769230769231	0.4230769230769231
high_clip_target	0.5555555555555556	0.4444444444444444
low_clip_control	0.5	0.25
low_clip_control	0.65	0.35
low_clip_control	0.5263157894736842	0.4736842105263157
other	1.0	0.0
low_clip_control	0.238095238095238	0.6666666666666666
other	0.96	0.04
other	0.7894736842105263	0.2105263157894736
low_clip_control	0.8235294117647058	0.1176470588235294
low_clip_control	0.95	0.05
other	0.8461538461538461	0.1153846153846153
low_clip_control	0.5384615384615384	0.4615384615384615
low_clip_control	0.2	0.6923076923076923
low_clip_control	1.0	0.0
other	0.2241379310344827	0.7241379310344828
other	0.1111111111111111	0.8518518518518519
other	0.7659574468085106	0.2340425531914893
low_clip_control	0.25	0.2083333333333333
low_clip_control	0.391304347826087	0.6086956521739131
low_clip_control	0.8095238095238095	0.1428571428571428
low_clip_control	0.2142857142857142	0.6428571428571429
high_clip_target	0.1777777777777777	0.6888888888888889
low_clip_control	0.6	0.4
other	0.78	0.18
other	0.8828828828828829	0.1171171171171171
low_clip_control	0.4651162790697674	0.3023255813953488
low_clip_control	1.0	0.0
low_clip_control	0.4285714285714285	0.4897959183673469
other	0.3461538461538461	0.6153846153846154
low_clip_control	0.5932203389830508	0.3898305084745763
other	0.075	0.875
other	0.2777777777777778	0.6111111111111112
low_clip_control	0.3076923076923077	0.6153846153846154
low_clip_control	0.9272727272727272	0.0545454545454545
other	0.7419354838709677	0.2580645161290322
low_clip_control	0.7916666666666666	0.1666666666666666
high_clip_target	0.6382978723404256	0.3617021276595745
low_clip_control	1.0	0.0
other	0.9285714285714286	0.0714285714285714
low_clip_control	0.6060606060606061	0.0303030303030303
low_clip_control	0.7142857142857143	0.1428571428571428
low_clip_control	0.875	0.0625
other	0.4444444444444444	0.3055555555555556
other	0.5454545454545454	0.4318181818181818
low_clip_control	0.5	0.2
low_clip_control	0.7333333333333333	0.2666666666666666
low_clip_control	0.5	0.4523809523809524
low_clip_control	0.40625	0.4375
low_clip_control	0.7142857142857143	0.0
high_clip_target	0.7096774193548387	0.2419354838709677
other	0.7142857142857143	0.2142857142857142
other	0.64	0.36
other	0.7619047619047619	0.238095238095238
other	0.6774193548387096	0.0
other	0.1333333333333333	0.7777777777777778
low_clip_control	0.4	0.4
low_clip_control	0.1612903225806451	0.8064516129032258
other	0.2962962962962963	0.7037037037037037
low_clip_control	0.4848484848484848	0.2424242424242424
low_clip_control	1.0	0.0
other	0.2592592592592592	0.7037037037037037
low_clip_control	0.6176470588235294	0.3529411764705882
functional_target	0.6341463414634146	0.3658536585365853
low_clip_control	0.3333333333333333	0.3333333333333333
low_clip_control	0.4444444444444444	0.5138888888888888
other	0.5517241379310345	0.4137931034482758
other	0.9047619047619048	0.0952380952380952
low_clip_control	0.3214285714285714	0.6428571428571429
low_clip_control	0.8695652173913043	0.0
low_clip_control	0.8823529411764706	0.0588235294117647
low_clip_control	0.7	0.2
other	0.4444444444444444	0.4444444444444444
other	0.3870967741935484	0.2580645161290322
low_clip_control	0.2222222222222222	0.2222222222222222
functional_target	0.7058823529411765	0.2941176470588235
other	0.5632183908045977	0.425287356321839
low_clip_control	0.5	0.5
functional_target	1.0	0.0
low_clip_control	0.4	0.6
other	0.7	0.225
low_clip_control	0.5476190476190477	0.4047619047619047
other	0.5172413793103449	0.4137931034482758
low_clip_control	0.1590909090909091	0.6363636363636364
other	0.5625	0.390625
low_clip_control	0.6666666666666666	0.1666666666666666
low_clip_control	0.5666666666666667	0.3
high_clip_target	1.0	0.0
functional_target	0.8539325842696629	0.1011235955056179
other	0.5833333333333334	0.3333333333333333
other	0.6292134831460674	0.348314606741573
low_clip_control	0.4117647058823529	0.4117647058823529
low_clip_control	0.935483870967742	0.0
other	0.15	0.6
low_clip_control	0.5	0.5
other	0.8103448275862069	0.1551724137931034
functional_target	0.4516129032258064	0.5161290322580645
low_clip_control	0.5833333333333334	0.375
low_clip_control	0.5	0.4411764705882353
other	0.8360655737704918	0.1557377049180328
other	0.78125	0.15625
low_clip_control	0.2222222222222222	0.6666666666666666
other	0.4857142857142857	0.3142857142857143
low_clip_control	0.5384615384615384	0.4358974358974359
low_clip_control	0.5555555555555556	0.4444444444444444
low_clip_control	0.3888888888888889	0.4444444444444444
other	0.6590909090909091	0.3409090909090909
low_clip_control	0.4193548387096774	0.5161290322580645
low_clip_control	0.8666666666666667	0.05
high_clip_target	0.9166666666666666	0.0833333333333333
low_clip_control	0.4230769230769231	0.2307692307692307
other	0.6666666666666666	0.0
low_clip_control	0.3863636363636363	0.6136363636363636
low_clip_control	0.3846153846153846	0.3846153846153846
other	0.2727272727272727	0.7090909090909091
other	0.8421052631578947	0.1052631578947368
other	0.0975609756097561	0.902439024390244
high_clip_target	0.8571428571428571	0.0238095238095238
low_clip_control	0.2	0.5
low_clip_control	0.75	0.0416666666666666
low_clip_control	0.7916666666666666	0.2083333333333333
low_clip_control	0.6363636363636364	0.2727272727272727
low_clip_control	0.3076923076923077	0.6538461538461539
low_clip_control	0.2592592592592592	0.7407407407407407
high_clip_target	0.2553191489361702	0.7446808510638298
other	0.945945945945946	0.0405405405405405
other	0.6666666666666666	0.3333333333333333
low_clip_control	0.6842105263157895	0.2631578947368421
functional_target	0.2352941176470588	0.4705882352941176
low_clip_control	0.4761904761904761	0.5238095238095238
low_clip_control	0.8333333333333334	0.0
low_clip_control	0.3846153846153846	0.4230769230769231
other	0.217391304347826	0.5217391304347826
low_clip_control	0.4615384615384615	0.5384615384615384
low_clip_control	0.75	0.25
functional_target	0.04	0.92
high_clip_target	0.7272727272727273	0.0909090909090909
low_clip_control	0.5	0.5
low_clip_control	0.1904761904761904	0.8095238095238095
other	0.4545454545454545	0.4545454545454545
other	0.303030303030303	0.696969696969697
low_clip_control	0.7777777777777778	0.1111111111111111
low_clip_control	0.6666666666666666	0.2857142857142857
low_clip_control	0.3103448275862069	0.5862068965517241
other	0.1739130434782608	0.7391304347826086
low_clip_control	0.3666666666666666	0.5
functional_target	0.4583333333333333	0.4166666666666667
low_clip_control	0.4615384615384615	0.5
other	0.4	0.2
other	0.391304347826087	0.3043478260869565
other	0.1666666666666666	0.8333333333333334
low_clip_control	0.7	0.2
low_clip_control	0.8461538461538461	0.0
low_clip_control	0.8064516129032258	0.1935483870967742
low_clip_control	0.7692307692307693	0.2307692307692307
low_clip_control	0.5833333333333334	0.3888888888888889
low_clip_control	0.391304347826087	0.4347826086956521
low_clip_control	0.5	0.5
other	0.6875	0.0
low_clip_control	0.5	0.25
other	0.15	0.8
other	0.8	0.1
high_clip_target	0.625	0.28125
low_clip_control	0.5476190476190477	0.4047619047619047
low_clip_control	0.3	0.0
low_clip_control	0.64	0.2
low_clip_control	0.2	0.6
other	0.0967741935483871	0.8870967741935484
low_clip_control	0.6	0.2
low_clip_control	0.2978723404255319	0.6595744680851063
other	0.0	0.0
other	0.9375	0.0625
functional_target	0.2666666666666666	0.7333333333333333
low_clip_control	0.9545454545454546	0.0
other	0.4	0.4
other	0.5172413793103449	0.4827586206896552
other	0.48	0.52
other	0.5974025974025974	0.3636363636363636
other	0.875	0.0
high_clip_target	0.5050505050505051	0.4646464646464646
low_clip_control	0.25	0.5
low_clip_control	0.3181818181818182	0.6818181818181818
low_clip_control	0.52	0.42
low_clip_control	0.9629629629629628	0.0185185185185185
low_clip_control	0.6595744680851063	0.3404255319148936
low_clip_control	0.4615384615384615	0.3846153846153846
low_clip_control	0.5789473684210527	0.2105263157894736
low_clip_control	0.9545454545454546	0.0454545454545454
other	0.5	0.4761904761904761
other	0.0714285714285714	0.8928571428571429
other	0.6666666666666666	0.2777777777777778
other	0.6829268292682927	0.2926829268292683
other	0.0	0.9333333333333332
other	0.6190476190476191	0.3333333333333333
other	0.3636363636363636	0.2727272727272727
other	0.6666666666666666	0.1428571428571428
other	0.2608695652173913	0.7391304347826086
high_clip_target	0.3636363636363636	0.4363636363636363
low_clip_control	0.4791666666666667	0.4791666666666667
low_clip_control	0.1739130434782608	0.5652173913043478
low_clip_control	0.8	0.0
other	0.1666666666666666	0.7777777777777778
other	0.2903225806451613	0.4193548387096774
other	0.8	0.2
low_clip_control	0.75	0.25
low_clip_control	0.4166666666666667	0.5833333333333334
low_clip_control	0.1666666666666666	0.8333333333333334
other	0.4901960784313725	0.4705882352941176
low_clip_control	0.6666666666666666	0.3333333333333333
other	0.7857142857142857	0.2142857142857142
other	0.4722222222222222	0.5277777777777778
other	0.6071428571428571	0.3928571428571428
low_clip_control	0.5833333333333334	0.1666666666666666
low_clip_control	0.75	0.125
other	0.3	0.65
low_clip_control	0.5	0.4117647058823529
other	0.5	0.475
high_clip_target	0.1818181818181818	0.3636363636363636
other	0.1111111111111111	0.8518518518518519
low_clip_control	0.6842105263157895	0.2631578947368421
low_clip_control	0.5555555555555556	0.3333333333333333
other	0.2631578947368421	0.7368421052631579
other	0.863013698630137	0.136986301369863
low_clip_control	0.4117647058823529	0.4705882352941176
low_clip_control	0.6111111111111112	0.2777777777777778
other	0.0	0.0
other	0.5217391304347826	0.3043478260869565
low_clip_control	1.0	0.0
low_clip_control	0.9787234042553192	0.0212765957446808
other	0.26	0.68
other	0.6	0.4
other	0.2121212121212121	0.6363636363636364
other	0.5	0.4642857142857143
functional_target	0.1578947368421052	0.7368421052631579
low_clip_control	0.4444444444444444	0.5555555555555556
other	0.0526315789473684	0.9473684210526316
low_clip_control	0.7666666666666667	0.2333333333333333
functional_target	0.1041666666666666	0.75
other	0.2727272727272727	0.7272727272727273
high_clip_target	0.4848484848484848	0.4848484848484848
other	0.5384615384615384	0.3461538461538461
low_clip_control	0.3369565217391304	0.6413043478260869
other	0.4	0.6
low_clip_control	0.35	0.4
low_clip_control	0.2857142857142857	0.7142857142857143
other	0.7096774193548387	0.2258064516129032
other	0.6363636363636364	0.1818181818181818
other	0.5263157894736842	0.4736842105263157
other	0.2142857142857142	0.7857142857142857
other	0.2083333333333333	0.7916666666666666
other	0.9333333333333332	0.0666666666666666
low_clip_control	0.625	0.375
low_clip_control	0.84	0.14
other	1.0	0.0
low_clip_control	0.8571428571428571	0.1428571428571428
other	0.5882352941176471	0.1176470588235294
low_clip_control	0.3	0.7
low_clip_control	0.7666666666666667	0.2
low_clip_control	0.575	0.375
other	0.4318181818181818	0.4318181818181818
low_clip_control	0.5	0.5
other	0.5555555555555556	0.4444444444444444
other	0.54	0.42
other	0.25	0.7142857142857143
low_clip_control	0.5	0.5
other	0.6	0.24
other	0.25	0.5
high_clip_target	0.7	0.1
low_clip_control	0.8181818181818182	0.1818181818181818
functional_target	0.3125	0.6666666666666666
low_clip_control	0.9387755102040816	0.0612244897959183
low_clip_control	0.5	0.3823529411764705
low_clip_control	0.4444444444444444	0.5555555555555556
other	0.7555555555555555	0.0666666666666666
low_clip_control	0.2033898305084746	0.7457627118644068
high_clip_target	0.3191489361702128	0.6382978723404256
low_clip_control	1.0	0.0
low_clip_control	0.5555555555555556	0.4444444444444444
other	0.328125	0.640625
low_clip_control	0.5555555555555556	0.3888888888888889
low_clip_control	0.425	0.475
other	0.2105263157894736	0.7894736842105263
low_clip_control	0.4285714285714285	0.4642857142857143
other	0.88	0.04
low_clip_control	0.7878787878787878	0.1515151515151515
other	0.3703703703703703	0.4444444444444444
low_clip_control	0.5833333333333334	0.3333333333333333
low_clip_control	0.4782608695652174	0.391304347826087
other	0.3076923076923077	0.5641025641025641
low_clip_control	0.6666666666666666	0.1666666666666666
other	0.4146341463414634	0.5365853658536586
low_clip_control	0.5853658536585366	0.3902439024390244
low_clip_control	0.9655172413793104	0.0344827586206896
low_clip_control	0.7222222222222222	0.1111111111111111
low_clip_control	0.4193548387096774	0.5483870967741935
high_clip_target	0.8461538461538461	0.0
other	0.2325581395348837	0.7674418604651163
other	0.2926829268292683	0.6341463414634146
low_clip_control	0.7272727272727273	0.2727272727272727
low_clip_control	0.4594594594594595	0.5135135135135135
low_clip_control	0.8	0.2
other	0.3333333333333333	0.6666666666666666
low_clip_control	0.2857142857142857	0.7142857142857143
low_clip_control	0.6666666666666666	0.25
low_clip_control	0.7272727272727273	0.1818181818181818
high_clip_target	0.4761904761904761	0.0
low_clip_control	0.7619047619047619	0.1904761904761904
low_clip_control	0.5	0.375
other	0.6666666666666666	0.0833333333333333
other	0.3	0.7
other	0.21875	0.75
low_clip_control	1.0	0.0
low_clip_control	0.4782608695652174	0.3043478260869565
functional_target	0.2272727272727272	0.6363636363636364
low_clip_control	0.375	0.625
other	0.3529411764705882	0.5882352941176471
low_clip_control	0.5428571428571428	0.3714285714285714
low_clip_control	0.6875	0.125
other	0.2727272727272727	0.6666666666666666
low_clip_control	0.6842105263157895	0.3157894736842105
other	0.8888888888888888	0.1111111111111111
low_clip_control	0.5909090909090909	0.4090909090909091
other	0.625	0.25
high_clip_target	1.0	0.0
low_clip_control	0.75	0.0714285714285714
low_clip_control	0.6949152542372882	0.2711864406779661
low_clip_control	0.3666666666666666	0.6333333333333333
low_clip_control	0.2777777777777778	0.6944444444444444
low_clip_control	0.1875	0.75
low_clip_control	0.3888888888888889	0.6111111111111112
low_clip_control	0.64	0.36
low_clip_control	0.7428571428571429	0.2
high_clip_target	0.5	0.3928571428571428
low_clip_control	0.75	0.25
low_clip_control	0.8529411764705882	0.0588235294117647
other	0.4545454545454545	0.3636363636363636
low_clip_control	0.6086956521739131	0.2608695652173913
other	0.75	0.0833333333333333
low_clip_control	0.2307692307692307	0.717948717948718
low_clip_control	0.7719298245614035	0.1929824561403508
low_clip_control	0.4666666666666667	0.5333333333333333
low_clip_control	0.8961038961038961	0.0779220779220779
low_clip_control	0.3928571428571428	0.5357142857142857
low_clip_control	0.65	0.35
low_clip_control	0.8235294117647058	0.1764705882352941
other	0.8709677419354839	0.0967741935483871
low_clip_control	0.9	0.1
other	0.3555555555555555	0.6444444444444445
high_clip_target	0.5555555555555556	0.1111111111111111
low_clip_control	0.3076923076923077	0.6153846153846154
functional_target	0.3333333333333333	0.6410256410256411
low_clip_control	0.85	0.15
low_clip_control	0.24	0.76
low_clip_control	0.5833333333333334	0.3333333333333333
low_clip_control	0.1818181818181818	0.7727272727272727
low_clip_control	0.76	0.16
low_clip_control	0.1	0.55
other	0.6538461538461539	0.2948717948717949
other	0.5714285714285714	0.2857142857142857
functional_target	0.2307692307692307	0.7307692307692307
other	0.15625	0.84375
low_clip_control	0.6046511627906976	0.3720930232558139
other	0.918918918918919	0.081081081081081
low_clip_control	0.3	0.7
other	0.5714285714285714	0.2857142857142857
low_clip_control	1.0	0.0
low_clip_control	0.5263157894736842	0.0526315789473684
low_clip_control	0.7058823529411765	0.2352941176470588
other	0.8064516129032258	0.1612903225806451
low_clip_control	0.7142857142857143	0.2571428571428571
other	0.6363636363636364	0.1818181818181818
other	0.1034482758620689	0.8620689655172413
low_clip_control	0.6666666666666666	0.2222222222222222
other	0.4615384615384615	0.3076923076923077
high_clip_target	0.3571428571428571	0.5238095238095238
other	0.4090909090909091	0.5909090909090909
low_clip_control	0.9166666666666666	0.0
low_clip_control	0.5	0.3928571428571428
low_clip_control	0.8275862068965517	0.1034482758620689
low_clip_control	1.0	0.0
low_clip_control	0.8936170212765957	0.0851063829787234
other	0.2028985507246377	0.6666666666666666
other	0.5373134328358209	0.4626865671641791
other	0.2238805970149253	0.7761194029850746
other	0.5217391304347826	0.4782608695652174
other	0.7333333333333333	0.2666666666666666
low_clip_control	0.1304347826086956	0.8695652173913043
low_clip_control	0.925925925925926	0.074074074074074
functional_target	0.7021276595744681	0.2765957446808511
low_clip_control	0.8837209302325582	0.1162790697674418
low_clip_control	0.6956521739130435	0.2826086956521739
other	0.7931034482758621	0.1034482758620689
other	0.2631578947368421	0.5263157894736842
low_clip_control	0.2631578947368421	0.5526315789473685
other	0.99009900990099	0.0
other	0.7380952380952381	0.2619047619047619
other	0.3043478260869565	0.5217391304347826
functional_target	0.8169014084507042	0.0985915492957746
other	0.96875	0.03125
other	0.7971014492753623	0.2028985507246377
low_clip_control	0.8461538461538461	0.0769230769230769
low_clip_control	0.775	0.2
low_clip_control	0.6111111111111112	0.2222222222222222
low_clip_control	0.8	0.1
other	0.7391304347826086	0.2608695652173913
low_clip_control	0.8235294117647058	0.1764705882352941
low_clip_control	0.8	0.1666666666666666
low_clip_control	0.9333333333333332	0.0
other	0.6794871794871795	0.3076923076923077
low_clip_control	0.7407407407407407	0.2222222222222222
low_clip_control	0.7058823529411765	0.1764705882352941
other	0.1	0.8333333333333334
other	0.8115942028985508	0.1884057971014492
functional_target	0.5384615384615384	0.4615384615384615
low_clip_control	0.9142857142857144	0.0571428571428571
other	0.4117647058823529	0.5
other	0.6122448979591837	0.3469387755102041
other	0.7755102040816326	0.1836734693877551
low_clip_control	0.5555555555555556	0.3703703703703703
low_clip_control	0.4705882352941176	0.5294117647058824
low_clip_control	0.4230769230769231	0.5769230769230769
low_clip_control	0.35	0.65
other	0.3061224489795918	0.6326530612244898
low_clip_control	0.5365853658536586	0.4634146341463415
low_clip_control	1.0	0.0
low_clip_control	0.2222222222222222	0.7407407407407407
low_clip_control	0.8648648648648649	0.1351351351351351
functional_target	0.6666666666666666	0.2222222222222222
other	0.375	0.6111111111111112
other	0.125	0.875
other	1.0	0.0
high_clip_target	0.4102564102564102	0.5128205128205128
low_clip_control	0.5714285714285714	0.3571428571428571
low_clip_control	1.0	0.0
low_clip_control	0.8695652173913043	0.0434782608695652
other	0.1904761904761904	0.8095238095238095
low_clip_control	0.3333333333333333	0.5416666666666666
low_clip_control	0.1923076923076923	0.7692307692307693
other	0.5666666666666667	0.3333333333333333
low_clip_control	0.6666666666666666	0.1904761904761904
low_clip_control	0.3846153846153846	0.6153846153846154
other	0.9565217391304348	0.0434782608695652
low_clip_control	0.9230769230769232	0.0384615384615384
low_clip_control	0.5217391304347826	0.391304347826087
low_clip_control	1.0	0.0
low_clip_control	0.1666666666666666	0.5833333333333334
low_clip_control	0.8791208791208791	0.0439560439560439
other	0.0795454545454545	0.9204545454545454
other	0.5714285714285714	0.2857142857142857
other	0.4705882352941176	0.5294117647058824
other	0.8846153846153846	0.0
other	0.9655172413793104	0.0344827586206896
low_clip_control	0.4	0.2
other	0.65625	0.34375
other	0.4	0.6
low_clip_control	0.7857142857142857	0.2142857142857142
low_clip_control	0.918918918918919	0.054054054054054
other	0.6296296296296297	0.2962962962962963
high_clip_target	0.6153846153846154	0.3076923076923077
low_clip_control	0.7272727272727273	0.1818181818181818
other	0.4444444444444444	0.5555555555555556
low_clip_control	1.0	0.0
low_clip_control	0.85	0.0
low_clip_control	0.4545454545454545	0.5454545454545454
low_clip_control	0.4468085106382978	0.5531914893617021
other	0.2941176470588235	0.6176470588235294
other	0.9	0.1
low_clip_control	0.9	0.1
other	0.8214285714285714	0.125
other	0.2258064516129032	0.7096774193548387
low_clip_control	0.6363636363636364	0.0909090909090909
other	0.9	0.1
low_clip_control	0.4166666666666667	0.5
other	0.5333333333333333	0.4
low_clip_control	0.625	0.375
low_clip_control	0.5	0.4
low_clip_control	0.7	0.3
low_clip_control	1.0	0.0
other	0.4418604651162791	0.5581395348837209
low_clip_control	0.2727272727272727	0.6363636363636364
high_clip_target	0.75	0.25
low_clip_control	0.6470588235294118	0.2941176470588235
low_clip_control	0.4285714285714285	0.5446428571428571
other	0.3	0.0
low_clip_control	0.4137931034482758	0.5517241379310345
low_clip_control	0.6530612244897959	0.3265306122448979
low_clip_control	0.8888888888888888	0.1111111111111111
low_clip_control	0.5454545454545454	0.4545454545454545
low_clip_control	0.981132075471698	0.0188679245283018
low_clip_control	0.5	0.5
other	0.8666666666666667	0.0666666666666666
low_clip_control	0.75	0.25
other	0.989247311827957	0.010752688172043
other	0.6153846153846154	0.2307692307692307
high_clip_target	0.2209302325581395	0.7674418604651163
other	0.675	0.3
low_clip_control	0.75	0.1666666666666666
low_clip_control	0.6296296296296297	0.2962962962962963
low_clip_control	0.3636363636363636	0.6363636363636364
low_clip_control	0.3	0.6
low_clip_control	0.6166666666666667	0.3333333333333333
functional_target	0.5	0.5
other	0.7368421052631579	0.1578947368421052
other	0.8135593220338984	0.135593220338983
low_clip_control	0.6388888888888888	0.2777777777777778
low_clip_control	0.7692307692307693	0.0
low_clip_control	0.64	0.32
low_clip_control	0.275	0.7
low_clip_control	0.5714285714285714	0.3571428571428571
other	0.782608695652174	0.217391304347826
other	0.3939393939393939	0.5606060606060606
low_clip_control	0.36	0.6
other	0.4444444444444444	0.5555555555555556
low_clip_control	0.3333333333333333	0.6666666666666666
low_clip_control	0.4	0.6
low_clip_control	0.7681159420289855	0.2318840579710145
other	0.1176470588235294	0.4705882352941176
low_clip_control	0.631578947368421	0.3157894736842105
other	0.84375	0.125
low_clip_control	0.2307692307692307	0.3076923076923077
other	0.4285714285714285	0.5714285714285714
other	0.3225806451612903	0.6451612903225806
low_clip_control	0.9696969696969696	0.0
functional_target	0.75	0.25
other	0.9666666666666668	0.0333333333333333
other	0.3	0.7
other	0.8181818181818182	0.0454545454545454
low_clip_control	0.5789473684210527	0.4210526315789473
functional_target	0.7837837837837838	0.1891891891891892
low_clip_control	0.8148148148148148	0.1851851851851851
other	0.6272727272727273	0.3363636363636363
other	0.3658536585365853	0.5853658536585366
low_clip_control	0.88	0.08
low_clip_control	0.6666666666666666	0.3333333333333333
low_clip_control	0.6410256410256411	0.3076923076923077
other	0.7894736842105263	0.2105263157894736
low_clip_control	0.4285714285714285	0.4761904761904761
other	0.5384615384615384	0.4230769230769231
other	0.425531914893617	0.5531914893617021
other	0.25	0.0
low_clip_control	0.5294117647058824	0.4313725490196078
low_clip_control	0.9090909090909092	0.0909090909090909
functional_target	0.1923076923076923	0.7307692307692307
high_clip_target	0.1153846153846153	0.8269230769230769
low_clip_control	0.8333333333333334	0.0
other	0.6470588235294118	0.3529411764705882
low_clip_control	0.5294117647058824	0.4117647058823529
other	0.1333333333333333	0.8666666666666667
other	0.3529411764705882	0.6176470588235294
low_clip_control	0.7647058823529411	0.2352941176470588
low_clip_control	0.5652173913043478	0.0434782608695652
low_clip_control	0.3333333333333333	0.5
low_clip_control	0.9285714285714286	0.0535714285714285
other	0.6153846153846154	0.3846153846153846
low_clip_control	0.5416666666666666	0.375
low_clip_control	0.2631578947368421	0.0526315789473684
other	0.1	0.6666666666666666
low_clip_control	0.4683544303797468	0.4810126582278481
low_clip_control	0.2083333333333333	0.75
other	0.4	0.4666666666666667
other	1.0	0.0
low_clip_control	0.9444444444444444	0.0555555555555555
high_clip_target	0.0384615384615384	0.9230769230769232
functional_target	0.7647058823529411	0.2352941176470588
low_clip_control	0.16	0.72
functional_target	0.625	0.275
other	0.24	0.72
low_clip_control	0.3333333333333333	0.0
low_clip_control	0.8125	0.125
other	0.875	0.0
other	0.5806451612903226	0.3548387096774194
high_clip_target	0.3968253968253968	0.5873015873015873
low_clip_control	0.1666666666666666	0.8333333333333334
other	0.5	0.2142857142857142
high_clip_target	0.4166666666666667	0.4583333333333333
high_clip_target	0.3214285714285714	0.6785714285714286
high_clip_target	0.6428571428571429	0.3571428571428571
other	0.6363636363636364	0.303030303030303
low_clip_control	0.4814814814814814	0.5185185185185185
low_clip_control	0.3488372093023256	0.627906976744186
other	0.5714285714285714	0.4285714285714285
other	0.8108108108108109	0.081081081081081
other	0.3333333333333333	0.6153846153846154
other	0.8648648648648649	0.1081081081081081
low_clip_control	0.1428571428571428	0.8571428571428571
other	0.625	0.3541666666666667
low_clip_control	0.0434782608695652	0.9565217391304348
low_clip_control	0.375	0.625
low_clip_control	0.2222222222222222	0.7222222222222222
low_clip_control	0.8	0.05
other	0.9642857142857144	0.0357142857142857
other	0.6153846153846154	0.3846153846153846
low_clip_control	0.4	0.4
other	0.5625	0.375
low_clip_control	0.3461538461538461	0.6153846153846154
high_clip_target	0.4583333333333333	0.5416666666666666
low_clip_control	1.0	0.0
low_clip_control	0.9411764705882352	0.0588235294117647
low_clip_control	0.3333333333333333	0.4285714285714285
other	0.2767857142857143	0.6964285714285714
low_clip_control	0.8378378378378378	0.0675675675675675
other	0.5217391304347826	0.4782608695652174
low_clip_control	0.631578947368421	0.3684210526315789
low_clip_control	0.7142857142857143	0.2857142857142857
low_clip_control	0.45	0.45
low_clip_control	0.3333333333333333	0.6507936507936508
low_clip_control	0.3333333333333333	0.5897435897435898
low_clip_control	0.7142857142857143	0.1904761904761904
low_clip_control	0.75	0.1428571428571428
other	0.9090909090909092	0.0909090909090909
low_clip_control	0.5	0.5
low_clip_control	0.4705882352941176	0.5
other	0.1176470588235294	0.1764705882352941
low_clip_control	0.4166666666666667	0.5
low_clip_control	0.3720930232558139	0.6046511627906976
other	0.8867924528301887	0.0849056603773584
low_clip_control	0.5333333333333333	0.4
other	0.55	0.45
high_clip_target	0.7083333333333334	0.2916666666666667
other	0.1884057971014492	0.7536231884057971
other	1.0	0.0
other	0.2941176470588235	0.5882352941176471
other	0.3548387096774194	0.5806451612903226
other	0.8	0.2
other	0.1518987341772152	0.8481012658227848
low_clip_control	0.5416666666666666	0.2916666666666667
other	0.8434782608695652	0.1565217391304348
low_clip_control	0.9285714285714286	0.0
other	0.4444444444444444	0.5
functional_target	0.1	0.8555555555555555
low_clip_control	0.7692307692307693	0.0769230769230769
low_clip_control	0.7804878048780488	0.048780487804878
low_clip_control	0.8378378378378378	0.1621621621621621
high_clip_target	0.2258064516129032	0.7741935483870968
low_clip_control	0.875	0.0535714285714285
low_clip_control	0.7466666666666667	0.24
low_clip_control	0.9433962264150944	0.0377358490566037
other	0.3076923076923077	0.6730769230769231
low_clip_control	0.2083333333333333	0.7916666666666666
low_clip_control	0.4444444444444444	0.2222222222222222
low_clip_control	0.3611111111111111	0.6111111111111112
other	0.6923076923076923	0.3076923076923077
low_clip_control	0.9	0.0666666666666666
low_clip_control	0.6	0.4
low_clip_control	0.4166666666666667	0.5833333333333334
other	0.8181818181818182	0.1363636363636363
other	0.5833333333333334	0.0416666666666666
other	0.8037383177570093	0.1869158878504672
other	0.1	0.6666666666666666
low_clip_control	0.7857142857142857	0.0714285714285714
low_clip_control	0.7777777777777778	0.1111111111111111
low_clip_control	0.6	0.4
low_clip_control	0.8235294117647058	0.1764705882352941
low_clip_control	0.5454545454545454	0.1818181818181818
low_clip_control	0.2272727272727272	0.7272727272727273
functional_target	0.25	0.75
low_clip_control	0.1363636363636363	0.7727272727272727
low_clip_control	0.6666666666666666	0.25
low_clip_control	0.6190476190476191	0.3809523809523809
other	0.7450980392156863	0.1176470588235294
low_clip_control	0.7142857142857143	0.2857142857142857
low_clip_control	0.9230769230769232	0.0769230769230769
low_clip_control	0.7222222222222222	0.2222222222222222
low_clip_control	0.8095238095238095	0.1904761904761904
low_clip_control	0.6	0.3333333333333333
low_clip_control	0.8	0.0
low_clip_control	0.25	0.6666666666666666
low_clip_control	0.8181818181818182	0.0
other	0.8117647058823529	0.188235294117647
low_clip_control	0.4285714285714285	0.4285714285714285
low_clip_control	0.5714285714285714	0.2857142857142857
other	0.875	0.125
low_clip_control	0.8421052631578947	0.0
low_clip_control	0.53125	0.4375
functional_target	0.14	0.86
low_clip_control	0.3552631578947368	0.5657894736842105
low_clip_control	0.7894736842105263	0.0526315789473684
low_clip_control	0.6923076923076923	0.3076923076923077
other	0.5652173913043478	0.3478260869565217
high_clip_target	0.2127659574468085	0.7446808510638298
functional_target	0.9680851063829788	0.0319148936170212
low_clip_control	0.9166666666666666	0.0
low_clip_control	0.96875	0.0
high_clip_target	0.65	0.25
low_clip_control	0.75	0.0625
low_clip_control	0.75	0.25
functional_target	0.2647058823529412	0.6764705882352942
functional_target	0.3333333333333333	0.5
low_clip_control	0.6551724137931034	0.3103448275862069
other	0.3469387755102041	0.5714285714285714
low_clip_control	0.6666666666666666	0.3333333333333333
low_clip_control	0.7941176470588235	0.1470588235294117
low_clip_control	0.7692307692307693	0.1538461538461538
low_clip_control	0.4583333333333333	0.5
low_clip_control	0.1388888888888889	0.8611111111111112
low_clip_control	0.7777777777777778	0.2222222222222222
other	0.5	0.4705882352941176
low_clip_control	0.4761904761904761	0.4761904761904761
high_clip_target	0.8928571428571429	0.0714285714285714
other	0.2647058823529412	0.7058823529411765
functional_target	0.7407407407407407	0.1111111111111111
low_clip_control	0.8181818181818182	0.1818181818181818
other	0.5	0.4166666666666667
other	0.6111111111111112	0.3888888888888889
other	0.7777777777777778	0.2222222222222222
high_clip_target	0.4242424242424242	0.5303030303030303
other	0.3846153846153846	0.3846153846153846
low_clip_control	0.8214285714285714	0.1785714285714285
other	0.8648648648648649	0.1351351351351351
high_clip_target	0.8787878787878788	0.1136363636363636
other	0.7222222222222222	0.2777777777777778
other	0.2105263157894736	0.7368421052631579
low_clip_control	0.8518518518518519	0.0
low_clip_control	0.5909090909090909	0.3181818181818182
other	0.9	0.1
functional_target	0.2884615384615384	0.5769230769230769
low_clip_control	0.7777777777777778	0.1111111111111111
other	0.9166666666666666	0.0
other	0.65625	0.28125
other	0.5151515151515151	0.4848484848484848
low_clip_control	0.173076923076923	0.8269230769230769
low_clip_control	0.8235294117647058	0.1764705882352941
low_clip_control	0.2307692307692307	0.7692307692307693
high_clip_target	0.9240506329113924	0.0759493670886076
other	0.3846153846153846	0.5769230769230769
high_clip_target	0.3692307692307692	0.5692307692307692
functional_target	0.25	0.5
low_clip_control	0.8148148148148148	0.0
other	0.5357142857142857	0.4642857142857143
other	0.8538461538461538	0.1
low_clip_control	0.7142857142857143	0.0
high_clip_target	0.7777777777777778	0.0
other	0.0	0.9166666666666666
high_clip_target	0.75	0.21875
other	0.8181818181818182	0.0909090909090909
low_clip_control	0.2307692307692307	0.6923076923076923
low_clip_control	0.8125	0.0625
other	0.1842105263157894	0.7105263157894737
low_clip_control	0.9615384615384616	0.0192307692307692
low_clip_control	0.8571428571428571	0.0
low_clip_control	0.8571428571428571	0.0476190476190476
other	0.4	0.5333333333333333
other	0.9310344827586208	0.0689655172413793
other	0.696969696969697	0.2424242424242424
other	0.5151515151515151	0.4545454545454545
low_clip_control	0.6595744680851063	0.3191489361702128
low_clip_control	0.6	0.4
low_clip_control	0.4516129032258064	0.5483870967741935
low_clip_control	0.8333333333333334	0.0833333333333333
other	0.8068181818181818	0.1704545454545454
low_clip_control	0.5789473684210527	0.1578947368421052
low_clip_control	0.2142857142857142	0.6785714285714286
low_clip_control	0.8529411764705882	0.0294117647058823
low_clip_control	0.8333333333333334	0.0416666666666666
low_clip_control	0.7333333333333333	0.2666666666666666
other	0.6666666666666666	0.2777777777777778
other	0.4571428571428571	0.5428571428571428
other	0.4358974358974359	0.4358974358974359
low_clip_control	0.6590909090909091	0.2727272727272727
other	0.9914529914529916	0.0085470085470085
other	0.7222222222222222	0.1666666666666666
low_clip_control	0.0909090909090909	0.8484848484848485
other	0.8275862068965517	0.1149425287356321
other	0.8955223880597015	0.1044776119402985
other	0.2051282051282051	0.6666666666666666
other	0.4117647058823529	0.5490196078431373
other	0.65	0.35
other	0.3488372093023256	0.627906976744186
other	0.4347826086956521	0.3043478260869565
low_clip_control	0.6842105263157895	0.2105263157894736
other	0.3863636363636363	0.6136363636363636
high_clip_target	0.76	0.1866666666666666
other	0.48	0.48
low_clip_control	0.1739130434782608	0.7391304347826086
low_clip_control	0.4285714285714285	0.2142857142857142
other	0.1437908496732026	0.8431372549019608
other	0.3260869565217391	0.6739130434782609
low_clip_control	0.8055555555555556	0.1666666666666666
low_clip_control	0.25	0.5
low_clip_control	0.1923076923076923	0.8076923076923077
low_clip_control	0.6	0.2
other	0.3333333333333333	0.6666666666666666
functional_target	0.1632653061224489	0.7346938775510204
low_clip_control	0.1333333333333333	0.4666666666666667
functional_target	0.3714285714285714	0.6285714285714286
other	0.5581395348837209	0.1162790697674418
other	0.5555555555555556	0.3333333333333333
other	0.9588235294117649	0.0352941176470588
low_clip_control	0.2142857142857142	0.5714285714285714
functional_target	0.7647058823529411	0.2352941176470588
other	0.5970149253731343	0.4029850746268656
other	1.0	0.0
low_clip_control	0.4545454545454545	0.0
other	1.0	0.0
other	0.5	0.4565217391304347
other	0.6	0.2666666666666666
other	0.35	0.65
low_clip_control	0.5	0.375
other	0.2758620689655172	0.6896551724137931
other	0.4285714285714285	0.5476190476190477
low_clip_control	0.7777777777777778	0.1111111111111111
low_clip_control	0.75	0.1666666666666666
other	0.4615384615384615	0.3846153846153846
low_clip_control	0.3461538461538461	0.3076923076923077
low_clip_control	0.2592592592592592	0.5555555555555556
other	0.2307692307692307	0.5897435897435898
other	0.375	0.25
low_clip_control	0.59375	0.40625
low_clip_control	0.5833333333333334	0.25
low_clip_control	0.625	0.0
low_clip_control	0.8387096774193549	0.1612903225806451
low_clip_control	0.8181818181818182	0.0909090909090909
low_clip_control	0.0625	0.9375
low_clip_control	0.4909090909090909	0.509090909090909
other	0.6060606060606061	0.3939393939393939
low_clip_control	0.4736842105263157	0.5263157894736842
high_clip_target	0.88	0.08
other	0.76	0.08
other	0.9831932773109244	0.0168067226890756
low_clip_control	0.4418604651162791	0.5116279069767442
other	0.3333333333333333	0.5714285714285714
low_clip_control	0.8095238095238095	0.1904761904761904
low_clip_control	0.1538461538461538	0.3076923076923077
low_clip_control	0.2142857142857142	0.5
low_clip_control	1.0	0.0
high_clip_target	0.65	0.35
high_clip_target	0.5263157894736842	0.2105263157894736
other	0.9090909090909092	0.0909090909090909
other	0.3421052631578947	0.5263157894736842
other	0.25	0.7321428571428571
other	0.8695652173913043	0.0434782608695652
low_clip_control	0.5365853658536586	0.4634146341463415
low_clip_control	0.9444444444444444	0.0
low_clip_control	0.4857142857142857	0.4857142857142857
high_clip_target	0.7692307692307693	0.1538461538461538
other	0.9285714285714286	0.0
low_clip_control	0.9427083333333334	0.0572916666666666
other	0.4385964912280701	0.543859649122807
other	0.8846153846153846	0.0
other	0.6274509803921569	0.3529411764705882
other	0.6	0.4
low_clip_control	0.6428571428571429	0.3333333333333333
other	0.0689655172413793	0.896551724137931
functional_target	0.8524590163934426	0.1311475409836065
low_clip_control	0.6486486486486487	0.2972972972972973
low_clip_control	0.8	0.1
low_clip_control	0.3333333333333333	0.3333333333333333
low_clip_control	0.9130434782608696	0.0869565217391304
other	0.5	0.3571428571428571
other	0.1219512195121951	0.8170731707317073
low_clip_control	1.0	0.0
other	0.6222222222222222	0.3333333333333333
other	0.5714285714285714	0.4285714285714285
other	0.5652173913043478	0.0869565217391304
low_clip_control	0.4	0.6
other	0.7692307692307693	0.0769230769230769
high_clip_target	0.2222222222222222	0.7777777777777778
other	0.3333333333333333	0.5
other	0.2	0.8
low_clip_control	0.90625	0.046875
other	0.3823529411764705	0.5588235294117647
other	0.4363636363636363	0.5454545454545454
other	0.575	0.1
low_clip_control	0.8378378378378378	0.1351351351351351
other	0.625	0.25
other	0.7142857142857143	0.1428571428571428
other	0.9166666666666666	0.0555555555555555
other	0.3333333333333333	0.6666666666666666
other	0.6296296296296297	0.3333333333333333
other	0.8285714285714286	0.0571428571428571
low_clip_control	0.673469387755102	0.2857142857142857
other	0.5	0.375
low_clip_control	0.4285714285714285	0.5357142857142857
low_clip_control	1.0	0.0
low_clip_control	1.0	0.0
other	0.7894736842105263	0.1578947368421052
other	0.064516129032258	0.935483870967742
other	0.0	0.0
low_clip_control	0.8285714285714286	0.1714285714285714
low_clip_control	0.9545454545454546	0.0
other	0.7083333333333334	0.25
low_clip_control	0.9	0.0
low_clip_control	0.6470588235294118	0.1764705882352941
low_clip_control	0.6071428571428571	0.3928571428571428
other	0.5294117647058824	0.4117647058823529
low_clip_control	0.6	0.2666666666666666
other	0.3783783783783784	0.5405405405405406
other	0.9130434782608696	0.0434782608695652
other	0.6666666666666666	0.0
other	0.8333333333333334	0.1388888888888889
other	0.6666666666666666	0.3333333333333333
low_clip_control	0.9166666666666666	0.0
other	0.4310344827586206	0.5689655172413793
low_clip_control	0.6	0.3
other	0.1944444444444444	0.8055555555555556
low_clip_control	0.6470588235294118	0.2352941176470588
other	0.7391304347826086	0.2608695652173913
other	0.6666666666666666	0.3333333333333333
low_clip_control	0.7083333333333334	0.2083333333333333
other	0.3333333333333333	0.6521739130434783
other	0.1176470588235294	0.8627450980392157
other	0.4761904761904761	0.4285714285714285
other	0.864406779661017	0.0508474576271186
low_clip_control	0.5	0.5
other	0.625	0.3333333333333333
other	0.6714285714285714	0.3142857142857143
low_clip_control	0.9583333333333334	0.0416666666666666
low_clip_control	0.8636363636363636	0.1363636363636363
other	0.4444444444444444	0.4444444444444444
low_clip_control	0.75	0.25
other	0.8939393939393939	0.0909090909090909
other	0.75	0.1875
low_clip_control	0.6956521739130435	0.3043478260869565
low_clip_control	0.9583333333333334	0.0
low_clip_control	0.875	0.0625
high_clip_target	0.5263157894736842	0.4736842105263157
other	0.3055555555555556	0.0
low_clip_control	0.696969696969697	0.2727272727272727
low_clip_control	0.1	0.6
other	0.0485436893203883	0.941747572815534
other	0.48	0.44
low_clip_control	0.1818181818181818	0.8181818181818182
other	0.5	0.5
low_clip_control	0.4285714285714285	0.5714285714285714
low_clip_control	0.5106382978723404	0.0638297872340425
low_clip_control	0.3571428571428571	0.6428571428571429
other	0.84	0.16
low_clip_control	0.7671232876712328	0.2328767123287671
other	0.3333333333333333	0.1666666666666666
other	0.7037037037037037	0.1851851851851851
low_clip_control	0.75	0.25
other	0.5625	0.40625
low_clip_control	0.95	0.0
other	0.125	0.625
low_clip_control	0.625	0.375
other	0.3333333333333333	0.6666666666666666
other	0.4814814814814814	0.3703703703703703
low_clip_control	0.4444444444444444	0.2222222222222222
other	0.2	0.8
low_clip_control	0.7142857142857143	0.2857142857142857
low_clip_control	0.6666666666666666	0.2666666666666666
low_clip_control	0.3333333333333333	0.3333333333333333
other	0.28125	0.6875
low_clip_control	0.4117647058823529	0.5882352941176471
low_clip_control	1.0	0.0
low_clip_control	0.5	0.375
low_clip_control	0.8409090909090909	0.1590909090909091
other	0.5	0.4545454545454545
other	0.4193548387096774	0.4516129032258064
other	0.4117647058823529	0.4705882352941176
other	0.4444444444444444	0.2592592592592592
high_clip_target	1.0	0.0
other	0.6336633663366337	0.3168316831683168
low_clip_control	0.6	0.2
low_clip_control	0.25	0.5
low_clip_control	0.9230769230769232	0.0769230769230769
low_clip_control	0.8888888888888888	0.1111111111111111
other	0.5625	0.25
other	0.3548387096774194	0.5483870967741935
other	0.7333333333333333	0.1333333333333333
other	0.9032258064516128	0.032258064516129
low_clip_control	0.5909090909090909	0.3636363636363636
low_clip_control	0.75	0.1666666666666666
other	0.8928571428571429	0.0
other	0.4411764705882353	0.5294117647058824
other	0.8095238095238095	0.0
low_clip_control	0.5454545454545454	0.0
low_clip_control	0.9	0.0
low_clip_control	0.2608695652173913	0.6956521739130435
low_clip_control	0.5	0.5
low_clip_control	0.7368421052631579	0.2631578947368421
low_clip_control	0.3555555555555555	0.6
high_clip_target	0.6216216216216216	0.3243243243243243
other	0.5142857142857142	0.4285714285714285
low_clip_control	0.5	0.0833333333333333
other	0.9	0.075
other	0.4411764705882353	0.5294117647058824
low_clip_control	0.8648648648648649	0.1081081081081081
low_clip_control	0.6666666666666666	0.1666666666666666
low_clip_control	0.9715909090909092	0.0113636363636363
low_clip_control	0.7241379310344828	0.2413793103448276
low_clip_control	0.6	0.3666666666666666
low_clip_control	0.6551724137931034	0.2068965517241379
other	0.4871794871794871	0.4871794871794871
low_clip_control	0.4210526315789473	0.4210526315789473
other	0.125	0.75
low_clip_control	0.6153846153846154	0.3846153846153846
low_clip_control	0.8260869565217391	0.1739130434782608
other	0.217391304347826	0.717391304347826
low_clip_control	0.2	0.75
low_clip_control	0.0625	0.875
other	0.8947368421052632	0.0789473684210526
high_clip_target	0.6428571428571429	0.2857142857142857
low_clip_control	0.8163265306122449	0.0
other	0.5416666666666666	0.375
low_clip_control	0.4	0.45
functional_target	0.1785714285714285	0.7857142857142857
low_clip_control	1.0	0.0
low_clip_control	0.8888888888888888	0.1111111111111111
low_clip_control	1.0	0.0
low_clip_control	0.875	0.125
low_clip_control	0.375	0.5416666666666666
high_clip_target	0.3428571428571428	0.6
low_clip_control	0.5	0.3888888888888889
other	0.6153846153846154	0.3846153846153846
low_clip_control	0.8333333333333334	0.1666666666666666
low_clip_control	0.6666666666666666	0.2222222222222222
other	0.6666666666666666	0.1666666666666666
low_clip_control	0.4736842105263157	0.5263157894736842
other	1.0	0.0
other	0.2083333333333333	0.7916666666666666
other	0.7610619469026548	0.1858407079646017
low_clip_control	0.7083333333333334	0.2916666666666667
functional_target	0.4634146341463415	0.5365853658536586
low_clip_control	0.8260869565217391	0.1739130434782608
other	0.8333333333333334	0.0925925925925925
low_clip_control	0.8	0.15
low_clip_control	0.8928571428571429	0.1071428571428571
low_clip_control	0.5714285714285714	0.4285714285714285
other	0.2413793103448276	0.7586206896551724
other	0.7777777777777778	0.1944444444444444
high_clip_target	0.5	0.4
low_clip_control	0.7083333333333334	0.25
low_clip_control	0.5294117647058824	0.1176470588235294
low_clip_control	0.9	0.1
low_clip_control	0.4705882352941176	0.3529411764705882
other	0.3809523809523809	0.5952380952380952
other	0.6551724137931034	0.2413793103448276
other	0.5	0.5
low_clip_control	0.7894736842105263	0.1052631578947368
low_clip_control	0.5555555555555556	0.3888888888888889
low_clip_control	0.7333333333333333	0.2666666666666666
low_clip_control	0.8928571428571429	0.0714285714285714
other	0.2258064516129032	0.6129032258064516
other	0.4285714285714285	0.5357142857142857
other	0.3333333333333333	0.3333333333333333
high_clip_target	0.21875	0.65625
other	0.75	0.25
low_clip_control	1.0	0.0
low_clip_control	0.6	0.2
low_clip_control	0.7857142857142857	0.0
low_clip_control	0.7272727272727273	0.1363636363636363
other	0.6666666666666666	0.1666666666666666
low_clip_control	0.775	0.175
other	0.6666666666666666	0.3333333333333333
other	0.0909090909090909	0.8636363636363636
low_clip_control	1.0	0.0
functional_target	0.4090909090909091	0.5909090909090909
high_clip_target	0.5625	0.1875
other	0.4	0.6
low_clip_control	0.8135593220338984	0.1694915254237288
other	0.3571428571428571	0.6428571428571429
low_clip_control	0.5	0.4333333333333333
other	0.1904761904761904	0.6666666666666666
other	0.6052631578947368	0.1578947368421052
low_clip_control	0.8333333333333334	0.1666666666666666
other	0.5714285714285714	0.4285714285714285
low_clip_control	0.5	0.5
low_clip_control	0.3333333333333333	0.6666666666666666
low_clip_control	0.6923076923076923	0.0769230769230769
low_clip_control	0.7058823529411765	0.2588235294117647
other	0.3333333333333333	0.4666666666666667
other	0.6	0.4
other	0.25	0.6785714285714286
low_clip_control	1.0	0.0
low_clip_control	0.2941176470588235	0.5294117647058824
other	0.96875	0.03125
low_clip_control	0.3529411764705882	0.5882352941176471
low_clip_control	0.4594594594594595	0.5135135135135135
other	0.8064516129032258	0.1612903225806451
low_clip_control	1.0	0.0
low_clip_control	0.9565217391304348	0.0
low_clip_control	0.5	0.2
high_clip_target	0.5813953488372093	0.3953488372093023
low_clip_control	0.9	0.1
other	0.7	0.2
low_clip_control	0.875	0.125
low_clip_control	0.7777777777777778	0.2222222222222222
low_clip_control	0.3333333333333333	0.5833333333333334
low_clip_control	0.3333333333333333	0.6666666666666666
other	0.2666666666666666	0.7333333333333333
other	0.4615384615384615	0.3461538461538461
other	0.72	0.08
high_clip_target	0.6166666666666667	0.3833333333333333
other	0.9318181818181818	0.0681818181818181
low_clip_control	0.5	0.4482758620689655
low_clip_control	0.6666666666666666	0.2666666666666666
low_clip_control	0.8571428571428571	0.0714285714285714
other	0.2446808510638297	0.7021276595744681
functional_target	0.0909090909090909	0.8636363636363636
low_clip_control	0.5	0.45
low_clip_control	0.7735849056603774	0.1698113207547169
other	0.8518518518518519	0.1111111111111111
low_clip_control	0.5294117647058824	0.4705882352941176
low_clip_control	0.8181818181818182	0.1818181818181818
other	0.25	0.6875
low_clip_control	1.0	0.0
low_clip_control	0.6111111111111112	0.1666666666666666
other	0.4166666666666667	0.5416666666666666
low_clip_control	0.5094339622641509	0.4528301886792453
other	0.3703703703703703	0.6296296296296297
other	0.5	0.4615384615384615
other	0.2692307692307692	0.6730769230769231
low_clip_control	0.8536585365853658	0.1463414634146341
other	0.3333333333333333	0.6666666666666666
other	0.5333333333333333	0.2
other	0.5	0.3333333333333333
low_clip_control	0.7142857142857143	0.2142857142857142
low_clip_control	0.7333333333333333	0.0666666666666666
low_clip_control	0.4	0.3
low_clip_control	0.7142857142857143	0.0
other	0.7777777777777778	0.1111111111111111
other	0.8571428571428571	0.1142857142857142
low_clip_control	0.2105263157894736	0.7894736842105263
high_clip_target	0.4545454545454545	0.4090909090909091
other	1.0	0.0
low_clip_control	0.217391304347826	0.6521739130434783
other	0.3333333333333333	0.5858585858585859
low_clip_control	0.7857142857142857	0.1785714285714285
low_clip_control	1.0	0.0
low_clip_control	0.875	0.125
other	0.3636363636363636	0.6363636363636364
low_clip_control	0.2	0.8
high_clip_target	0.0649350649350649	0.9090909090909092
other	0.54	0.44
functional_target	0.5833333333333334	0.375
low_clip_control	0.6896551724137931	0.3103448275862069
low_clip_control	0.5	0.0
high_clip_target	0.2272727272727272	0.6060606060606061
other	0.8846153846153846	0.1153846153846153
high_clip_target	0.951219512195122	0.048780487804878
low_clip_control	0.7142857142857143	0.2142857142857142
other	0.631578947368421	0.3157894736842105
other	0.8333333333333334	0.125
low_clip_control	1.0	0.0
other	0.6111111111111112	0.3611111111111111
other	0.7534246575342466	0.2328767123287671
low_clip_control	0.6818181818181818	0.3181818181818182
low_clip_control	0.2	0.5333333333333333
other	0.6515151515151515	0.2878787878787879
other	0.78125	0.125
low_clip_control	0.7647058823529411	0.1764705882352941
low_clip_control	0.6774193548387096	0.2903225806451613
low_clip_control	0.5555555555555556	0.2777777777777778
other	0.6296296296296297	0.3703703703703703
other	0.8571428571428571	0.0
low_clip_control	1.0	0.0
low_clip_control	0.75	0.0
low_clip_control	0.7142857142857143	0.1071428571428571
other	0.0606060606060606	0.8484848484848485
low_clip_control	0.7222222222222222	0.2777777777777778
other	0.782608695652174	0.1739130434782608
low_clip_control	0.9375	0.03125
low_clip_control	0.9	0.1
low_clip_control	0.8333333333333334	0.1111111111111111
low_clip_control	0.7692307692307693	0.2307692307692307
other	0.3191489361702128	0.6170212765957447
other	0.1875	0.6875
other	0.9375	0.0625
low_clip_control	0.4545454545454545	0.5454545454545454
low_clip_control	0.8095238095238095	0.1111111111111111
low_clip_control	0.5263157894736842	0.3684210526315789
other	0.5614035087719298	0.3859649122807017
other	0.4666666666666667	0.5333333333333333
high_clip_target	0.09375	0.875
other	0.9166666666666666	0.0833333333333333
low_clip_control	0.3181818181818182	0.6363636363636364
other	0.6363636363636364	0.2727272727272727
low_clip_control	1.0	0.0
other	0.21875	0.71875
other	0.9047619047619048	0.0952380952380952
other	0.3076923076923077	0.6923076923076923
other	0.7638888888888888	0.2222222222222222
low_clip_control	0.9411764705882352	0.0294117647058823
low_clip_control	0.3333333333333333	0.6666666666666666
low_clip_control	0.7916666666666666	0.1666666666666666
other	0.8333333333333334	0.0
low_clip_control	0.5555555555555556	0.1666666666666666
low_clip_control	0.5454545454545454	0.3636363636363636
other	0.7435897435897436	0.2051282051282051
low_clip_control	0.7777777777777778	0.0
other	0.4117647058823529	0.4705882352941176
other	0.2	0.68
other	0.1935483870967742	0.8064516129032258
low_clip_control	0.6923076923076923	0.2307692307692307
low_clip_control	0.1666666666666666	0.0
other	0.5135135135135135	0.4459459459459459
low_clip_control	0.1428571428571428	0.7857142857142857
low_clip_control	0.1666666666666666	0.6111111111111112
low_clip_control	0.9743589743589745	0.0256410256410256
low_clip_control	1.0	0.0
other	0.2340425531914893	0.7446808510638298
other	0.8461538461538461	0.0769230769230769
other	0.7241379310344828	0.2413793103448276
functional_target	0.7619047619047619	0.0952380952380952
other	0.24	0.76
other	0.0465116279069767	0.9302325581395348
low_clip_control	0.6071428571428571	0.3928571428571428
low_clip_control	0.8333333333333334	0.1666666666666666
other	0.4090909090909091	0.5151515151515151
low_clip_control	0.6	0.0
other	0.589041095890411	0.410958904109589
low_clip_control	0.7	0.25
low_clip_control	0.9545454545454546	0.0
other	0.3571428571428571	0.6071428571428571
high_clip_target	0.3333333333333333	0.5
other	0.75	0.25
low_clip_control	0.8333333333333334	0.0833333333333333
low_clip_control	0.5714285714285714	0.2857142857142857
low_clip_control	0.6666666666666666	0.3125
other	0.3	0.55
low_clip_control	0.3947368421052631	0.6052631578947368
other	0.2903225806451613	0.7096774193548387
low_clip_control	0.2857142857142857	0.6428571428571429
low_clip_control	0.8888888888888888	0.0
low_clip_control	0.8333333333333334	0.1666666666666666
low_clip_control	0.8181818181818182	0.0454545454545454
low_clip_control	0.5625	0.40625
high_clip_target	0.6904761904761905	0.2857142857142857
low_clip_control	0.9583333333333334	0.0416666666666666
other	0.2321428571428571	0.75
low_clip_control	0.7857142857142857	0.0714285714285714
other	0.75	0.2083333333333333
other	0.4	0.6
other	0.9285714285714286	0.0
other	0.2258064516129032	0.5806451612903226
low_clip_control	0.7058823529411765	0.1176470588235294
functional_target	0.5490196078431373	0.4509803921568627
other	0.3333333333333333	0.3333333333333333
other	0.6666666666666666	0.1666666666666666
other	0.4782608695652174	0.4565217391304347
low_clip_control	0.9230769230769232	0.0
low_clip_control	0.6428571428571429	0.0714285714285714
functional_target	0.6	0.2
other	0.5	0.4166666666666667
other	0.6190476190476191	0.3333333333333333
other	0.5416666666666666	0.4166666666666667
low_clip_control	0.5333333333333333	0.4666666666666667
low_clip_control	0.6428571428571429	0.3571428571428571
other	0.6626506024096386	0.3253012048192771
other	0.28125	0.65625
low_clip_control	0.75	0.25
other	0.6	0.3
low_clip_control	0.8103448275862069	0.1551724137931034
low_clip_control	0.7	0.25
other	0.8571428571428571	0.0
other	0.6	0.4
low_clip_control	0.6818181818181818	0.1363636363636363
other	0.5833333333333334	0.3333333333333333
other	0.6666666666666666	0.3333333333333333
other	1.0	0.0
high_clip_target	0.4	0.2
other	0.5454545454545454	0.3636363636363636
other	0.75	0.25
other	0.3809523809523809	0.5238095238095238
low_clip_control	0.6666666666666666	0.0
high_clip_target	0.4831460674157303	0.5168539325842697
other	0.5	0.4782608695652174
low_clip_control	1.0	0.0
low_clip_control	0.3333333333333333	0.5757575757575758
high_clip_target	0.4137931034482758	0.5517241379310345
low_clip_control	0.9285714285714286	0.0714285714285714
other	0.3478260869565217	0.391304347826087
other	0.2258064516129032	0.7096774193548387
other	0.7741935483870968	0.1290322580645161
other	0.6666666666666666	0.1666666666666666
low_clip_control	0.5333333333333333	0.2444444444444444
low_clip_control	0.5	0.5
low_clip_control	0.4642857142857143	0.5357142857142857
high_clip_target	0.9263157894736842	0.0736842105263157
other	0.4788732394366197	0.5211267605633803
low_clip_control	0.75	0.125
other	0.2857142857142857	0.6666666666666666
other	0.5555555555555556	0.4166666666666667
low_clip_control	0.7391304347826086	0.0434782608695652
low_clip_control	0.8235294117647058	0.0588235294117647
functional_target	0.4210526315789473	0.5087719298245614
low_clip_control	0.4411764705882353	0.4411764705882353
other	0.967741935483871	0.0
low_clip_control	0.8	0.1
low_clip_control	0.5714285714285714	0.0
low_clip_control	0.8333333333333334	0.1333333333333333
other	0.2903225806451613	0.6935483870967742
other	0.925	0.05
low_clip_control	0.4117647058823529	0.5294117647058824
other	0.6875	0.28125
high_clip_target	0.75	0.0833333333333333
low_clip_control	0.2608695652173913	0.6956521739130435
other	0.5384615384615384	0.3076923076923077
low_clip_control	0.9230769230769232	0.0769230769230769
low_clip_control	0.95	0.025
other	0.6666666666666666	0.1111111111111111
other	0.6086956521739131	0.1739130434782608
low_clip_control	0.1333333333333333	0.8
low_clip_control	0.3636363636363636	0.1818181818181818
high_clip_target	0.3157894736842105	0.6140350877192983
low_clip_control	0.96	0.02
high_clip_target	0.981132075471698	0.0094339622641509
low_clip_control	0.2857142857142857	0.0
low_clip_control	0.2333333333333333	0.7333333333333333
low_clip_control	0.4545454545454545	0.2727272727272727
other	0.9438202247191012	0.0224719101123595
other	0.8333333333333334	0.0
low_clip_control	0.8518518518518519	0.1111111111111111
other	0.2962962962962963	0.6666666666666666
high_clip_target	0.5714285714285714	0.3809523809523809
other	0.2063492063492063	0.6984126984126984
low_clip_control	0.8461538461538461	0.0769230769230769
other	0.4	0.5666666666666667
low_clip_control	0.75	0.25
low_clip_control	0.7285714285714285	0.2714285714285714
other	0.2909090909090909	0.6727272727272727
low_clip_control	0.6666666666666666	0.0
other	0.8666666666666667	0.0666666666666666
low_clip_control	0.4285714285714285	0.5238095238095238
other	0.6226415094339622	0.2830188679245283
high_clip_target	1.0	0.0
low_clip_control	0.6	0.0
other	0.8214285714285714	0.0714285714285714
low_clip_control	0.9	0.0
other	0.6363636363636364	0.3409090909090909
low_clip_control	0.7391304347826086	0.2608695652173913
low_clip_control	0.7777777777777778	0.0
low_clip_control	0.8571428571428571	0.0714285714285714
other	0.9692307692307692	0.0153846153846153
other	0.6	0.3333333333333333
low_clip_control	1.0	0.0
low_clip_control	0.5135135135135135	0.4324324324324324
other	0.9047619047619048	0.0952380952380952
other	0.85	0.15
other	0.5	0.5
other	0.5957446808510638	0.3829787234042553
low_clip_control	0.8	0.2
low_clip_control	0.4285714285714285	0.0
low_clip_control	0.6363636363636364	0.2727272727272727
other	0.2777777777777778	0.6666666666666666
low_clip_control	0.5	0.25
high_clip_target	0.7894736842105263	0.2105263157894736
low_clip_control	0.9487179487179488	0.0512820512820512
other	0.6875	0.21875
low_clip_control	1.0	0.0
functional_target	0.3478260869565217	0.5978260869565217
low_clip_control	0.6	0.4
low_clip_control	1.0	0.0
low_clip_control	1.0	0.0
low_clip_control	1.0	0.0
low_clip_control	1.0	0.0
low_clip_control		
low_clip_control	1.0	0.0
low_clip_control		
low_clip_control	1.0	0.0
low_clip_control	1.0	0.0
low_clip_control		
other	1.0	0.0
low_clip_control	0.1428571428571428	0.5
high_clip_target	0.5394736842105263	0.4210526315789473
low_clip_control	0.75	0.25
low_clip_control	0.3636363636363636	0.5909090909090909
low_clip_control	0.7272727272727273	0.0
other	0.5	0.3571428571428571
other	0.4444444444444444	0.3333333333333333
low_clip_control	0.4285714285714285	0.4285714285714285
other	1.0	0.0
other	0.1648351648351648	0.8296703296703297
low_clip_control	0.4166666666666667	0.4166666666666667
other	0.6458333333333334	0.3333333333333333
functional_target	0.8333333333333334	0.1666666666666666
low_clip_control	0.9375	0.0
low_clip_control	0.5365853658536586	0.4390243902439024
low_clip_control	0.6	0.3
other	0.0476190476190476	0.9047619047619048
low_clip_control	0.8813559322033898	0.1016949152542373
functional_target	0.0	0.875
other	0.15	0.825
other	0.851063829787234	0.1489361702127659
high_clip_target	0.7857142857142857	0.0714285714285714
other	0.125	0.875
other	0.4285714285714285	0.5714285714285714
low_clip_control	0.9345794392523364	0.0373831775700934
functional_target	0.2666666666666666	0.6888888888888889
low_clip_control	0.7727272727272727	0.1818181818181818
other	1.0	0.0
other	0.3928571428571428	0.5
low_clip_control	0.6428571428571429	0.3333333333333333
low_clip_control	0.8484848484848485	0.1515151515151515
high_clip_target	0.3571428571428571	0.5714285714285714
other	0.5909090909090909	0.3863636363636363
other	0.6	0.36
other	0.84375	0.15625
other	0.44	0.52
low_clip_control	0.5882352941176471	0.3529411764705882
low_clip_control	0.717948717948718	0.282051282051282
other	0.5	0.5
low_clip_control	0.9333333333333332	0.0666666666666666
other	0.8666666666666667	0.1111111111111111
low_clip_control	0.4285714285714285	0.5714285714285714
other	0.25	0.3333333333333333
other	0.2272727272727272	0.7272727272727273
high_clip_target	0.4545454545454545	0.2727272727272727
low_clip_control	0.3235294117647059	0.6176470588235294
other	0.3684210526315789	0.4736842105263157
other	0.3888888888888889	0.6111111111111112
low_clip_control	0.9411764705882352	0.0
other	0.9732620320855616	0.0267379679144385
low_clip_control	0.8235294117647058	0.1764705882352941
other	0.5172413793103449	0.2758620689655172
low_clip_control	0.8333333333333334	0.1111111111111111
low_clip_control	0.6521739130434783	0.3043478260869565
low_clip_control	0.5	0.1666666666666666
other	0.4444444444444444	0.4814814814814814
other	0.6956521739130435	0.3043478260869565
low_clip_control	0.5	0.4
low_clip_control	0.2553191489361702	0.7446808510638298
low_clip_control	0.4	0.6
low_clip_control	0.7777777777777778	0.1111111111111111
low_clip_control	0.875	0.0
low_clip_control	0.7209302325581395	0.2790697674418604
other	0.1282051282051282	0.8717948717948718
low_clip_control	0.0909090909090909	0.8181818181818182
low_clip_control	0.7142857142857143	0.1428571428571428
functional_target	0.8461538461538461	0.0
low_clip_control	0.6363636363636364	0.3636363636363636
low_clip_control	0.5333333333333333	0.2666666666666666
other	0.7272727272727273	0.2727272727272727
low_clip_control	0.75	0.0
high_clip_target	0.35	0.5625
high_clip_target	0.2727272727272727	0.4545454545454545
other	0.92	0.04
low_clip_control	0.5	0.4285714285714285
other	0.6111111111111112	0.3333333333333333
functional_target	0.7272727272727273	0.2727272727272727
other	0.1794871794871795	0.7948717948717948
other	0.4137931034482758	0.5862068965517241
other	0.4615384615384615	0.4230769230769231
low_clip_control	0.8717948717948718	0.1282051282051282
low_clip_control	1.0	0.0
low_clip_control	0.7142857142857143	0.1428571428571428
low_clip_control	0.2	0.0
low_clip_control	0.1904761904761904	0.7142857142857143
low_clip_control	0.2222222222222222	0.7777777777777778
other	0.0	0.6470588235294118
low_clip_control	0.2631578947368421	0.5526315789473685
low_clip_control	0.2	0.2
high_clip_target	0.921875	0.078125
other	0.375	0.4166666666666667
other	0.9661016949152542	0.0169491525423728
other	0.96875	0.0
other	0.8602150537634409	0.075268817204301
low_clip_control	0.3684210526315789	0.3684210526315789
other	0.3571428571428571	0.3571428571428571
other	0.4642857142857143	0.3214285714285714
high_clip_target	0.5263157894736842	0.1052631578947368
other	0.4242424242424242	0.4848484848484848
other	0.5217391304347826	0.4782608695652174
low_clip_control	0.5416666666666666	0.4375
other	0.7735849056603774	0.2169811320754717
other	0.8260869565217391	0.1304347826086956
other	0.4074074074074074	0.4814814814814814
other	0.9090909090909092	0.0909090909090909
low_clip_control	0.625	0.375
low_clip_control	0.5	0.4
other	0.4285714285714285	0.5238095238095238
low_clip_control	1.0	0.0
other	0.5714285714285714	0.3809523809523809
functional_target	0.2580645161290322	0.6451612903225806
other	0.875	0.125
other	0.4615384615384615	0.5384615384615384
low_clip_control	0.76	0.2
low_clip_control	0.6666666666666666	0.3333333333333333
low_clip_control	0.8571428571428571	0.1428571428571428
low_clip_control	0.72	0.28
other	0.7777777777777778	0.1111111111111111
low_clip_control	0.2222222222222222	0.6666666666666666
low_clip_control	0.7058823529411765	0.2941176470588235
other	0.935483870967742	0.032258064516129
high_clip_target	0.5802469135802469	0.345679012345679
other	0.8571428571428571	0.1428571428571428
high_clip_target	0.0909090909090909	0.5454545454545454
other	0.696969696969697	0.1818181818181818
other	0.9230769230769232	0.0769230769230769
low_clip_control	0.875	0.125
low_clip_control	0.8235294117647058	0.1176470588235294
low_clip_control	0.6666666666666666	0.25
low_clip_control	0.9753086419753086	0.0123456790123456
low_clip_control	0.9	0.1
other	0.8157894736842105	0.1842105263157894
low_clip_control	0.5862068965517241	0.396551724137931
low_clip_control	0.4285714285714285	0.5714285714285714
low_clip_control	0.0714285714285714	0.9285714285714286
other	0.0909090909090909	0.6818181818181818
low_clip_control	0.7647058823529411	0.1176470588235294
other	0.4259259259259259	0.5370370370370371
functional_target	0.3333333333333333	0.5
other	0.9292929292929292	0.0606060606060606
other	0.1052631578947368	0.7894736842105263
low_clip_control	0.2222222222222222	0.7222222222222222
low_clip_control	0.7	0.3
other	0.7936507936507936	0.1904761904761904
low_clip_control	0.4848484848484848	0.5151515151515151
low_clip_control	0.6190476190476191	0.2857142857142857
functional_target	0.4666666666666667	0.5333333333333333
low_clip_control	0.4615384615384615	0.0769230769230769
low_clip_control	0.4285714285714285	0.1428571428571428
low_clip_control	0.8333333333333334	0.1666666666666666
other	0.2631578947368421	0.7368421052631579
other	0.5925925925925926	0.2037037037037037
low_clip_control	0.5454545454545454	0.1818181818181818
other	0.8382352941176471	0.1470588235294117
other	0.6896551724137931	0.2068965517241379
low_clip_control	0.9	0.05
low_clip_control	0.5	0.4090909090909091
low_clip_control	0.8823529411764706	0.0588235294117647
other	0.3720930232558139	0.4418604651162791
other	0.6764705882352942	0.2941176470588235
other	0.3720930232558139	0.627906976744186
low_clip_control	0.2105263157894736	0.7368421052631579
other	0.6875	0.3125
other	0.8695652173913043	0.0869565217391304
low_clip_control	0.88	0.0
other	0.5625	0.375
low_clip_control	0.3170731707317073	0.6829268292682927
other	0.4	0.5692307692307692
other	0.5263157894736842	0.4473684210526316
functional_target	0.9746835443037974	0.0126582278481012
low_clip_control	0.5	0.5
other	0.46875	0.5
other	0.7777777777777778	0.2222222222222222
functional_target	0.16	0.84
other	0.3461538461538461	0.6538461538461539
other	0.5714285714285714	0.2857142857142857
other	0.6976744186046512	0.2325581395348837
other	0.1904761904761904	0.7142857142857143
other	0.65	0.325
low_clip_control	0.625	0.375
high_clip_target	0.8625	0.0625
low_clip_control	0.25	0.625
low_clip_control	0.2916666666666667	0.6666666666666666
high_clip_target	0.3783783783783784	0.5945945945945946
low_clip_control	0.7777777777777778	0.0
other	0.5238095238095238	0.4761904761904761
other	0.6363636363636364	0.3636363636363636
other	0.3448275862068966	0.4827586206896552
low_clip_control	0.75	0.0
high_clip_target	0.6666666666666666	0.3333333333333333
high_clip_target	0.5254237288135594	0.4406779661016949
low_clip_control	0.4666666666666667	0.0
low_clip_control	0.625	0.375
other	0.4	0.5
other	0.2307692307692307	0.7692307692307693
high_clip_target	0.9711111111111111	0.0177777777777777
low_clip_control	0.7	0.2
other	0.4166666666666667	0.5416666666666666
other	0.9	0.1
other	0.3636363636363636	0.6136363636363636
low_clip_control	0.8918918918918919	0.054054054054054
low_clip_control	0.4358974358974359	0.358974358974359
low_clip_control	0.7894736842105263	0.2105263157894736
low_clip_control	0.7142857142857143	0.238095238095238
low_clip_control	0.8	0.2
high_clip_target	0.9558823529411764	0.0220588235294117
other	0.1666666666666666	0.4166666666666667
low_clip_control	0.4347826086956521	0.5652173913043478
low_clip_control	0.925925925925926	0.074074074074074
functional_target	0.1739130434782608	0.8043478260869565
other	0.2727272727272727	0.6666666666666666
low_clip_control	1.0	0.0
low_clip_control	0.9375	0.0625
other	0.6875	0.1875
other	0.8288288288288288	0.1711711711711711
low_clip_control	0.3846153846153846	0.5897435897435898
low_clip_control	0.8181818181818182	0.0909090909090909
low_clip_control	0.28	0.68
other	0.25	0.75
high_clip_target	0.3	0.6
low_clip_control	0.8636363636363636	0.0909090909090909
other	0.6153846153846154	0.1538461538461538
other	0.3809523809523809	0.5714285714285714
low_clip_control	0.3571428571428571	0.3571428571428571
functional_target	0.6956521739130435	0.2608695652173913
low_clip_control	0.3157894736842105	0.5263157894736842
low_clip_control	0.3333333333333333	0.3333333333333333
low_clip_control	0.375	0.53125
other	0.4	0.6
other	0.52	0.48
high_clip_target	0.2093023255813953	0.7906976744186046
low_clip_control	0.7419354838709677	0.1935483870967742
other	0.8	0.1636363636363636
other	0.4805194805194805	0.4675324675324675
low_clip_control	0.475	0.45
other	1.0	0.0
low_clip_control	0.8947368421052632	0.1052631578947368
other	0.2608695652173913	0.6521739130434783
other	0.3962264150943396	0.5660377358490566
low_clip_control	0.7037037037037037	0.1481481481481481
low_clip_control	0.5	0.5
other	0.8709677419354839	0.0967741935483871
low_clip_control	0.8461538461538461	0.0769230769230769
other	0.0	1.0
low_clip_control	0.7	0.1
other	0.3529411764705882	0.5588235294117647
functional_target	0.6666666666666666	0.3333333333333333
other	0.6428571428571429	0.3214285714285714
low_clip_control	0.813953488372093	0.1627906976744186
low_clip_control	0.8736842105263158	0.1263157894736842
low_clip_control	0.3076923076923077	0.5384615384615384
low_clip_control	0.8888888888888888	0.1111111111111111
low_clip_control	0.6666666666666666	0.3333333333333333
other	0.4642857142857143	0.5
low_clip_control	0.7096774193548387	0.2580645161290322
low_clip_control	0.8	0.2
low_clip_control	0.5576923076923077	0.2692307692307692
low_clip_control	0.7297297297297297	0.2162162162162162
low_clip_control	0.7777777777777778	0.1111111111111111
low_clip_control	0.2333333333333333	0.6666666666666666
other	0.5769230769230769	0.3461538461538461
low_clip_control	0.5	0.375
low_clip_control	0.5087719298245614	0.3684210526315789
functional_target	0.5416666666666666	0.375
low_clip_control	0.3076923076923077	0.6538461538461539
high_clip_target	0.4594594594594595	0.5405405405405406
low_clip_control	0.6	0.4
low_clip_control	0.8235294117647058	0.0
low_clip_control	0.7	0.0
other	0.5952380952380952	0.3571428571428571
other	0.1578947368421052	0.8421052631578947
other	0.4	0.55
other	0.5833333333333334	0.3333333333333333
low_clip_control	0.6363636363636364	0.3636363636363636
low_clip_control	0.2857142857142857	0.6785714285714286
low_clip_control	0.7924528301886793	0.1698113207547169
other	0.2777777777777778	0.5555555555555556
other	1.0	0.0
other	0.9230769230769232	0.0769230769230769
other	0.3333333333333333	0.6111111111111112
low_clip_control	0.7142857142857143	0.1904761904761904
other	0.4705882352941176	0.2941176470588235
functional_target	0.375	0.4375
high_clip_target	0.4358974358974359	0.5384615384615384
other	0.75	0.1666666666666666
other	0.2727272727272727	0.7272727272727273
low_clip_control	0.303030303030303	0.5454545454545454
other	0.78125	0.0625
other	0.3076923076923077	0.5769230769230769
other	0.8163265306122449	0.1632653061224489
low_clip_control	0.7333333333333333	0.2666666666666666
other	0.6666666666666666	0.2222222222222222
high_clip_target	0.0	0.3333333333333333
other	0.6666666666666666	0.1428571428571428
low_clip_control	0.8	0.2
low_clip_control	0.9230769230769232	0.0384615384615384
low_clip_control	0.5	0.5
other		
high_clip_target	0.5185185185185185	0.4444444444444444
low_clip_control	0.3571428571428571	0.5714285714285714
low_clip_control	0.875	0.0
other	0.6	0.4
low_clip_control	0.2857142857142857	0.7142857142857143
other	0.6818181818181818	0.3181818181818182
low_clip_control	0.9655172413793104	0.0344827586206896
other	0.5625	0.25
low_clip_control	0.9411764705882352	0.0
low_clip_control	0.625	0.1875
high_clip_target	0.5454545454545454	0.3636363636363636
low_clip_control	0.7647058823529411	0.2352941176470588
low_clip_control	0.5789473684210527	0.3684210526315789
low_clip_control	0.5	0.375
other	1.0	0.0
low_clip_control	0.8823529411764706	0.0588235294117647
low_clip_control	0.2666666666666666	0.6666666666666666
other	0.576271186440678	0.3728813559322034
other	0.1739130434782608	0.7391304347826086
low_clip_control	0.85	0.1
low_clip_control	0.4	0.2
low_clip_control	0.3333333333333333	0.4666666666666667
low_clip_control	0.5833333333333334	0.4166666666666667
other	0.3548387096774194	0.6129032258064516
other	0.2666666666666666	0.4
other	0.2051282051282051	0.7948717948717948
other	0.303030303030303	0.4545454545454545
low_clip_control	0.9629629629629628	0.037037037037037
low_clip_control	0.6666666666666666	0.2222222222222222
other	1.0	0.0
functional_target	0.75	0.25
other	0.4756097560975609	0.524390243902439
low_clip_control	0.5714285714285714	0.0
other	0.5	0.5
low_clip_control	0.75	0.2272727272727272
high_clip_target	0.6	0.15
low_clip_control	0.5	0.4375
low_clip_control	0.7741935483870968	0.1935483870967742
other	0.5294117647058824	0.4705882352941176
low_clip_control	0.6428571428571429	0.3571428571428571
other	0.2580645161290322	0.6774193548387096
other	0.6617647058823529	0.3235294117647059
low_clip_control	0.4545454545454545	0.3636363636363636
low_clip_control	0.2285714285714285	0.6857142857142857
other	0.0410958904109589	0.9452054794520548
other	0.125	0.75
other	1.0	0.0
other	0.2	0.8
low_clip_control	0.9829059829059827	0.017094017094017
other	0.4761904761904761	0.3809523809523809
other	1.0	0.0
low_clip_control	0.7777777777777778	0.0
other	0.2727272727272727	0.4545454545454545
low_clip_control	0.8085106382978723	0.1702127659574468
high_clip_target	0.5357142857142857	0.3928571428571428
other	0.1612903225806451	0.8387096774193549
other	1.0	0.0
low_clip_control	0.5	0.4722222222222222
other	0.5714285714285714	0.0714285714285714
low_clip_control	0.5625	0.25
low_clip_control	0.7272727272727273	0.1818181818181818
other	0.5	0.3181818181818182
other	0.6	0.4
other	0.6129032258064516	0.1290322580645161
low_clip_control	0.627906976744186	0.0465116279069767
low_clip_control	0.7714285714285715	0.0571428571428571
other	0.7142857142857143	0.2857142857142857
high_clip_target	0.3684210526315789	0.631578947368421
low_clip_control	0.4634146341463415	0.3902439024390244
low_clip_control	0.0909090909090909	0.8181818181818182
low_clip_control	0.9714285714285714	0.0285714285714285
low_clip_control	0.3333333333333333	0.5833333333333334
other	0.0952380952380952	0.9047619047619048
other	0.4285714285714285	0.0
other	0.1875	0.8125
other	0.4444444444444444	0.5555555555555556
high_clip_target	0.3888888888888889	0.5555555555555556
functional_target	0.7	0.3
functional_target	0.8	0.1
low_clip_control	0.4210526315789473	0.4736842105263157
low_clip_control	0.6875	0.0625
low_clip_control	0.7	0.1
high_clip_target	0.375	0.375
low_clip_control	1.0	0.0
low_clip_control	1.0	0.0
low_clip_control	0.8571428571428571	0.0
low_clip_control	0.4545454545454545	0.2727272727272727
other	0.6111111111111112	0.3888888888888889
other	0.625	0.375
low_clip_control	0.9454545454545454	0.0545454545454545
other	0.3636363636363636	0.5
low_clip_control	0.4736842105263157	0.3684210526315789
low_clip_control	0.4166666666666667	0.5833333333333334
low_clip_control	0.45	0.45
other	0.0	0.0
other	0.9	0.1
low_clip_control	0.3513513513513513	0.6486486486486487
high_clip_target	1.0	0.0
other	0.6666666666666666	0.1111111111111111
functional_target	0.2567567567567567	0.7432432432432432
low_clip_control	0.6666666666666666	0.3333333333333333
low_clip_control	0.2	0.75
other	0.7777777777777778	0.1111111111111111
other	0.5333333333333333	0.4
functional_target	0.3823529411764705	0.5588235294117647
low_clip_control	0.8	0.0
low_clip_control	0.24	0.72
low_clip_control	0.6363636363636364	0.3636363636363636
low_clip_control	0.4444444444444444	0.2222222222222222
other	0.9655172413793104	0.0344827586206896
other	0.3333333333333333	0.6190476190476191
low_clip_control	0.9090909090909092	0.0
other	0.3846153846153846	0.3076923076923077
low_clip_control	0.8181818181818182	0.1818181818181818
high_clip_target	0.1388888888888889	0.75
low_clip_control	0.6666666666666666	0.2857142857142857
low_clip_control	0.5294117647058824	0.4117647058823529
functional_target	0.6	0.3
functional_target	0.1904761904761904	0.8095238095238095
other	0.5454545454545454	0.4318181818181818
low_clip_control	0.7857142857142857	0.1428571428571428
low_clip_control	0.5789473684210527	0.4210526315789473
other	0.8666666666666667	0.1333333333333333
other	0.2580645161290322	0.7419354838709677
low_clip_control	1.0	0.0
low_clip_control	0.3571428571428571	0.5
other	0.6	0.3333333333333333
high_clip_target	1.0	0.0
other	0.52	0.24
other	0.2	0.48
low_clip_control	0.1428571428571428	0.8367346938775511
other	0.7368421052631579	0.2631578947368421
other	0.2615384615384615	0.7384615384615385
low_clip_control	0.6	0.2
low_clip_control	0.5	0.1666666666666666
low_clip_control	0.9473684210526316	0.0526315789473684
other	0.7045454545454546	0.2272727272727272
other	0.4666666666666667	0.2666666666666666
other	0.8421052631578947	0.1578947368421052
low_clip_control	0.4545454545454545	0.2727272727272727
low_clip_control	0.8333333333333334	0.0
other	0.9166666666666666	0.0833333333333333
other	0.4	0.56
low_clip_control	0.5217391304347826	0.3478260869565217
other	0.6666666666666666	0.1212121212121212
high_clip_target	0.7777777777777778	0.1728395061728395
low_clip_control	0.8125	0.0625
low_clip_control	0.4117647058823529	0.5294117647058824
low_clip_control	0.3333333333333333	0.6222222222222222
low_clip_control	0.8181818181818182	0.0454545454545454
low_clip_control	0.5714285714285714	0.4285714285714285
other	0.2765957446808511	0.723404255319149
low_clip_control	0.0833333333333333	0.0
low_clip_control	0.44	0.56
other	0.4285714285714285	0.5714285714285714
other	0.1333333333333333	0.8666666666666667
low_clip_control	0.4	0.6
low_clip_control	0.9230769230769232	0.0769230769230769
low_clip_control	0.6666666666666666	0.2666666666666666
other	0.4375	0.5
low_clip_control	0.7073170731707317	0.2926829268292683
other	0.5882352941176471	0.4117647058823529
other	0.0	0.8181818181818182
low_clip_control	0.9897959183673468	0.0
low_clip_control	0.4782608695652174	0.5217391304347826
other	0.59375	0.34375
low_clip_control	0.6	0.36
low_clip_control	0.3636363636363636	0.5909090909090909
low_clip_control	0.9090909090909092	0.0909090909090909
low_clip_control	0.5428571428571428	0.3428571428571428
other	0.4230769230769231	0.5384615384615384
other	0.6153846153846154	0.3461538461538461
other	0.0689655172413793	0.896551724137931
low_clip_control	0.1111111111111111	0.7777777777777778
functional_target	0.7049180327868853	0.2622950819672131
other	0.1071428571428571	0.8214285714285714
low_clip_control	1.0	0.0
high_clip_target	1.0	0.0
other	0.1481481481481481	0.7777777777777778
other	0.6764705882352942	0.2941176470588235
other	0.3658536585365853	0.5853658536585366
low_clip_control	0.8235294117647058	0.1764705882352941
low_clip_control	0.4444444444444444	0.3333333333333333
high_clip_target	0.4629629629629629	0.5
low_clip_control	0.8333333333333334	0.125
high_clip_target	0.8666666666666667	0.0666666666666666
other	0.4	0.6
other	0.1	0.3
other	0.25	0.75
other	0.3333333333333333	0.5833333333333334
other	0.6363636363636364	0.1818181818181818
low_clip_control	0.1764705882352941	0.7058823529411765
low_clip_control	0.8695652173913043	0.1304347826086956
low_clip_control	0.8666666666666667	0.0
low_clip_control	0.7380952380952381	0.2619047619047619
low_clip_control	1.0	0.0
other	0.2	0.4666666666666667
other	0.6571428571428571	0.3285714285714285
low_clip_control	0.6923076923076923	0.2307692307692307
low_clip_control	0.1304347826086956	0.391304347826087
low_clip_control	0.9473684210526316	0.0
other	0.8	0.0
other	0.3617021276595745	0.574468085106383
low_clip_control	0.4878048780487805	0.3658536585365853
other	0.1066666666666666	0.8933333333333333
other	0.9493670886075948	0.0253164556962025
low_clip_control	0.9090909090909092	0.0909090909090909
low_clip_control	0.7	0.0
low_clip_control	0.2962962962962963	0.5925925925925926
other	0.09375	0.46875
low_clip_control	0.5833333333333334	0.3333333333333333
other	0.75	0.25
other	0.4318181818181818	0.5
functional_target	0.75	0.125
other	0.2205882352941176	0.75
low_clip_control	0.4642857142857143	0.5
high_clip_target	0.3896103896103896	0.6103896103896104
low_clip_control	0.5384615384615384	0.4102564102564102
other	0.4210526315789473	0.2631578947368421
low_clip_control	0.4285714285714285	0.4761904761904761
functional_target	0.2040816326530612	0.7959183673469388
low_clip_control	0.3	0.5
other	0.5789473684210527	0.3157894736842105
low_clip_control	1.0	0.0
low_clip_control	0.3846153846153846	0.6153846153846154
low_clip_control	0.8307692307692308	0.1384615384615384
high_clip_target	0.8571428571428571	0.0952380952380952
low_clip_control	0.9393939393939394	0.0606060606060606
high_clip_target	0.3333333333333333	0.6666666666666666
functional_target	0.2105263157894736	0.7368421052631579
high_clip_target	0.6428571428571429	0.2857142857142857
low_clip_control	0.75	0.25
functional_target	0.1428571428571428	0.8571428571428571
other	0.8823529411764706	0.1176470588235294
low_clip_control	0.6	0.4
low_clip_control	0.6	0.2
other	0.3877551020408163	0.5102040816326531
other	0.4285714285714285	0.4285714285714285
other	0.5357142857142857	0.4285714285714285
other	0.5833333333333334	0.4166666666666667
low_clip_control	0.5625	0.25
low_clip_control	0.7307692307692307	0.1923076923076923
low_clip_control	0.0983606557377049	0.8688524590163934
low_clip_control	0.6666666666666666	0.2222222222222222
other		
low_clip_control	0.9	0.1
low_clip_control	0.5	0.25
low_clip_control	0.5238095238095238	0.3809523809523809
low_clip_control	0.037037037037037	0.074074074074074
other	0.9285714285714286	0.0
low_clip_control	0.1714285714285714	0.7714285714285715
other	0.782608695652174	0.217391304347826
low_clip_control	0.5	0.375
functional_target	0.6666666666666666	0.2666666666666666
low_clip_control	0.4444444444444444	0.3333333333333333
low_clip_control	0.4838709677419355	0.0967741935483871
other	0.2285714285714285	0.7142857142857143
other	0.4375	0.3125
high_clip_target	0.5555555555555556	0.2222222222222222
high_clip_target	0.5	0.0
other	0.8461538461538461	0.0769230769230769
low_clip_control	0.75	0.0
other	0.4285714285714285	0.4285714285714285
other	0.5555555555555556	0.3333333333333333
other	0.1159420289855072	0.8695652173913043
other	0.7021276595744681	0.2978723404255319
low_clip_control	0.8235294117647058	0.1764705882352941
low_clip_control	0.6666666666666666	0.1666666666666666
low_clip_control	0.7777777777777778	0.1111111111111111
low_clip_control	0.5882352941176471	0.4117647058823529
low_clip_control	0.0	0.5
other	0.2857142857142857	0.4285714285714285
other	0.0454545454545454	0.8636363636363636
other	0.5263157894736842	0.4736842105263157
low_clip_control	0.1764705882352941	0.8235294117647058
low_clip_control	0.7083333333333334	0.25
high_clip_target	0.4716981132075472	0.490566037735849
low_clip_control	0.3333333333333333	0.3333333333333333
low_clip_control	0.8888888888888888	0.1111111111111111
other	0.3846153846153846	0.5
other	0.1304347826086956	0.8695652173913043
other	0.7923076923076923	0.1769230769230769
low_clip_control	0.5853658536585366	0.3658536585365853
other	0.375	0.0
low_clip_control	1.0	0.0
low_clip_control	0.7142857142857143	0.2857142857142857
other	0.3636363636363636	0.5454545454545454
other	0.15625	0.6875
low_clip_control	0.8076923076923077	0.1153846153846153
low_clip_control	0.5833333333333334	0.1666666666666666
low_clip_control	0.9705882352941176	0.0294117647058823
low_clip_control	0.979591836734694	0.0204081632653061
low_clip_control	0.5925925925925926	0.3333333333333333
low_clip_control	1.0	0.0
low_clip_control	0.1607142857142857	0.7678571428571429
low_clip_control	0.7272727272727273	0.2727272727272727
low_clip_control	0.5	0.5
low_clip_control	0.375	0.375
other	0.46875	0.375
low_clip_control	0.8181818181818182	0.1363636363636363
low_clip_control	0.42	0.58
low_clip_control	0.3333333333333333	0.6666666666666666
other	1.0	0.0
high_clip_target	0.5	0.5
other	1.0	0.0
low_clip_control	0.3333333333333333	0.6666666666666666
other	1.0	0.0
other	1.0	0.0
low_clip_control	1.0	0.0
high_clip_target	0.1333333333333333	0.8666666666666667
high_clip_target	0.3962264150943396	0.6037735849056604
high_clip_target	0.0909090909090909	0.9090909090909092
high_clip_target	0.53125	0.46875
other	0.4	0.6
low_clip_control	0.4285714285714285	0.5714285714285714
low_clip_control	0.1818181818181818	0.7272727272727273
low_clip_control	0.4090909090909091	0.5909090909090909
low_clip_control	0.4	0.45
other	1.0	0.0
other	0.3333333333333333	0.1666666666666666
low_clip_control	0.6666666666666666	0.1666666666666666
low_clip_control	0.7777777777777778	0.2222222222222222
low_clip_control	0.0526315789473684	0.7894736842105263
low_clip_control	0.9473684210526316	0.0526315789473684
other	0.71875	0.25
low_clip_control	0.75	0.0625
other	0.3793103448275862	0.5517241379310345
other	0.875	0.125
low_clip_control	0.3823529411764705	0.6176470588235294
other	0.4705882352941176	0.4705882352941176
high_clip_target	0.3636363636363636	0.2727272727272727
other	0.0	0.3333333333333333
other	0.8076923076923077	0.1153846153846153
low_clip_control	0.7619047619047619	0.238095238095238
low_clip_control	0.4	0.5666666666666667
other	0.6666666666666666	0.2
other	0.5428571428571428	0.3142857142857143
low_clip_control	0.6481481481481481	0.3518518518518518
other	0.3333333333333333	0.6666666666666666
other	0.2666666666666666	0.5333333333333333
low_clip_control	0.9823529411764704	0.0
other	1.0	0.0
low_clip_control	0.6923076923076923	0.0
low_clip_control	0.2352941176470588	0.4705882352941176
low_clip_control	0.9090909090909092	0.0909090909090909
other	0.28	0.64
other	0.6	0.4
low_clip_control	0.75	0.25
low_clip_control	0.4545454545454545	0.4545454545454545
other	0.375	0.5
low_clip_control	0.4444444444444444	0.0
other	0.4545454545454545	0.4545454545454545
low_clip_control	0.6111111111111112	0.2777777777777778
low_clip_control	0.2222222222222222	0.7222222222222222
low_clip_control	0.9	0.1
low_clip_control	0.3181818181818182	0.5909090909090909
other	0.5555555555555556	0.3333333333333333
other	0.3333333333333333	0.5925925925925926
high_clip_target	0.5	0.5
low_clip_control	0.3333333333333333	0.5
low_clip_control	0.4210526315789473	0.4736842105263157
other	1.0	0.0
high_clip_target	0.5	0.0
low_clip_control	1.0	0.0
low_clip_control	0.8333333333333334	0.1666666666666666
other	0.6666666666666666	0.0
other	0.5633802816901409	0.4084507042253521
other	0.4444444444444444	0.4444444444444444
other	0.4444444444444444	0.1111111111111111
low_clip_control	0.9090909090909092	0.0303030303030303
other	0.875	0.125
low_clip_control	0.5384615384615384	0.3846153846153846
low_clip_control	0.7037037037037037	0.2592592592592592
low_clip_control	0.25	0.6666666666666666
other	0.391304347826087	0.6086956521739131
low_clip_control	1.0	0.0
low_clip_control	0.7857142857142857	0.2142857142857142
low_clip_control	0.2222222222222222	0.7777777777777778
other	0.3333333333333333	0.0
functional_target	0.2962962962962963	0.5555555555555556
low_clip_control	0.8888888888888888	0.0555555555555555
low_clip_control	1.0	0.0
low_clip_control	0.1176470588235294	0.8823529411764706
low_clip_control	1.0	0.0
other	0.2	0.7
low_clip_control	0.064516129032258	0.1935483870967742
low_clip_control	0.0555555555555555	0.9444444444444444
other	0.5	0.4166666666666667
low_clip_control	1.0	0.0
other	0.7692307692307693	0.2307692307692307
low_clip_control	0.56	0.4
other	0.125	0.0625
low_clip_control	0.3448275862068966	0.6206896551724138
low_clip_control	0.9565217391304348	0.0434782608695652
other	0.2777777777777778	0.5555555555555556
low_clip_control	0.7978723404255319	0.202127659574468
other	0.2142857142857142	0.7857142857142857
other	0.8660714285714286	0.125
other	0.7333333333333333	0.0
other	0.2222222222222222	0.2222222222222222
other	0.6666666666666666	0.0
other	0.2727272727272727	0.7272727272727273
low_clip_control	0.4285714285714285	0.4857142857142857
low_clip_control	0.2	0.8
low_clip_control	0.3333333333333333	0.3333333333333333
other	0.1153846153846153	0.8076923076923077
other	0.8461538461538461	0.1153846153846153
low_clip_control	1.0	0.0
low_clip_control	0.0	0.0
functional_target		
low_clip_control	0.0	0.5
low_clip_control	0.375	0.125
other	0.4626865671641791	0.4626865671641791
other	0.375	0.625
low_clip_control	0.0714285714285714	0.7857142857142857
other	0.4444444444444444	0.4444444444444444
other	0.217391304347826	0.7391304347826086
low_clip_control	0.2807017543859649	0.6491228070175439
low_clip_control	0.4	0.5333333333333333
functional_target	0.2873563218390804	0.6781609195402298
low_clip_control	0.5	0.4285714285714285
other	0.4358974358974359	0.4871794871794871
low_clip_control	0.9166666666666666	0.0
low_clip_control	0.0	0.7777777777777778
low_clip_control	0.7894736842105263	0.2105263157894736
other	1.0	0.0
low_clip_control	0.7	0.0
other	0.625	0.3125
low_clip_control	1.0	0.0
other	0.0	1.0
low_clip_control	0.5789473684210527	0.2631578947368421
other	0.4313725490196078	0.4901960784313725
other	0.56	0.42
low_clip_control	0.4	0.6
other	0.4333333333333333	0.5444444444444444
other	0.7	0.28
low_clip_control	0.6153846153846154	0.2307692307692307
low_clip_control	0.75	0.125
low_clip_control	0.78125	0.1875
other	0.9714285714285714	0.0
other	0.15	0.85
low_clip_control	0.8333333333333334	0.1666666666666666
other	0.625	0.25
low_clip_control	0.8	0.2
functional_target	0.1447368421052631	0.8157894736842105
low_clip_control	0.5454545454545454	0.2727272727272727
other	0.75	0.125
other	0.6666666666666666	0.2307692307692307
high_clip_target	0.5	0.4444444444444444
low_clip_control	0.2631578947368421	0.631578947368421
low_clip_control	0.8	0.2
other	1.0	0.0
low_clip_control	0.9310344827586208	0.0689655172413793
low_clip_control	0.8571428571428571	0.0
low_clip_control	1.0	0.0
other	0.3125	0.5625
other	0.1621621621621621	0.8378378378378378
low_clip_control	0.1428571428571428	0.7142857142857143
low_clip_control	1.0	0.0
other	0.0571428571428571	0.7714285714285715
other	0.625	0.125
other	0.4782608695652174	0.5217391304347826
other	0.3333333333333333	0.6666666666666666
high_clip_target	1.0	0.0
low_clip_control	0.0909090909090909	0.8787878787878788
other	0.054054054054054	0.945945945945946
other	0.4285714285714285	0.5714285714285714
low_clip_control	0.8469387755102041	0.1428571428571428
other	0.5714285714285714	0.2857142857142857
low_clip_control	0.8	0.05
other	0.2183908045977011	0.7816091954022989
low_clip_control	0.5714285714285714	0.2857142857142857
other	0.6153846153846154	0.2307692307692307
low_clip_control	0.9230769230769232	0.0
functional_target	0.2777777777777778	0.7222222222222222
low_clip_control	0.375	0.375
high_clip_target	0.5714285714285714	0.4285714285714285
other	0.1923076923076923	0.6538461538461539
low_clip_control	0.1111111111111111	0.6666666666666666
other	0.0714285714285714	0.6428571428571429
other	0.375	0.5
high_clip_target	0.2037037037037037	0.7962962962962963
low_clip_control	0.4444444444444444	0.4444444444444444
functional_target	0.9	0.1
low_clip_control	0.1818181818181818	0.7727272727272727
other	0.2333333333333333	0.7666666666666667
low_clip_control	0.1739130434782608	0.782608695652174
other	0.4	0.6
low_clip_control	0.7	0.2
other	0.2	0.72
other	1.0	0.0
low_clip_control	0.4	0.4
other	0.4782608695652174	0.3043478260869565
low_clip_control	0.9166666666666666	0.0833333333333333
low_clip_control	0.4615384615384615	0.5384615384615384
low_clip_control	0.4545454545454545	0.1818181818181818
low_clip_control	0.8888888888888888	0.0
low_clip_control	0.4545454545454545	0.1818181818181818
low_clip_control	1.0	0.0
high_clip_target	0.2244897959183673	0.7551020408163265
other	0.4444444444444444	0.5555555555555556
other	0.7142857142857143	0.0
low_clip_control	0.5714285714285714	0.1428571428571428
other	1.0	0.0
other	0.2710280373831775	0.5981308411214953
low_clip_control	0.5714285714285714	0.4
other	0.9682539682539684	0.0
high_clip_target	0.1466666666666666	0.84
low_clip_control	0.4473684210526316	0.5263157894736842
functional_target	0.0277777777777777	0.9722222222222222
other	1.0	0.0
low_clip_control	0.7631578947368421	0.2368421052631578
other	0.0	1.0
other	0.4285714285714285	0.5238095238095238
high_clip_target	0.5	0.4
low_clip_control	0.1111111111111111	0.75
other	0.5	0.0714285714285714
other	0.4418604651162791	0.5581395348837209
low_clip_control	0.3333333333333333	0.6666666666666666
other	1.0	0.0
other	0.4186046511627907	0.5813953488372093
other	1.0	0.0
other	0.7307692307692307	0.1153846153846153
low_clip_control	0.4642857142857143	0.5
other	0.3809523809523809	0.5238095238095238
other	0.85	0.125
other	0.2692307692307692	0.7307692307692307
low_clip_control	0.5	0.25
other	1.0	0.0
low_clip_control	1.0	0.0
low_clip_control	0.3684210526315789	0.631578947368421
high_clip_target	0.6	0.1
low_clip_control		
high_clip_target	1.0	0.0
other	0.7865168539325843	0.1685393258426966
low_clip_control	0.3333333333333333	0.6666666666666666
other	0.0408163265306122	0.9591836734693876
low_clip_control	0.1818181818181818	0.8181818181818182
other	0.625	0.34375
low_clip_control	0.5	0.25
low_clip_control	0.088235294117647	0.8823529411764706
high_clip_target	0.2571428571428571	0.6857142857142857
low_clip_control	0.4	0.4
other	0.3333333333333333	0.4242424242424242
other	0.75	0.125
high_clip_target	0.0909090909090909	0.2727272727272727
low_clip_control	0.4242424242424242	0.5151515151515151
other	0.15	0.8
low_clip_control	0.4324324324324324	0.5675675675675675
low_clip_control	0.3076923076923077	0.6153846153846154
other	0.44	0.54
other	0.3684210526315789	0.5526315789473685
low_clip_control	1.0	0.0
other	0.1176470588235294	0.8235294117647058
low_clip_control	0.75	0.0
low_clip_control	0.5555555555555556	0.4444444444444444
other	0.6666666666666666	0.3333333333333333
other	0.9420289855072465	0.0
other	0.1111111111111111	0.8148148148148148
low_clip_control	0.8387096774193549	0.1612903225806451
other	0.95	0.0
low_clip_control	0.6842105263157895	0.2631578947368421
other	0.3265306122448979	0.6326530612244898
high_clip_target	0.6666666666666666	0.0
other	0.6	0.0
other	0.125	0.84375
high_clip_target	0.2916666666666667	0.7083333333333334
high_clip_target	0.3333333333333333	0.6
other	0.1153846153846153	0.7692307692307693
other	0.3103448275862069	0.6551724137931034
low_clip_control	0.2972972972972973	0.5135135135135135
other	0.6818181818181818	0.1818181818181818
other	0.5	0.5
low_clip_control	0.1282051282051282	0.8461538461538461
low_clip_control	0.0576923076923076	0.4230769230769231
other	0.9375	0.0625
other	0.3846153846153846	0.2307692307692307
low_clip_control	0.5675675675675675	0.3513513513513513
high_clip_target	0.6557377049180327	0.2131147540983606
low_clip_control	1.0	0.0
low_clip_control	0.6	0.3714285714285714
low_clip_control	1.0	0.0
low_clip_control	0.6888888888888889	0.2888888888888888
other	0.5555555555555556	0.3333333333333333
low_clip_control	0.1428571428571428	0.7857142857142857
low_clip_control	0.3333333333333333	0.6666666666666666
other	0.7446808510638298	0.1914893617021276
low_clip_control	0.2619047619047619	0.6190476190476191
low_clip_control	0.7924528301886793	0.2075471698113207
low_clip_control	0.8260869565217391	0.0434782608695652
low_clip_control	0.0	1.0
other	0.6666666666666666	0.2592592592592592
low_clip_control	0.4761904761904761	0.238095238095238
low_clip_control	0.5	0.0
low_clip_control	0.7894736842105263	0.1052631578947368
low_clip_control	0.3333333333333333	0.5
low_clip_control	0.6666666666666666	0.3333333333333333
functional_target	0.4545454545454545	0.3636363636363636
other	0.0652173913043478	0.8695652173913043
other	0.7037037037037037	0.2592592592592592
low_clip_control	0.4090909090909091	0.5909090909090909
low_clip_control	1.0	0.0
low_clip_control	1.0	0.0
other	0.2941176470588235	0.7058823529411765
high_clip_target	0.3333333333333333	0.0
low_clip_control	0.5384615384615384	0.3846153846153846
other	0.44	0.44
low_clip_control	0.7142857142857143	0.2857142857142857
low_clip_control	0.32	0.64
low_clip_control	0.8888888888888888	0.0
low_clip_control	0.0	1.0
low_clip_control	0.2	0.8
low_clip_control	0.7058823529411765	0.2941176470588235
other	0.4444444444444444	0.4444444444444444
low_clip_control	0.6111111111111112	0.0555555555555555
other	0.5	0.3846153846153846
low_clip_control	0.2222222222222222	0.5555555555555556
low_clip_control	0.75	0.125
low_clip_control	0.7777777777777778	0.1111111111111111
low_clip_control	0.875	0.0625
other	0.0317460317460317	0.746031746031746
low_clip_control	0.3333333333333333	0.3333333333333333
other	0.4137931034482758	0.5517241379310345
functional_target	0.0063694267515923	0.9681528662420382
low_clip_control	0.6666666666666666	0.3333333333333333
other	0.3529411764705882	0.1176470588235294
other	0.32	0.64
low_clip_control	0.8181818181818182	0.0909090909090909
other	0.8	0.2
low_clip_control	0.9375	0.0625
functional_target	0.4761904761904761	0.4761904761904761
other	0.4615384615384615	0.4615384615384615
other	0.9866666666666668	0.0088888888888888
low_clip_control	0.7941176470588235	0.2058823529411764
low_clip_control	0.5625	0.375
other	0.9262295081967212	0.0163934426229508
low_clip_control	0.6	0.4
